date,garch_vol_BTC-USD,garch_vol_ETH-USD,garch_vol_^GSPC,garch_vol_^GSPTSE,garch_vol_^HSI,garch_vol_^BVSP,garch_vol_^AXJO,garch_vol_^NSEI,garch_vol_GC=F,garch_vol_USDINR=X
2019-02-08,,,,,,,,,,
2019-02-11,0.03922865143787228,0.06015892123369276,0.008673143601316926,0.010736696088155903,0.01057027847762126,0.018536426220200304,0.018593822656708597,0.008238545623379386,0.01101919928012076,0.004864426847569361
2019-02-12,0.0434321702204942,0.06332962876693678,0.008211981542120696,0.01607976565563828,0.010450356122407104,0.017821146905084226,0.0274678534807967,0.009584655143931243,0.011109954043079039,0.00515742713775049
2019-02-14,0.042724885898968,0.06255167203770687,0.010505005509675383,0.014494005441841738,0.01035207220053256,0.02068387397463531,0.02485009549929156,0.009110433250098703,0.010971314146941665,0.005036411233936639
2019-02-15,0.0426204543673732,0.062491954228709394,0.01009318482759552,0.013569180441295648,0.010297000479025835,0.020195384364094262,0.0246144466667911,0.009282796384811146,0.010718929236773951,0.004971869356430628
2019-02-19,0.041523212483321095,0.06080180955263951,0.01063934229071774,0.013032848709650624,0.011581884925262263,0.0197671813273243,0.02217997184662103,0.009070658613689947,0.01077625401354726,0.00491181795654268
2019-02-20,0.04774687420440582,0.07294804254995822,0.010467209674474485,0.012058330022190793,0.0131539390351157,0.019331348426870183,0.019892344310524515,0.008723277887932347,0.012138523969218148,0.005615253725239819
2019-02-21,0.04642637923754766,0.07079504499596292,0.009881759372888441,0.011049182981548193,0.012903320453259488,0.019216598207072035,0.018871093485928195,0.00981951269699167,0.011800792234783539,0.005422195257804559
2019-02-22,0.046301617476403975,0.07131216397486019,0.010164309862483362,0.011566101842999643,0.012560668833741781,0.018425660402136584,0.01706842224561959,0.00936161120178276,0.012533709413367596,0.005357632122256043
2019-02-25,0.04498344722843578,0.06915666523865395,0.00958046072461588,0.010563291602857223,0.012232797106963176,0.018548155814717932,0.015559856042717889,0.008910588781843977,0.012158660918653282,0.005160589661666045
2019-02-26,0.04595327956886926,0.07227026981902238,0.00908818298674389,0.010485826443790551,0.011924569301735799,0.018388033098204776,0.014878388447573873,0.008910959260508023,0.011866614242201125,0.0049816937712990035
2019-02-27,0.044912413001313364,0.07057699964297959,0.008602424915308448,0.009734080194381095,0.011894516479454349,0.01770939948253358,0.014724023843230094,0.008558974607309745,0.011532107510529249,0.004802371003807354
2019-02-28,0.04379257116388964,0.0690366964292862,0.008313183641048456,0.009358440868748675,0.011699491881839672,0.01712481299359848,0.01358474248034819,0.008309570098656434,0.011366065543203192,0.004636784513783867
2019-03-01,0.042606559355133265,0.06685906648789071,0.007894568481698469,0.008918863452410998,0.011471392876501547,0.017418977623485238,0.012907213715733577,0.00809534577773915,0.0110698597116149,0.004600570776148321
2019-03-06,0.04162011819087657,0.06508357374877605,0.0075236223430609995,0.008383449280190837,0.011247009858501612,0.016931711443770748,0.011922830289440349,0.00786016077232885,0.011488838067478612,0.004633766820184769
2019-03-07,0.040556539279148575,0.06303590257288808,0.008901718059337127,0.009369905941744382,0.011155372324464109,0.016318382720481823,0.011250099231216204,0.009623543796743066,0.011338858668016689,0.004453426017193294
2019-03-08,0.039668231345077805,0.061515119688940384,0.009897992671428836,0.008843403079518154,0.011917480143330755,0.01620157788712964,0.010540938982179879,0.009301146384297377,0.011081862199447014,0.004474121766631523
2019-03-11,0.038773209613368206,0.060337066956111095,0.009287998477484898,0.008473888880991433,0.01277887652091352,0.01677874692005216,0.01068269874027641,0.008857939579812539,0.01128189300340211,0.004364155161268693
2019-03-12,0.03803712209109231,0.05904686865333681,0.009225818684830125,0.008188077058790362,0.012439524633152127,0.016208298371772917,0.01175811833727245,0.008641332970708146,0.011312588801465311,0.004549691597308301
2019-03-13,0.03724078707245043,0.05735311316080255,0.008693064660289894,0.007975593171158837,0.012574744962739647,0.015604724538024115,0.011700325792594692,0.008826941482261897,0.011082911732533588,0.004395941519990393
2019-03-14,0.036462111046032135,0.05591175020782206,0.008709879548983583,0.007683732843572904,0.01227485256121548,0.015085318148120523,0.01095259793388404,0.008543690062604681,0.011106048277990992,0.004261360610329135
2019-03-15,0.035709238996995206,0.05436749605649664,0.008313389909305557,0.008668133026807894,0.011963029330936521,0.014634548226384637,0.01040837375937451,0.008241408133473346,0.011116236722725784,0.004097616162603773
2019-03-18,0.035001037724458756,0.05300972190470987,0.007896867346660237,0.008172233211324277,0.011684230344526047,0.014238767702204716,0.010056268385141225,0.007950189517830565,0.010857785471804056,0.004126874453105722
2019-03-19,0.034406375575116804,0.05158549111834742,0.007565750191321999,0.007782773599182355,0.011648201332380792,0.01384554042817896,0.00987901954504861,0.0077694838960360975,0.010658781229084575,0.004134397624707992
2019-03-20,0.03378211196309866,0.05025933999448608,0.0074876745492740105,0.008410787807952185,0.011448812796003014,0.01414114041495112,0.01002203421769842,0.00754104545380198,0.010419768949519605,0.004079442202188632
2019-03-22,0.0333010487286753,0.04898000959514909,0.007665803615651949,0.00842121060526996,0.011315227974854,0.013792495812897614,0.009861197477301097,0.007902380111579482,0.01038345579766487,0.00512393008913108
2019-03-25,0.033643191748419225,0.04897112998113263,0.009042636898763362,0.008560696624582469,0.011799189377048398,0.01944587997259373,0.009552500439446512,0.008705540143649151,0.010216358390942357,0.0050727626460234975
2019-03-26,0.03340311548038028,0.04807001596101852,0.008596390523880252,0.008379838625929885,0.012560625056586233,0.02105967149205303,0.00936711613843531,0.008602682212740784,0.010406601582265964,0.005048166802622474
2019-03-27,0.03284959823859896,0.04695115244085318,0.008270754665172126,0.007939377367991746,0.012224047877023797,0.02016078277923144,0.0094783861326097,0.00865201843388261,0.01035249022105806,0.004889423988618661
2019-03-28,0.033376290447365585,0.04711506740703763,0.007917570404703131,0.007742005195509957,0.012543480330958059,0.020386981068309606,0.009224303706743566,0.008377361319552041,0.010204809360037244,0.005271277534355437
2019-04-01,0.03294677768245205,0.04632862525274393,0.007612570050895225,0.007459212930276124,0.012205476271882012,0.025231899456584928,0.00985122691396998,0.008672735410151062,0.01056830024249556,0.00506416597567859
2019-04-02,0.032836573918229604,0.04535344715020111,0.010162317185663915,0.007189326726243573,0.014342028411649324,0.024092934804836985,0.009419108286783462,0.0087987816343976,0.010339978824621726,0.004892450552434547
2019-04-03,0.05433119183753783,0.05700470763216183,0.009644297805721461,0.007220120689768209,0.01383284235686939,0.0245419232569223,0.009044078514995587,0.008427252911661525,0.010126438028153262,0.0047501668002861075
2019-04-04,0.05257530225216897,0.0560073113857484,0.009113972075070873,0.007022905707678063,0.013512574969979478,0.023693118137638455,0.009240173086148282,0.008970778089356769,0.009947260714117391,0.004646312322214658
2019-04-08,0.051247497088977884,0.05514577126049583,0.008598171413988548,0.006842479823082332,0.013110484492885356,0.023583003496092166,0.011165534789251128,0.008789502889001722,0.009765736519788982,0.004464503729317394
2019-04-09,0.053264389018975136,0.0633154057464036,0.008900970752015314,0.008102680302228302,0.01293046611784045,0.023049841770592286,0.010553659440753588,0.008544601143294268,0.009997523796834011,0.004563592514850394
2019-04-10,0.05192233326820245,0.061927129852037105,0.00841899017653543,0.007862071153346355,0.012705641194971857,0.022318782286587933,0.009985297204121836,0.008971341516022933,0.01016929995860666,0.004754515614608874
2019-04-11,0.050325349363533896,0.06009734564943401,0.0080017766942222,0.007511302130559488,0.012533498586215101,0.021458462618097265,0.009750788406295507,0.009631048437188854,0.00997201811329929,0.004667632918747621
2019-04-12,0.05199313312720873,0.062438771966823875,0.007671781590927917,0.007339696806777508,0.012744033592185934,0.021339048786342567,0.010238641157072006,0.00915845799244946,0.010475135927317183,0.004491806286226063
2019-04-15,0.050340571828085566,0.06059146390075112,0.008244745758023801,0.00863969230744846,0.012527625474235287,0.020513940137204038,0.01159636064703762,0.009099432111347977,0.010373877481834225,0.0045397164535205935
2019-04-16,0.049035106518593115,0.05944428725330135,0.008089189615010229,0.0085042185889472,0.012419109019471719,0.01970943643174133,0.011639639793990656,0.008686736597537398,0.010235228593493765,0.004449166066322754
2019-04-18,0.048500222297040534,0.05851443626707919,0.008405673137050216,0.008939077823406374,0.01326620957658278,0.019804857110036257,0.011666499579794766,0.010090477900972804,0.010029953877008136,0.005128237597369135
2019-04-23,0.04704676025830024,0.05705272672418599,0.008460205003907616,0.008417880642201312,0.013309839543356954,0.019390732936074278,0.011396967901830812,0.010152179967970836,0.009907284144221451,0.005144444246419605
2019-04-24,0.04791814801355552,0.05555261651488312,0.010581607468640857,0.009109021850296273,0.013135749281938365,0.019698856996184046,0.013395337682268915,0.009873328900078417,0.009933415882834846,0.0056999696939906445
2019-04-26,0.047533922563035264,0.05549869715056009,0.010317199167629472,0.008714211785482172,0.013137767494484268,0.019576193759376616,0.012789886165830065,0.009712005569618973,0.009761286558122226,0.00558247165043208
2019-04-30,0.04744633574593477,0.05646316282210364,0.010225529826988898,0.009020284212186232,0.01274521788194241,0.020252765094326417,0.01304477860717923,0.00952826469298308,0.010120983854048582,0.005642585781865252
2019-05-02,0.04604036237071304,0.05521675137776913,0.00970877760129466,0.00934552521358534,0.0124050707130584,0.019492000137645533,0.014269627884069913,0.00934678346619209,0.010007283391986345,0.005568303027302459
2019-05-03,0.044977511000185794,0.053752528453506115,0.010407779302653805,0.010571144807949722,0.012162127143523454,0.019387603039484395,0.013129378771882463,0.009105253122541533,0.010172599427692745,0.005379908094773785
2019-05-06,0.044813738875434744,0.052682116140369724,0.009970214974643307,0.009812152639580485,0.01186212183348533,0.01898887362043213,0.012135996060745238,0.008857095185759742,0.010055226478107531,0.005213240263227028
2019-05-07,0.04384507675304743,0.051431423711996535,0.009965022148008268,0.009278929911454136,0.015116344965920675,0.019277781780192092,0.011856197879745728,0.009791077478603565,0.00986543778624644,0.0050823841658690005
2019-05-08,0.042702893855448586,0.0504391162765357,0.010737172451536308,0.009158732391173024,0.014731333211601133,0.018531349183082146,0.01104926375204212,0.009502258096341306,0.00978218477610791,0.005009503950709146
2019-05-09,0.04210643871755468,0.04916964906287324,0.010217533775143254,0.009453594722474054,0.014248826025420434,0.01867118094939993,0.010377230256513627,0.009209834354821787,0.009684858317074331,0.005293281948538882
2019-05-10,0.04152244963794609,0.04803876316028866,0.009608576393362805,0.008942862310507806,0.015244074640063872,0.018646246164154574,0.010051342822304337,0.00888518532352049,0.009608156347123536,0.005111406272400749
2019-05-14,0.04122224998210479,0.04702796847021376,0.009611995673551293,0.00844958079200634,0.015198312027963625,0.017935489973695165,0.00993352554755423,0.008575409479847508,0.00963626839402221,0.005196001004615154
2019-05-15,0.07439630199819482,0.07487344605083886,0.010494596282240778,0.008016117905202645,0.015007073852467445,0.017422964062700604,0.009573501024680497,0.008272273142591987,0.00977650618731045,0.005071514564648947
2019-05-16,0.07164657987399031,0.07835888786247092,0.009823894614525448,0.007840965285979168,0.014424792106494545,0.017178472650368246,0.009195620878606788,0.00874131383110667,0.009628236923491598,0.005009922172550848
2019-05-17,0.07090593051806904,0.07684573043663805,0.009579784641902341,0.007643567564614818,0.013898951029151348,0.01690253867673591,0.009077596437450984,0.008749272779632907,0.009716957133146702,0.004822827349535926
2019-05-21,0.07256634031051991,0.07848544317174108,0.009293887453723006,0.007366097352438063,0.01379513902006706,0.016602187624626237,0.009369762458625877,0.009544135922361838,0.00968831916439255,0.004637385059314903
2019-05-23,0.0724611202023538,0.07623485044845109,0.008754324990888995,0.007254029521466219,0.01373583348531298,0.023248084356069315,0.01017696881716125,0.012256147010287361,0.009547605901062857,0.0044687011254741955
2019-05-24,0.07019869480206532,0.07504364073682673,0.010565546072301906,0.010060872808846703,0.014039496010955409,0.02320678805963366,0.00966094380306145,0.011741379053104146,0.009601179797138353,0.004325851081287819
2019-05-28,0.06762796924448052,0.07251842028525567,0.009884787323244944,0.00956738925251345,0.013584787399755651,0.022201860350743972,0.010054072556289175,0.012100280344983503,0.009452335990363664,0.004156505825186149
2019-05-29,0.06830889497271406,0.07248775589150296,0.01028551962738725,0.008950641999531767,0.013140757071380944,0.022516374747600657,0.009646780967848432,0.011358438076703259,0.009466731304861805,0.004073242771842613
2019-05-30,0.0660686488137256,0.07031023349405535,0.0097959530116695,0.008619064940153527,0.012761880293098705,0.021533685107869974,0.009599961476238933,0.010771614202902503,0.0094338837700137,0.003981860722636912
2019-05-31,0.06566390562166351,0.0703412327569316,0.009209504174477552,0.008170987937414144,0.012465765307748298,0.02065524979283435,0.00971889048747957,0.010302680034618077,0.009363970652705495,0.0038288937154923714
2019-06-03,0.06355012257421641,0.06871124027310777,0.009591285324940493,0.007760650594228675,0.012211795940626533,0.01978027307080851,0.009355000967981301,0.009734310174985774,0.010035007048448133,0.003757465143395215
2019-06-04,0.06395855695993849,0.06980346605386606,0.009557383708505285,0.008076484827873587,0.012055095735150073,0.019864493790006547,0.012086002181715827,0.009528425301150067,0.009985768372254926,0.003929663509230677
2019-06-06,0.06603464663653791,0.06968261985085097,0.010718610143226037,0.007761017181369408,0.012104352930259249,0.01938421682486669,0.011932373040901776,0.010026259160602456,0.009866138910416477,0.004072588401685421
2019-06-11,0.06372856151845321,0.06783114611019725,0.01272320605514367,0.008116649997883878,0.01267170914513548,0.018608272321992938,0.012085052982453484,0.00999834139526685,0.010479707446315503,0.0043945659744414325
2019-06-12,0.06147465811477693,0.06609212342917474,0.01277506552311291,0.009074306709639678,0.015004958734737634,0.018534659582510507,0.01400421382763982,0.009846954677674045,0.010485238021001694,0.004233025458337719
2019-06-13,0.0594582171813812,0.06517160468552047,0.01197214862336566,0.008550606063064016,0.015493927518615187,0.018402163694927205,0.012923374010390579,0.009716194183227283,0.010273520939748928,0.004090921062674104
2019-06-14,0.0574246264986819,0.06350823472494165,0.011552775679074945,0.008769020424912021,0.014893404252420172,0.01796717214141482,0.012184262139411935,0.009337061978549435,0.01032290354689761,0.0041649339171355845
2019-06-17,0.056924935898064126,0.061768009729024215,0.01076450065363617,0.008416840999255963,0.014358564994816825,0.01753855984185646,0.011399034907463945,0.009215413324092987,0.010121945553291642,0.004033029090100629
2019-06-18,0.05737170126512248,0.060270523318235264,0.010058278935793879,0.008585237891899852,0.013892675702073247,0.016966564743263923,0.01066747300935829,0.010016975812922591,0.0099307635640926,0.003875553415003583
2019-06-19,0.05632066584602826,0.05954716905378235,0.01079896151006595,0.009625550270347843,0.014192273643010584,0.017341677174614836,0.01099645727434287,0.009696861167280725,0.010051072350063462,0.003998954531721862
2019-06-21,0.054448149069802644,0.0577760127197592,0.010138070154522472,0.009465902936393062,0.014911329320252601,0.01669973020286331,0.01033703116201189,0.009403303899711956,0.009969400456846708,0.004061137242383417
2019-06-24,0.05714308714270053,0.05990894559456264,0.009932014591628601,0.010363657222087047,0.014505620239761936,0.016357168073473455,0.010134715178801832,0.00898387193240342,0.012974019294911505,0.0039053234192383945
2019-06-25,0.05830110746297585,0.05887722632987105,0.009541820040000286,0.009601396288146912,0.013975649055467568,0.015899783915621572,0.009844439641618602,0.008804119526842048,0.012733779480306353,0.003827734467465535
2019-06-26,0.05842884985329675,0.05722164815981015,0.009683921510054096,0.009852823921061252,0.013886704271515195,0.01618429551020485,0.009588257366785384,0.00887457659898493,0.012335365192900878,0.0036855568331048334
2019-06-27,0.06138333968469748,0.05678865128712176,0.009110771291382852,0.009244688120315458,0.013425835810300183,0.015904369676134088,0.009255227120341233,0.008605682769645141,0.011978573144999933,0.0035498283229331135
2019-06-28,0.07667246823288894,0.06818576514877642,0.008654181684309394,0.008888686065436597,0.013590095400133057,0.015324945584502198,0.008936745191886758,0.008276638877416503,0.011660107536459902,0.003412133292716158
2019-07-02,0.0777817375320976,0.06683673203768524,0.008200961939529088,0.00836797340585076,0.01325603654178942,0.01500765738416878,0.010185559363476376,0.00856468447694472,0.011370344618887957,0.003435180218261592
2019-07-03,0.08736363072912168,0.06818517545315314,0.008307613488483356,0.008230088744363553,0.013104498012057361,0.014481823761924415,0.0099719383178217,0.008599117538262048,0.01116674151904538,0.00334391662468422
2019-07-05,0.08764645055932978,0.06634130261380004,0.008171309343036968,0.007847123822812583,0.012745381069589848,0.014520616158732189,0.009530573856900515,0.008262964423855754,0.01102046650281294,0.0032225333547753116
2019-07-08,0.08955532568665664,0.066785303958035,0.008258763751115984,0.008624913775609325,0.012678317759635125,0.01405320714582644,0.009139834195386573,0.00938342832369793,0.011689183741990654,0.0033486769706160195
2019-07-10,0.09028933947089088,0.06719418758787678,0.00866737162048853,0.008600841610285235,0.013386314505972954,0.013639594360668042,0.009716573823791309,0.012713662073160237,0.011411566305919012,0.003398369807840136
2019-07-11,0.08697091852141427,0.06887549493114643,0.009002850827121416,0.009858957766034447,0.012975142622174586,0.013573597753964814,0.010496009066744248,0.011860849751996439,0.01154026503061219,0.00357977689001732
2019-07-12,0.08736498708843488,0.07117269162936772,0.008637790661585125,0.010286613200879617,0.01263126858371103,0.015074347283324907,0.010353303102176763,0.01111275783218054,0.011466573891277206,0.00374972206631428
2019-07-15,0.08444283497789065,0.06908471955743437,0.008759449851934779,0.0095104353787871,0.012440266975130215,0.01467175744255581,0.009817584429895032,0.010457885881084185,0.011311423184999838,0.00385675496316632
2019-07-16,0.08582550059402515,0.08506527575177737,0.008325086989572742,0.008936028373017529,0.012122034987430063,0.014380399554063117,0.010953522657540881,0.009875778638166492,0.011021825450594538,0.0037236852906679004
2019-07-17,0.09301538346102894,0.09116394335095712,0.007913005770089571,0.008480617619576893,0.011934858254265575,0.014055993071254722,0.010363538377211452,0.00985614059353466,0.01075468937179072,0.003698170970235534
2019-07-18,0.0894606565105642,0.08915283652746549,0.007774039002960829,0.008148218440632519,0.011658840453512833,0.01370427151480024,0.010316734081162737,0.009438892794180549,0.010760862385025233,0.0036260890490559285
2019-07-19,0.0892416167628742,0.08748020067470691,0.0074360433959124485,0.007873927370172512,0.01155888645334901,0.01333537572262767,0.00997174513043219,0.009572962810906466,0.010516476650002306,0.0035004348477864445
2019-07-22,0.08604653844019193,0.08476913609422246,0.007455952360907074,0.0075300592317188685,0.011831152797692894,0.014576059070869379,0.009495582764358015,0.01039976392693051,0.010287793043837989,0.0033853418157874303
2019-07-23,0.08317416553976101,0.08206619587421621,0.007179152756547446,0.007325847962783853,0.012326555073471152,0.014477929200168485,0.009107261610840063,0.010088242837729916,0.010078715895601033,0.0032541271906257672
2019-07-24,0.08128797680331916,0.07949380728347144,0.008038705142776506,0.008808007892059606,0.012265611109077122,0.013987931418318842,0.00947779266352636,0.009615806008048724,0.009887186461721997,0.003446305222832841
2019-07-25,0.07844237543065978,0.07681975073657173,0.00768398194414,0.008284658014256444,0.01195408233384427,0.01384134932099831,0.009649168030263597,0.00947245152332058,0.009711692038012414,0.003345440234245335
2019-07-26,0.07547925473174981,0.07423622849665269,0.007462156152341042,0.008097541571467873,0.011781427670440565,0.01386824790911207,0.009821185309165203,0.009009958182841761,0.00960041217178701,0.003306078771063967
2019-07-29,0.07278869796010574,0.07177723224668163,0.007510897610725705,0.007784667306804348,0.01169046275604332,0.013428520388872591,0.009390372576146094,0.008643047147629,0.009463092655556216,0.003178256467791687
2019-07-30,0.0716012193474239,0.07068068961831735,0.007579383992046993,0.0077884980019561345,0.01211906919294102,0.013017417425585811,0.00924442811718177,0.009329943280166514,0.009361162369966007,0.0032273648382048904
2019-07-31,0.0689625618049821,0.06840324581964571,0.007290677759459337,0.007462131767834147,0.011863600470552293,0.012654667078819874,0.008980447753138568,0.00929811133853375,0.009397198027788836,0.0031318814224069245
2019-08-01,0.06746568321018175,0.066794037164818,0.007890560092940018,0.0072967219211108655,0.012001279762546509,0.012456356271292096,0.008699321632499589,0.009017509389257551,0.009266966748505981,0.0030731513031728025
2019-08-02,0.06542596323824441,0.06468191523662367,0.007736750988206677,0.007452176650857608,0.011731620042374666,0.012692939905958645,0.008570629137999336,0.008995746639184508,0.00914561612983567,0.0032752939263061692
2019-08-06,0.06308851549482486,0.06269005132000635,0.008174668412545731,0.00763466469916117,0.01354764049142671,0.012653751332673168,0.008364902056639702,0.0085930887156793,0.009658561748112917,0.0031681619342177002
2019-08-07,0.06839447885825274,0.06296846810304052,0.00933703400766009,0.011796029680906808,0.0131071149859217,0.02124495578446111,0.00867825492665726,0.012457850859143076,0.014600760211653217,0.00939839772530658
2019-08-08,0.06626938710213519,0.061079642923004746,0.008908242792193821,0.01115673272551845,0.012742920029646006,0.020348453208345187,0.008454767614623078,0.012405349035784385,0.014657761367312321,0.009097597152083314
2019-08-09,0.06396496121739549,0.059862529129140744,0.010579844498210068,0.01085755018107371,0.012457877036082657,0.019840082871121087,0.008505288815251909,0.012716663311946617,0.014256199569809678,0.00874103193638603
2019-08-13,0.062312102332705434,0.06063426599722315,0.011783569444040368,0.012759823949789523,0.012950924484474696,0.020285799692711635,0.010207918736939527,0.011902883698012212,0.014001737086792724,0.008826040600149828
2019-08-14,0.06448710307235321,0.058808397257352846,0.01281367961995667,0.013203596106254045,0.012816754641141808,0.020661288089478144,0.011942320681730893,0.011147201230623602,0.014123142765632314,0.00954732571105633
2019-08-16,0.06834627920360137,0.06619042571609562,0.01836064801826397,0.016194598971016022,0.012536961483508182,0.023355147145717323,0.011733522528175005,0.01050576760511292,0.013627828056831947,0.009376555769133918
2019-08-19,0.06645711955307551,0.06409162987759331,0.019379215859508733,0.01702409483081773,0.014380973988268809,0.0225223157120449,0.012674076713074068,0.01054918309540405,0.013222446823260738,0.00934974289845417
2019-08-20,0.06475095519248805,0.06548746284148796,0.017853957405076698,0.0152506684895129,0.01443289764388286,0.021685386402062395,0.011748079936014968,0.010301578560352844,0.013386176142987323,0.009271062935258959
2019-08-21,0.06254916390317677,0.06381068912040479,0.01648523348185286,0.014288526177921297,0.014219937919703591,0.022001535100789078,0.01450885969527557,0.01016909073786028,0.013302046106980124,0.009522459521033156
2019-08-22,0.06388339851099308,0.06378212983709995,0.015310916662171225,0.012885528208410135,0.013712376875083582,0.02126866164961188,0.014486160493511034,0.010412146449618583,0.012892022954223521,0.009175148973903422
2019-08-23,0.06178393879449545,0.06190170988424424,0.01433617947978128,0.012481388083714063,0.013763981994098309,0.021574137993595994,0.013380938046623783,0.012297026606879334,0.012738497840558078,0.008932508352771611
2019-08-26,0.060032665087913085,0.06023020841277123,0.015253660983193225,0.01160415016322458,0.013735745131039168,0.02074079325641929,0.013117862237503046,0.012586510377681609,0.013555739257827921,0.008782350601329496
2019-08-27,0.058224936455607626,0.059456941345084696,0.014191883596226872,0.01060373806737378,0.014973720990603687,0.01991497491332178,0.012941809480838562,0.012825131616804698,0.013203702378444067,0.008593149142393886
2019-08-28,0.056497901204871574,0.057696624291636134,0.013286509136975816,0.010417085209637753,0.014649560803066708,0.020188818634490544,0.01200879238173748,0.012795258608802455,0.013359241545229083,0.008638686513715544
2019-08-29,0.057395799398028656,0.06088227151075252,0.01235625756173319,0.009615224789712608,0.014372028680341568,0.019450660660882923,0.011233623282991007,0.012891945118331034,0.013205595527328489,0.008651224557611997
2019-08-30,0.055986588582826326,0.05933430284963109,0.013651678075759512,0.010816416717734933,0.014228209953564013,0.021995320997184566,0.01103564726099742,0.012026073674094029,0.012775436409825418,0.00857858947984623
2019-09-03,0.054144334992886095,0.05768838050984481,0.012818899558400551,0.010100836294383506,0.013761195767202637,0.021040328124180947,0.01075130857585517,0.011255905976196166,0.012656665886501961,0.00839159317567878
2019-09-04,0.05933847470995442,0.05837560208269249,0.011972073947862991,0.009510975263222855,0.01333539694788535,0.02026837816468447,0.01013683406815101,0.01203579748142099,0.013075222237915548,0.008132717558084054
2019-09-05,0.057324809319948905,0.05684964027253952,0.012837576980139842,0.00961582239074376,0.018485240942918854,0.01995074973682797,0.009815328998950294,0.011896344374260156,0.012789804683132101,0.008040526611894196
2019-09-06,0.05563978127777987,0.0555102942010242,0.012069742515016928,0.009534674158263564,0.01771672741806959,0.019622705626074766,0.0095092096836283,0.011371476526343847,0.014239168342718078,0.007972536591952963
2019-09-09,0.054346243565052695,0.05436384677712376,0.011313249882777918,0.008878806421741993,0.01714280235658102,0.019128241774368452,0.009321304542621941,0.011517910656403847,0.013759162427426988,0.0077232209582089005
2019-09-11,0.052836512117402853,0.05468936603935079,0.011021292848041825,0.010236757211944471,0.016501155260270614,0.01901422854995121,0.01025987944259751,0.010836553712284359,0.013536988725597311,0.007725158896595662
2019-09-12,0.0515122795058371,0.05332162494362186,0.01087289997211948,0.009881453764596997,0.016863143083410134,0.018392651193287056,0.009753303289070113,0.010372572627508752,0.013107234383157189,0.007455426096296331
2019-09-13,0.049962954050265414,0.05188766468263519,0.010185466395931092,0.009158067177957618,0.016228742458956905,0.01765152365253836,0.009497500718378455,0.010276156732840182,0.012692987872216057,0.007256674378558012
2019-09-16,0.04867730758843671,0.05055628208484276,0.009752587682364242,0.008561852821319821,0.01558549154285066,0.01747468681967628,0.009125852053882137,0.0098311072394944,0.01250623916075769,0.007052854905304393
2019-09-17,0.047569462426236615,0.0533915510021585,0.00959113052224816,0.008074879156903119,0.015338926320905293,0.016817418289888076,0.009124797698081636,0.00997094915107804,0.012149169521602466,0.0068523470355914586
2019-09-18,0.046159081564312,0.05454893464606827,0.010084395370208438,0.010044687020819749,0.014740794271941153,0.01684163940362869,0.010188824428646106,0.009727772701103662,0.01202887305442108,0.007176221784781278
2019-09-19,0.04498539804634905,0.05307473413228141,0.009460732707221127,0.009388109952614866,0.014184356651315577,0.016227673196191485,0.009797806828715038,0.009245742474740755,0.011682174562301724,0.006894651517403236
2019-09-20,0.04373219843460307,0.05264262470792175,0.008975940689268009,0.008929122065091177,0.014099469116192743,0.015634105601676745,0.009716109575972298,0.010180450307029396,0.011559654878509651,0.006655251320475648
2019-09-23,0.042730297156371264,0.051451618413582985,0.008557834357352263,0.008392194432608815,0.013611099245961671,0.016111145513624022,0.00967734590104249,0.020940206294209937,0.011369359166803594,0.006428532137722984
2019-09-24,0.04515036487632384,0.055553456319959435,0.008663912833439404,0.008725735216919306,0.013750757654407935,0.016087602597638452,0.009296792899059854,0.02051017066330775,0.011085917312728979,0.0065097948651942775
2019-09-25,0.05850791373975617,0.07486429236037535,0.00988795412344187,0.009215606517094964,0.01331516007332481,0.015814302318306585,0.009409598104498302,0.01899894111083921,0.010815148907883765,0.0064475275440802945
2019-09-26,0.05668999417401342,0.07254840765411243,0.01039756218674235,0.008750986267619124,0.012976778392879005,0.01558667465751071,0.009128323025430348,0.017611951778049285,0.010913294365521364,0.00649737325016506
2019-09-27,0.05669752019593787,0.07053289278037282,0.00978541436806776,0.008245451189230247,0.012655550474005541,0.015054856075568916,0.008812183448488352,0.01669646738631195,0.010656486195262865,0.006241863047404837
2019-09-30,0.05485537616896762,0.06915385305143108,0.0095850285716923,0.008257582031390704,0.012362590024131257,0.014526067228644498,0.008630046952945818,0.01559021737596918,0.010567193700871115,0.006006988323027612
2019-10-04,0.05315280693857009,0.06703720791963137,0.009255630863218713,0.0098212774565243,0.012095105427443438,0.01490073732952825,0.010254929063864824,0.01517237160646736,0.012797875197263789,0.00641951264395921
2019-10-09,0.05151202427550773,0.0649794075122164,0.00873777527211781,0.009138861146831712,0.01181921724574923,0.01719689912060303,0.011514965546147185,0.015530726165078923,0.014554233374899986,0.00650836521396544
2019-10-10,0.05139302617445522,0.06714085434854569,0.008917003346260825,0.008634301086082352,0.011566963070674358,0.01673550965910332,0.011170452336667767,0.015241833149024888,0.014033314607055621,0.006297295707373246
2019-10-11,0.049791255941606556,0.06504600628975801,0.009031035719586635,0.008458749144505251,0.01140467726545667,0.01643789851240292,0.010530317267836951,0.014191795228274892,0.0136029585788918,0.006100195160946778
2019-10-15,0.04987818820698663,0.06493330855292462,0.00867199890033468,0.00899796998487793,0.012242449181658175,0.016217062336984608,0.010096861995732271,0.01317387503291177,0.013572575345535253,0.006096808461575612
2019-10-16,0.04849711706208422,0.06289967988900098,0.009852782143392936,0.008457864933881998,0.012668237082587484,0.016227564391829347,0.010264044947662103,0.013615022407132702,0.013125239455666517,0.006145891457478918
2019-10-17,0.04742663120790493,0.061470708200421845,0.009267958902609204,0.008060733211796109,0.012696400383840081,0.01718946494343759,0.01176976417679748,0.012889959787645311,0.012915660353461644,0.0060238955673836084
2019-10-18,0.04602216196127979,0.059623881930539045,0.008730344979172857,0.0077350821313026145,0.012428784817004424,0.017028060010180247,0.011701230748531157,0.012345172908659122,0.012503965671804916,0.005812836195294217
2019-10-22,0.0452672532264712,0.05845317283077263,0.00870289507578735,0.008558510119073135,0.012284878070071954,0.016407506139906273,0.012891384283209024,0.011587453704946656,0.012207353394617601,0.005637349229378121
2019-10-23,0.043990755314260985,0.05688634057974351,0.00825958345420724,0.008603077600761849,0.011983245183239101,0.0160707198096403,0.01231031942716971,0.011520463767861346,0.012045629508116037,0.005555988954807989
2019-10-24,0.0483816920966335,0.057751149810110425,0.007871662398962838,0.008224337107481086,0.01194115558219732,0.015822976265813648,0.011421357861163413,0.010804643687885675,0.011737824602878295,0.0053383757068873414
2019-10-25,0.04707558603023399,0.05612627642103062,0.007635332271526452,0.008030181134114115,0.011716443751999601,0.016563774417642837,0.010696570724602535,0.010474963011331497,0.011413091936214448,0.005317771651144584
2019-10-29,0.062159671907620284,0.06286611739531246,0.008226424411882491,0.00831191803310192,0.011475724126658511,0.016221664495673072,0.011759546622369334,0.010127793394830095,0.011202581226668546,0.005445952354502875
2019-10-30,0.06349998602835594,0.06175416592602732,0.007862550112563503,0.008329827946111751,0.011258715646369237,0.016474547782451866,0.011525080357204003,0.010239007658373555,0.011471064146289485,0.005526755612751557
2019-10-31,0.06179671886043407,0.060471474974841434,0.0076992131320256915,0.008700393785539814,0.011070620282744009,0.016154484164878843,0.011303851450721105,0.00992896303282493,0.011235499757815246,0.0053439066812704505
2019-11-01,0.0596607153308086,0.05867483462943033,0.007399571289889722,0.008500019014376406,0.011318794420375911,0.016010169583390393,0.011116323453341894,0.009494615128976343,0.011322018255776181,0.0051515854475301485
2019-11-04,0.05761075137894123,0.05695654847411393,0.00779704397434405,0.008380415331403051,0.011284625691949681,0.01601242809139462,0.01043016923422264,0.009026607704217678,0.01105568871999615,0.004949517932458492
2019-11-05,0.0556738321188404,0.05532367077828129,0.007552216121467633,0.008109064806260023,0.01145827567839972,0.015711083411705077,0.010308397397144738,0.008669839037421242,0.01090857280819887,0.005082070444745527
2019-11-06,0.05386530355571415,0.05401423435099878,0.007463332720361816,0.00832899478292484,0.011747759455426934,0.015392535268369353,0.010553437541005035,0.008444512512030685,0.01099063358606711,0.005256391067483263
2019-11-07,0.05214105404649269,0.0525628164951134,0.0071697184604649165,0.00791916252789116,0.011502503093125171,0.015033103674958102,0.01037308793742431,0.00814775477106455,0.010763740227097408,0.005065611580498607
2019-11-08,0.050660992948889316,0.051469638258531215,0.0070146029846555845,0.008063518472881795,0.01143015086007591,0.017470782043076786,0.010727339905669686,0.008029395005078798,0.011178186055914195,0.004885216728962026
2019-11-11,0.05132400943188868,0.05036374875529383,0.007261147008495022,0.00901372274413923,0.011221602736519464,0.017017479246189668,0.01033781168607055,0.007877509662760313,0.010912967130619042,0.004923184192753735
2019-11-13,0.04981227129605401,0.04908503987213658,0.0070475886445722944,0.00844478878080688,0.01333050345816663,0.0167390513774,0.010047317556334041,0.007630121413807013,0.010703125208567622,0.004729825761649231
2019-11-14,0.04830346416433011,0.0480856666873603,0.007292891176806847,0.00894075436696761,0.013078099488767737,0.01629866114741756,0.009684509711096799,0.007427759685092557,0.010664210914431694,0.004809227705502168
2019-11-18,0.04698264466011979,0.04700906278532413,0.007248872702461769,0.008742793145468055,0.012736496995389394,0.015943185782628166,0.009896052761330914,0.007648968839285993,0.010724349122634796,0.00482599174572731
2019-11-19,0.048634483629773025,0.047092237541139254,0.006977271633143516,0.008526478457892908,0.012563497484632797,0.015381530536973761,0.009434656581953308,0.007677029845740941,0.010610912934105397,0.004940584519080963
2019-11-21,0.04735247892199741,0.04622077154747505,0.006757837873524042,0.008049370622062861,0.013368114904143113,0.014830960025335904,0.009777307246124937,0.007866930592336351,0.010415485403869164,0.004828242604019731
2019-11-22,0.05124473599926648,0.05249150171264349,0.0072746777324181324,0.007780761118744528,0.014889074952898379,0.014539531305023319,0.012494042973861258,0.007623288732214437,0.010440235688613637,0.004685330122411788
2019-11-25,0.05180666493648478,0.05486873564417567,0.006993089884875654,0.007737600481474559,0.014361329015808211,0.014252359211392143,0.011726944331438656,0.0076475011217744995,0.010220419469991297,0.004502992141507188
2019-11-26,0.05066865257120901,0.05382692621535884,0.007263790725289868,0.007755192609366603,0.014614308348413962,0.013796109014605358,0.010963179466052802,0.008717256133056019,0.010067736558766463,0.004329350952846393
2019-11-27,0.049102128373094765,0.052477850946108455,0.006974340747288659,0.0074419072318737955,0.0141160845718287,0.01356050615440712,0.010674060044389757,0.008529011681586063,0.00987605551620146,0.0041798784890750736
2019-11-29,0.0486356607337148,0.051394194095083244,0.006724255874420204,0.007262130969110378,0.01362240008386513,0.013155317009799853,0.01010777948788282,0.008198018432166748,0.009889056540605663,0.004135230814165945
2019-12-02,0.04780497821698493,0.050200002144688734,0.006618529525205621,0.007060972977877378,0.014492713414996496,0.012844336381286667,0.009647803280022663,0.007955969505596856,0.009941181764785999,0.004000653356406031
2019-12-03,0.04955121651446727,0.05012394557237271,0.006939171567901435,0.0068899665316694446,0.014087875711324811,0.01372536206199787,0.009343128477294033,0.007708157203016913,0.009760678664458396,0.003904353979391783
2019-12-04,0.048061112184599034,0.04893334292528049,0.007463185338274491,0.0071028004993031555,0.013619298414140928,0.013438232546841294,0.014580976804898938,0.00780450949908608,0.009796965034038159,0.003771950370173422
2019-12-05,0.04669386864884864,0.04774629226624192,0.008104158234776436,0.007041868400965778,0.013336138009944485,0.013402373272552993,0.01456533392027386,0.008067701912460472,0.009631542925845765,0.003850231899349342
2019-12-06,0.04555415592247786,0.04665807272353559,0.008026470062609542,0.009585164147682295,0.012914402071507786,0.013057380834592531,0.013380135303846774,0.008424524028986245,0.009555375347393752,0.004149378908652414
2019-12-09,0.04430507246078709,0.04558756566857199,0.008072720564250917,0.009147685184630163,0.012840992673401658,0.012702061908974107,0.01238344974429403,0.008788929520531497,0.009929422575568362,0.004004444513893019
2019-12-10,0.04369088946814394,0.044645054927869944,0.007936062994563056,0.00856167809080148,0.012473287371090356,0.013588010929846881,0.01148450678573094,0.008415647505916142,0.009758080361680865,0.0038670025703512567
2019-12-11,0.04313252629257749,0.04399830443580543,0.007937491150420918,0.008412161115762849,0.012283239442699701,0.01319236340288731,0.011098455524310375,0.009052309995328101,0.009615041059916021,0.003929536439786679
2019-12-12,0.042108292383650235,0.04338262112010367,0.007635725381442522,0.007960976461477837,0.01222904883866783,0.012816950077037615,0.010872567344726587,0.008793602325980258,0.009522721361045624,0.003781796159258248
2019-12-13,0.0410260098753207,0.04255111170986347,0.0074353378476449015,0.008262143353159194,0.012092032890185386,0.01244406206514968,0.01244141488565094,0.008421550157592345,0.009487218924668197,0.0037958036262926683
2019-12-16,0.039995311416514974,0.0417748614490805,0.007217444184809063,0.00784218472779672,0.013498542932160159,0.012387519414797316,0.011787967002315537,0.008413732615745857,0.009371237990422348,0.003705820317024935
2019-12-17,0.041563113886782146,0.04639079026261749,0.007578680881977432,0.007950866170475863,0.013150753833077813,0.012155946714970034,0.013985884973623958,0.008103782722885785,0.00924157847776229,0.0036006047456804743
2019-12-18,0.042389612976948036,0.050586515931295574,0.007322455104377108,0.0076353529208419415,0.013435643864936975,0.0118522476428541,0.01284612272691165,0.008825856607009538,0.009137727846956193,0.003582941185485544
2019-12-19,0.04905997133912852,0.05435549707018991,0.007107246006403617,0.007334922448763767,0.01308126315958281,0.012865313248794261,0.01210886956062348,0.0089022299801152,0.009040495520501568,0.003636067311403442
2019-12-20,0.047829286592494996,0.05358886451042988,0.006840626806457501,0.007371836996730212,0.01279897414037353,0.012487211691649071,0.011537958269797024,0.008514646493816235,0.008938613944121558,0.003603170037363589
2019-12-23,0.046404041906656895,0.05212688754197609,0.007158283079007736,0.0075756984701325645,0.012580781018418639,0.012191573741486075,0.010971335030400535,0.008272202178219567,0.00884632465646239,0.0035839085277825943
2019-12-27,0.04518854681306974,0.05078031937060893,0.006962820411233576,0.00728848361044127,0.012240188469334674,0.011946545512288407,0.010891336411116306,0.008093480310108783,0.008772461979117826,0.003530493021501629
2019-12-30,0.04398650868749687,0.049515682983013384,0.007344418314016293,0.007132969679485813,0.012606028938835744,0.011650426647397273,0.010271918706943505,0.00784195007608531,0.01025259719732712,0.0035646593803654973
2020-01-02,0.04278608896637604,0.04950930059867311,0.007455662286780395,0.0074451919369977184,0.012297919850732822,0.012059798759776797,0.010187586072074374,0.007600860214473113,0.010045477992157603,0.003426430268373546
2020-01-03,0.04416641093901729,0.04977158888936361,0.007526067058710406,0.008581172972099857,0.012051736204719157,0.012529334345817243,0.013572961840948522,0.007443628841219106,0.009863854105542032,0.003480565026116952
2020-01-06,0.04547723037896079,0.05080906185240128,0.007263442086581318,0.008227716120489703,0.011772711761525974,0.012183363935650535,0.013678183530374057,0.007261547940295124,0.010758380993218557,0.0036812883775411177
2020-01-07,0.04709422008865175,0.05352754512629231,0.007454262891096986,0.008209552652116143,0.011584969551801425,0.011916257392133214,0.01302421525104934,0.008858308131309955,0.011001714860887609,0.0037464320394564477
2020-01-08,0.047592786687288585,0.05209394529345161,0.007225012368660779,0.00783690353077776,0.01137409062304175,0.0116178722781122,0.013010543328867403,0.008661448930635638,0.010761302331984818,0.0036066760570000987
2020-01-09,0.04626177921989076,0.050820346060110426,0.007737967896607394,0.008064066988528476,0.011178878133288621,0.011341356733520571,0.012975741897014037,0.008342211026480284,0.010572066849769817,0.003753126309105276
2020-01-10,0.04637740984218738,0.05007792224826333,0.00759758768082202,0.007860992027709826,0.011126084371721894,0.01190391353313259,0.01211619978142356,0.008190699864166763,0.010876133933429838,0.004641560895629041
2020-01-13,0.04577484972337201,0.0495017836129671,0.007703066944783202,0.007534271732850617,0.010950423841812038,0.011600581282715962,0.011510901351641347,0.007898884051171404,0.010618395977952395,0.004539893661544792
2020-01-14,0.044564942715426194,0.04826818384751753,0.007422368946715275,0.0072475941917276385,0.011000837231862647,0.01142797914811791,0.011981530785919594,0.0076771757799288885,0.010627065015579706,0.00446246472302948
2020-01-15,0.04814733749129159,0.059474586903311734,0.007428883795556532,0.0070320696948742625,0.010930130548410672,0.012078879231712737,0.011251413817762122,0.007471151066029369,0.01054332854628482,0.0043835201448174255
2020-01-16,0.04672718475277441,0.05770791909609598,0.007191761777633531,0.007191049842268161,0.010775171426521943,0.012381597271908875,0.010732669204999481,0.007284833481735506,0.010441813300155128,0.004242841370416814
2020-01-17,0.04559334168455356,0.05617570795902036,0.007224990007658177,0.006976309640608892,0.01063628540618325,0.012346361047818015,0.01014325366602679,0.007141775378454677,0.01027108794065606,0.004106034062021601
2020-01-21,0.044736178131395875,0.05558238663721454,0.007309369183942713,0.007329983822989899,0.010830525951250327,0.013181141409529409,0.00987947594374337,0.007052460973258533,0.010252747140340317,0.004049298354847799
2020-01-22,0.0440380670374126,0.05405178099068977,0.0070718129524511885,0.0071234376162587175,0.0150112504971902,0.013194981399936507,0.009518928857759758,0.008473717096502006,0.010048946457464044,0.003906387288031185
2020-01-23,0.04292202670321932,0.05261530990407187,0.0068250632926398925,0.007201446224010036,0.015037381928413513,0.013719507786959167,0.010441219422272847,0.008241617557286758,0.009859299945524546,0.0037945282707939443
2020-01-24,0.043177497694668186,0.052099475928479314,0.006608185372556007,0.0071862557631699985,0.01521023196253357,0.013281490643628734,0.010286970435587222,0.008074481806328963,0.009723951140016833,0.0036638292149534612
2020-01-29,0.04202584027677946,0.050720452693268726,0.006870842206660485,0.0069889333912482796,0.014680252254782408,0.013235107652032277,0.009807608709447151,0.008316914369487166,0.009680278186507097,0.0036494029814060987
2020-01-30,0.048840277974614474,0.052637914813446506,0.007424369060537009,0.006863022495749724,0.01645930170116068,0.014354135396973621,0.009358851096346245,0.008930360109224147,0.009544893052048442,0.0035249632140230717
2020-01-31,0.04759808547639533,0.053103489928290525,0.007215113623391137,0.0067483559344063086,0.017380209642412395,0.014119119637849271,0.009015583908410502,0.00889128148270581,0.009604655992691658,0.0033992130391682683
2020-02-03,0.0464406445578401,0.05202330498398848,0.008686483077393144,0.00686505767316739,0.016582365408938864,0.013890945830466479,0.009587565020573797,0.00852569156456277,0.009484928436442865,0.003527592453004279
2020-02-04,0.04524395048032554,0.052249969173799746,0.008380184597624175,0.0068292887230726115,0.015853473170555132,0.013992585817506422,0.010499237511487751,0.011575476741957138,0.009457690071061209,0.00343686566416973
2020-02-05,0.044317852216235944,0.050910729085444986,0.009030531495607189,0.0074621087610112335,0.015450938166511297,0.013592518844382659,0.00992343393323004,0.012834632911787179,0.010403159366497241,0.00337956565953155
2020-02-06,0.04448113091782362,0.05306599524495426,0.008944388002983573,0.0073097261465851215,0.014830689641545252,0.013167498464323983,0.009714331751114611,0.012121480581035137,0.01018594140954877,0.0033543334024793104
2020-02-07,0.04330749281101084,0.052576754057027525,0.008545761086958493,0.007519549956988046,0.01624004244001885,0.013242711482192655,0.00964315422360092,0.011446953872292638,0.01004776856115543,0.0032400929001294944
2020-02-10,0.0421698606092885,0.05280110111175373,0.008139461223711853,0.007293785623396112,0.015544209767526017,0.012843335286670397,0.009245485415616893,0.010738606010104798,0.009934709793500217,0.0033164494152473824
2020-02-11,0.04106711595139998,0.051381514808116154,0.008166945251699117,0.0075211154095005525,0.014974869121481318,0.012482261518577443,0.009257454718418472,0.01028092733646065,0.009789295300015835,0.0031928020756208948
2020-02-12,0.04076503725463179,0.051595348851095554,0.007821474087542971,0.007255954843833817,0.01464454343406383,0.013404660054696503,0.008921841126278213,0.009752378626807638,0.009877709242435575,0.0032045573921600018
2020-02-13,0.03978392802576791,0.05884236975038917,0.007728787347528975,0.0070274841744058505,0.014307659086639881,0.013373234134505698,0.008655309519870487,0.009566809559754492,0.009702272873390393,0.0030805757766137025
2020-02-14,0.039080498351310694,0.057131067804109724,0.007429667050093161,0.006988090875956368,0.013808188747827774,0.013003237981595512,0.008472943859062266,0.009125579969783752,0.009592507345290609,0.0029628264081164274
2020-02-18,0.03817741386634803,0.05732382987379851,0.0071203789541592075,0.006826889991666308,0.013357779373547434,0.01330538755156328,0.008293235689388886,0.008937725001886034,0.009476007332228727,0.002850619942059042
2020-02-19,0.037776726546922886,0.05574921356008229,0.006928068141424288,0.006703050661596874,0.013184963501366513,0.01289604611588674,0.008151727113477381,0.009123463673878956,0.009666362282458015,0.002759545160962894
2020-02-20,0.039989425688102716,0.05857708243246262,0.0071624601568959926,0.007229187325082502,0.012979340851220206,0.013938185786674422,0.008590400647901474,0.009898856014107598,0.009636064736250758,0.0027968422800052108
2020-02-26,0.03902756853353465,0.05689068937954139,0.006903600599584778,0.007024250065117167,0.012613324603188068,0.013958709484901093,0.008691380971809824,0.00938148275714985,0.00966047173418639,0.002862523168533139
2020-02-27,0.04603059044534941,0.06633937009841208,0.030493704546457792,0.019552657828402355,0.0151179138312666,0.02558725484586872,0.020866695497637876,0.014592137159750565,0.010011033497037207,0.0027570152772002617
2020-02-28,0.044820076775498895,0.06423149396890435,0.03331466812163882,0.01867714432962041,0.014524320727124174,0.02485501138121259,0.01873661016176176,0.01374635642280226,0.009863286504841478,0.0027723839200596415
2020-03-02,0.04372987092326069,0.06222582408224376,0.030527766497897985,0.018545219449033805,0.015152456008480936,0.02455480688051296,0.020984131162855125,0.017362148112361562,0.01395697463212898,0.0028588412644159423
2020-03-03,0.04297671372612419,0.06047838116041761,0.033136348320642085,0.018583774202179035,0.014798450480153817,0.023858054153497957,0.018875067651845302,0.016049827526693334,0.014210564716728822,0.0028754528655673918
2020-03-04,0.0418408757157838,0.05892624696101158,0.031199918485525654,0.016665538913444224,0.014405974188580344,0.02283489304196904,0.017397732514907078,0.017015421730744572,0.016297787119874237,0.0037854430335449107
2020-03-05,0.04075455714240199,0.05719598120385545,0.03369721840071293,0.019399490056283223,0.013914996977604453,0.023521523377100076,0.016754312790779453,0.01571762794628849,0.01570337625259645,0.004127462019364589
2020-03-06,0.041496122596478786,0.05601672629682394,0.0322858475992229,0.017321499710178465,0.016039167149491135,0.023506644333941583,0.015844789642222433,0.015002888864228969,0.016013855113132615,0.004753081176425709
2020-03-09,0.040434024964340474,0.056338142846102585,0.030499079906926088,0.018355144950628864,0.017083158191928797,0.025346985946665526,0.01788054998912207,0.016865621733701118,0.015393011912878698,0.0046278442988167915
2020-03-11,0.057100046625926326,0.07453017183509006,0.04026656075569899,0.03850102128921784,0.02016347605900879,0.044877712144682835,0.030783303542809184,0.022734313423411204,0.0148253751316111,0.00447310378695582
2020-03-12,0.05518534115609499,0.07266963103692176,0.036801107998952066,0.03393203059008084,0.01937218693154662,0.04268356529763556,0.027755574941389277,0.020882528587504265,0.014864834389193796,0.004362228589041269
2020-03-13,0.14310366380968748,0.162268921191524,0.048296005448048254,0.055694469422725906,0.020247641823554957,0.05248505068914211,0.03395824183333238,0.033176408781030724,0.015459743507658495,0.004658344658767507
2020-03-16,0.14137406441113004,0.1630143213425616,0.05692021273683965,0.06540455273586299,0.019221999497227006,0.06255519676587694,0.04174820098434677,0.03396449096509454,0.0175263349722629,0.004883198336621788
2020-03-17,0.14025955977423565,0.16608440711825254,0.07552281322991965,0.0771646971868741,0.025323488924440574,0.07427308695097871,0.05235834121181613,0.0455782509697281,0.01899936898503765,0.007065639866849594
2020-03-18,0.13547477911790684,0.16009478686414358,0.07448039455703333,0.07135929415907805,0.02505950512916686,0.07544518109612204,0.05519916649763164,0.04163699239970439,0.020495635353017936,0.008222376206573779
2020-03-19,0.12999767864474032,0.15388949484143877,0.07263942855862843,0.06944522363029258,0.028881451649719402,0.07974256279867843,0.05371114275613211,0.04522345975781186,0.022356379088813275,0.0090082668631341
2020-03-20,0.13484158310201164,0.15609974171709567,0.06665025709969441,0.0659944193319203,0.02740309717988401,0.07722564004435553,0.04750386576194158,0.04138419998491893,0.021550521325625297,0.009366676971371305
2020-03-23,0.12932232208617309,0.15022744454425452,0.06280492963319541,0.058389724743205286,0.02984963878370742,0.07352703739130355,0.042585079753562995,0.042958430935823674,0.020620038608631833,0.009016143954618656
2020-03-24,0.12452739720565965,0.14453344374583482,0.05798603112618464,0.05477098693933073,0.030705090968954858,0.0717015679842942,0.04212266074740861,0.059798418330131,0.023863014455423007,0.008815427462753387
2020-03-25,0.12059626061174412,0.13935002506414507,0.06522489815498234,0.06865438115755264,0.032997486555019225,0.0766264824126233,0.03881786289380378,0.05596508924139409,0.027472585498848675,0.009042443111526167
2020-03-26,0.11570885558262585,0.13402939133110842,0.06008233008020542,0.0634295510912493,0.03384141451871515,0.0757144138427004,0.03807263654152712,0.05707560675510472,0.026233393891630617,0.009081695082050556
2020-03-27,0.11113775236900977,0.12891061548369293,0.05707429093166645,0.05599234538816667,0.03259885086815511,0.07191965974136301,0.03411916861472592,0.05246026515723619,0.02507569369369847,0.010178100846272051
2020-03-30,0.10785465650115997,0.12468793122216565,0.055271031230083825,0.058094171658622004,0.030716613313944666,0.07151968309348006,0.04588081992471591,0.04797256767488877,0.024968874108774464,0.010646593080629072
2020-03-31,0.10353754931341114,0.11996266277135606,0.05295996749948724,0.053066930393614736,0.028882145035425886,0.0689833821239232,0.0458153118536957,0.045253162556209786,0.023865820564724204,0.01057412508259078
2020-04-01,0.099417190256613,0.11544270232143837,0.04878458601001379,0.048446333128717524,0.02768126745366834,0.0655486601652586,0.04106803533761355,0.0432054006442105,0.02350560567996139,0.010159849065312447
2020-04-03,0.09569191573601271,0.11116914472604869,0.047782692842933266,0.04616349874485804,0.02687714868439158,0.0627723048016079,0.03882716365076458,0.04181952200583794,0.022456949194481157,0.00976342768765837
2020-04-07,0.09264295015830581,0.10861718835312872,0.04518964519027843,0.04245089194112055,0.026822288890204184,0.059751417048051196,0.03436401731571281,0.03815880426823666,0.025024090553193747,0.011456342766233035
2020-04-08,0.08997011900852395,0.1105132444268931,0.045485354616890634,0.03962021752996674,0.02651037650885966,0.0615610407052791,0.030705205658640402,0.04215892190864153,0.02386201215933329,0.011838188050851947
2020-04-09,0.08683282965131672,0.10729859024950597,0.04448085939530489,0.03612229463621465,0.024984769918758806,0.0589385965599609,0.02733512865142865,0.038478011554896274,0.022837089760848497,0.011634707774604349
2020-04-15,0.08361634668614368,0.10349167957826247,0.040679583111746756,0.031894749513178715,0.023608230325405762,0.05720919312785722,0.0246305795545008,0.03677724380545025,0.022897753193986937,0.011481769155611238
2020-04-16,0.08525096018655658,0.10399892862762593,0.03719340244160188,0.02960342588776133,0.022374114981178517,0.05469432028388327,0.022830320941607248,0.03428985824980812,0.021908775578618686,0.01102819507461381
2020-04-17,0.08537412622305623,0.10615318164861884,0.03500055089819229,0.0284859849059547,0.021409099544437746,0.052213543562628015,0.022465523544867357,0.03243520834125673,0.021080426193377383,0.01154750796369266
2020-04-20,0.08208514943685863,0.10222760532353928,0.03399385714685232,0.02792056007636326,0.021099121839012917,0.04988070679924648,0.02036172247019121,0.031960072054222265,0.020426083422300016,0.011154985240829531
2020-04-22,0.08009760837367828,0.09852149607060248,0.03326954172997786,0.024986404487477465,0.020440029456324855,0.0475784242655511,0.022136302631085552,0.029545842532657563,0.01959358804987314,0.011349457726995525
2020-04-23,0.07774705758057837,0.09633992908430208,0.03045917088531041,0.022307870143930382,0.01971461216329009,0.046760793488239145,0.020308823523045604,0.027018718393300653,0.019269464242581587,0.01099084264887481
2020-04-24,0.0753950287175267,0.09285040892414631,0.02804805230493902,0.020190640146381056,0.018743860726003786,0.044483853430083965,0.018529043736947935,0.024823481890638825,0.018493297257374162,0.01077280902544605
2020-04-27,0.0726741736551524,0.08967838900103864,0.02619022155945204,0.017984026398158017,0.017893940445981155,0.04403049654819987,0.016905194396984936,0.023433579542828008,0.01777766885024995,0.010346109646294295
2020-04-28,0.07040192616193258,0.08704509661188048,0.024422677952143368,0.017203047933259847,0.017740323947842414,0.0435633562076581,0.015660404388493664,0.021887878030482404,0.017191449143271555,0.009956022899555089
2020-04-29,0.06782680840504951,0.0839695696649164,0.02253255230124995,0.015442136804904076,0.017219562621800143,0.04387370462581553,0.014766394751039478,0.0203627484490053,0.016508841618936135,0.009569474998699763
2020-05-04,0.0739566032474785,0.08457494734793272,0.023419943539972787,0.017637471555774803,0.016545600405996137,0.04173055757540211,0.01394427218542195,0.02019023504953549,0.015859012468840715,0.00923954890541763
2020-05-05,0.07120878161003576,0.08296259980062662,0.027373278371931698,0.02032952502444183,0.022051848590505477,0.04433401749381285,0.012959808909533079,0.022785986338220862,0.01543074848966854,0.009448529193537558
2020-05-06,0.06864383974948737,0.08008778164859623,0.02546011532705976,0.01811577857812487,0.021282952881185736,0.042599745132941756,0.01263263373592035,0.02098837866729979,0.014846791913462533,0.009115053629156373
2020-05-07,0.06668804385203563,0.07739185145564619,0.023360143896002813,0.01616833088157659,0.020662553642876582,0.040539728438096306,0.011708850696402586,0.01968357049464324,0.0144415859859049,0.008824494150706252
2020-05-08,0.06710697852587214,0.07539820197207368,0.021798134341917474,0.014817528573058514,0.019676561383728797,0.038692647984360715,0.01096026344774967,0.01828540756237409,0.014676500365254917,0.008476444399100856
2020-05-11,0.06485442789751898,0.07285643051718331,0.020810902477083556,0.013526873809367878,0.018886199606821422,0.03896329078894882,0.011375623895938521,0.016931963305670202,0.014290847628221394,0.008147798222677156
2020-05-12,0.07540963971330342,0.08057956001097971,0.019325750039502126,0.012239359782901787,0.018114935633578043,0.04441495596442948,0.01064432240188344,0.015878181003791274,0.014310892731680167,0.008104758655032736
2020-05-13,0.0731002237580594,0.07811280206637009,0.018222368835129406,0.011154802115192567,0.017290137851924986,0.04499944183631552,0.010368591528731385,0.014829501539269565,0.014182544009913827,0.008281436614028397
2020-05-14,0.07130146480157759,0.07620986366975822,0.019445626958786516,0.015440307023455179,0.016779365905446455,0.0427902312819957,0.009817671450303777,0.014365279372308122,0.01371083410598877,0.008302817563635843
2020-05-15,0.06971178707723708,0.0737098703605924,0.018106842519330375,0.01388480991648632,0.016804680967048843,0.04083109160472364,0.01191253994900321,0.016612136166914256,0.013412292651141506,0.008036552241442
2020-05-19,0.06844945552462227,0.07199195864683999,0.016739798568514656,0.012700678239904435,0.016055932061806846,0.03990514886476327,0.011884263557796773,0.015339410106546235,0.013098807043078768,0.007720474823343693
2020-05-20,0.06694722986897493,0.07335155872259322,0.017413318551177004,0.01232143974883406,0.017153754147640463,0.03863022549212622,0.013296362715188493,0.016867155601569393,0.012724005688521606,0.0074244471190257465
2020-05-21,0.06479548656911042,0.07099550140308286,0.01790623527333821,0.012192801920908387,0.016464899305541302,0.03709745784156024,0.012380513951328546,0.018048842477987836,0.012446530944675632,0.007269818880464103
2020-05-22,0.06441609588687555,0.07024860625783087,0.017008317400326756,0.012206791958349405,0.015894839046604655,0.0353399919858434,0.012675038522394808,0.016640453911903715,0.013003273307152558,0.0070368981321146705
2020-05-26,0.06214631942404963,0.06846492925241617,0.015668618711519425,0.011150122834325404,0.02263008020693255,0.03535789860849697,0.012073833850617874,0.01566734175292402,0.012633572206627768,0.006788440835773386
2020-05-27,0.06085953475980208,0.06651331383876063,0.01596423241552543,0.013684818832876111,0.022716881356827544,0.034395718409614154,0.023622476777767295,0.014624394866500239,0.012543853156144312,0.006744864768316304
2020-05-28,0.059421003011786766,0.06481751470892078,0.015223590096370167,0.01290938409802803,0.02157213004096731,0.03278292023537628,0.02226642286722626,0.016561492829234657,0.012165651966265347,0.006576308686141213
2020-05-29,0.05837348996260525,0.06434951462865131,0.014066964890261982,0.011703950607712931,0.020437460422591144,0.03184381159107104,0.021197968352964187,0.017206031879248563,0.011855126123557293,0.0064081322968053255
2020-06-01,0.05656020959951427,0.06233884958237259,0.013036690198426515,0.010909436497686048,0.01956127771482862,0.03125500835704526,0.020395906830104237,0.01607646685100423,0.011749895477533245,0.006193642099063048
2020-06-02,0.05774465831256298,0.06653553681592794,0.012135013327895733,0.010082979900406085,0.02020528381624962,0.029829850575850737,0.018311197812766567,0.016311253321466032,0.011520426932969653,0.006189554576897166
2020-06-03,0.05893764857368531,0.06533232947217855,0.011937465663713951,0.00934037844758762,0.019591851832812028,0.030096163989445215,0.017194356935297965,0.016340434506012063,0.011283061286628511,0.005991905352412195
2020-06-04,0.05692462366191294,0.06343756077237747,0.011210726077078126,0.008778042495843642,0.018661985120223674,0.029273124292864213,0.01593677289829643,0.015095435761809717,0.012451021074309137,0.0062814726085453935
2020-06-05,0.05523982607724737,0.06148174621665478,0.01049221405372006,0.008281975638506087,0.01791293896291238,0.028145433760978476,0.015108391434598857,0.014024487442863116,0.012706658989903254,0.00627574997868589
2020-06-09,0.05368173278395157,0.05978691299235416,0.013421843982504188,0.011130244385384108,0.01768026797972838,0.02730566744789214,0.013789713113146944,0.013518890103434395,0.01372789721800826,0.0060336468290345825
2020-06-10,0.052042029047068034,0.058122797132442755,0.012584880834091086,0.010884110110901157,0.01731030866489487,0.02809233365626266,0.013498124253201823,0.012841553533987506,0.01426653523173782,0.005812554198661698
2020-06-12,0.05039071592271904,0.05644449385432404,0.012028240112414537,0.01027791075348418,0.016523831504914523,0.026896480349691748,0.012927723533949059,0.012117154802617085,0.013782435771900312,0.005604269135246564
2020-06-15,0.04971482447526182,0.055522617386757955,0.01777119661661892,0.00950413126313751,0.016677476238282293,0.025715391053460403,0.014360690443438991,0.011365167117018592,0.014031121020440124,0.0062519981772644504
2020-06-16,0.048321900967645846,0.055068327435672255,0.01637456160584423,0.008850411708280537,0.017751187683879552,0.024563437443445454,0.016279553628019573,0.012991285413519637,0.013811617665911853,0.006228486844982883
2020-06-17,0.04689670538240597,0.05371571935958115,0.016595090568027812,0.008366063655997704,0.01829462527076573,0.025196721535966665,0.016179958619436018,0.012636570732753281,0.013375213693616647,0.005982902821907662
2020-06-18,0.045521758633462674,0.0522469168887487,0.015390426084922677,0.007995502017882523,0.017925440848169157,0.02744655185919909,0.0172660530208219,0.01194897601912351,0.01303936414131963,0.006233885129602141
2020-06-19,0.044365906890623606,0.05090497668882883,0.01421897751526343,0.007834799098540648,0.017086302383460983,0.026180793975952726,0.015886357214905632,0.013072103493531684,0.012671091128514712,0.0060049760510368436
2020-06-22,0.043474760898896146,0.05009156967645485,0.013516091113840157,0.00750790750316235,0.01639199133740672,0.026358081395481632,0.014448113280553669,0.0129743468764494,0.01244356896599805,0.005800699205416988
2020-06-23,0.04331720396431764,0.051467031102304765,0.012603824176038829,0.007280335611143687,0.015811218816502107,0.02646623006847466,0.013259307693258131,0.012189752120058552,0.012085159996561434,0.005605093207320494
2020-06-24,0.04228105408917925,0.050123317664704646,0.011738644391359998,0.008406351698967043,0.015432893863359482,0.02547769776290977,0.014208834034505067,0.011826927608901118,0.01173863689745286,0.005664367992236606
2020-06-26,0.04270976863168597,0.05002667010021704,0.015466398042244043,0.010383693826261706,0.014952213401877506,0.02685428983132281,0.013038697340212669,0.012737919109292341,0.011527739588495223,0.005489665958994802
2020-06-29,0.04200065370108527,0.04941494091899508,0.015352597867598145,0.009586324505696506,0.014647356366305675,0.02717685527840015,0.012117798757268802,0.012093737754943075,0.011225406912012117,0.0052824077966772305
2020-06-30,0.04090455253736372,0.048228596974273466,0.015258257915901323,0.011112915291189782,0.014332052792813217,0.028578990127141303,0.011869383935078826,0.011481183089779901,0.010943110766973576,0.0050804363912927974
2020-07-02,0.03994298189692164,0.04713446759679118,0.015273383284543007,0.010568926288608194,0.013939874267468306,0.02796257330457971,0.012015468555140905,0.010768299745703367,0.010916474366553115,0.00488677084536254
2020-07-06,0.039042510719125234,0.04607134073358539,0.014260849190056088,0.009745872264618382,0.015281686852787458,0.02677362123943573,0.0120674614213055,0.012364286972851779,0.010868277374803751,0.004791835383639294
2020-07-07,0.038320145151343875,0.04618591937648275,0.013310909131050017,0.009952531263875887,0.018120531145777573,0.025904897027421193,0.013019697732896827,0.01199570225707139,0.010803369208129809,0.005458925357147636
2020-07-08,0.037789968860003936,0.0452868604367572,0.013192685924612,0.009579394851138297,0.017764202473532026,0.02479002620077066,0.012180916154417005,0.011249825744041821,0.01065511445234665,0.005253209769722694
2020-07-09,0.037503323695310856,0.04528801060210088,0.013315673016910272,0.010353535211729293,0.017332759938976535,0.02519338437931194,0.011398618660661804,0.01058486062694389,0.01075601941390524,0.005388075069004867
2020-07-10,0.03722513632829323,0.044619692029857674,0.012771764921211825,0.010806538232287565,0.01653865197403619,0.024517874275986867,0.010737058527898451,0.010298232225301369,0.010890599632835951,0.005227975530898123
2020-07-13,0.0364230465752664,0.043686103181743846,0.013127536355189826,0.012357187229704034,0.01625843217089433,0.02365458069682429,0.010180381613463869,0.009733800162283295,0.010661842290578705,0.005225083997610399
2020-07-14,0.03577557457309899,0.042880111840366074,0.013039714375990753,0.01147926887329551,0.015558798344521556,0.02326671029368803,0.010091614423902556,0.009237260811355603,0.010450336545919887,0.005071247980560999
2020-07-15,0.03506166675639695,0.04203211833418412,0.013581901903696798,0.013407640198431442,0.015078906367237865,0.024241979915893462,0.009597366659865086,0.010103736171839104,0.010241423017847797,0.0049803162772335124
2020-07-16,0.0344568145826421,0.04128920998050153,0.013122936440329684,0.012741842511698721,0.014498406153621404,0.02324332850054696,0.010246286059870857,0.009598611432769483,0.010037084663147691,0.004802355389399506
2020-07-17,0.034140472495858866,0.04126611711232697,0.0127429118144728,0.013043723169377528,0.01581565064304833,0.022915363351747188,0.011257759287239533,0.009297042127991538,0.010355645322005858,0.00492320491170244
2020-07-20,0.033534066327838265,0.0405347246019525,0.011873212704478851,0.01256165851986206,0.015248034129271018,0.022338743685461866,0.010964814762745422,0.010317732013256541,0.010197102028197203,0.004731870097076534
2020-07-21,0.03300773840559838,0.03987779908983799,0.01114695002645432,0.011401634950518541,0.01470586418325635,0.022095404709128214,0.01130346009677712,0.010045684012442858,0.00999582412084598,0.0046719496607134595
2020-07-22,0.03301725478207796,0.040333473592568024,0.010431325237744205,0.010546104051717402,0.015754294823004125,0.021418514991799264,0.013390305002177867,0.01059432718238428,0.010339234058116844,0.004498849975232711
2020-07-23,0.03260371886749512,0.0429698641057448,0.009792005136826001,0.010256913341475786,0.016803825028848706,0.022766034032730934,0.016696931645277677,0.010184340497986158,0.010265178167214147,0.004407886216040842
2020-07-24,0.032113351001758605,0.043740319074745265,0.010308100126584173,0.010453400509604825,0.016276652432535087,0.023400971420905005,0.015164885988628831,0.009997156611256707,0.010455509145255719,0.004237729977471586
2020-07-27,0.031732998569979375,0.04297158574833725,0.010008472057835775,0.009694740788837258,0.016851971251153525,0.022898312502057094,0.014007669662225249,0.009497219106384592,0.010251649334123234,0.004072883781992431
2020-07-28,0.05055349302711929,0.05589612899882746,0.009655114093144257,0.00984034428455294,0.0161524569804577,0.022751436326033,0.012881622266442985,0.009293515520813245,0.010642824229709837,0.0039197912143777
2020-07-29,0.04902883727003597,0.054474106700755656,0.009194145768760438,0.00936322016225567,0.01574849404123739,0.022394865043342645,0.01236143844276199,0.010788411043019183,0.01059456839416343,0.00386250290768759
2020-07-30,0.047717215693572915,0.052969198538268855,0.009910519538124248,0.010409695591223168,0.01518593173420576,0.0219054500742417,0.011477406390745477,0.010497850555600388,0.010404647701305772,0.0037232482038112823
2020-07-31,0.04633207088226301,0.052823397027681115,0.009760805567158788,0.009906499663115235,0.014873127777135784,0.021059647126174412,0.010753951057354392,0.01081586202307114,0.010460986683483322,0.0037172135429543365
2020-08-04,0.04525976585006235,0.052053616360397965,0.00977220178129985,0.009185926997441096,0.014315981095631519,0.021143120334184497,0.012991446950555964,0.01018481350500207,0.010543816889731099,0.003614577892223846
2020-08-05,0.044066316201345365,0.06020816477360147,0.01066852005457795,0.010368303161821834,0.014845664404123498,0.020877622213127802,0.017076772541997687,0.009865868275554192,0.011484757294619627,0.0036817235467214663
2020-08-06,0.044543148385538564,0.05876596485425547,0.01011820065113051,0.00956539572725186,0.014357837651451107,0.02010653153624128,0.016405629734239827,0.009352804430733209,0.011515176074928865,0.003554913698727599
2020-08-07,0.043335481959518286,0.05745247065507392,0.009487237181791962,0.008969176102892697,0.014218732514888975,0.019352563720611376,0.014891897243800516,0.008992824059832651,0.011236061811474256,0.0036969840181348
2020-08-10,0.04251466550474423,0.05701260291533816,0.0089241414559591,0.00843608756428281,0.014433251056189112,0.018650198619392645,0.01409857744685008,0.008600703380965321,0.01198666541827625,0.0035530772277898946
2020-08-11,0.041840959567393456,0.05639034300123197,0.008534425835451272,0.0088799884796912,0.013959823786374472,0.01940675242324146,0.01647419321226835,0.008538475760381808,0.011757794391255318,0.0034411570665520176
2020-08-12,0.04260588634965215,0.05598665996817404,0.008593867277351864,0.008950234805823474,0.01489873480977414,0.018657158157941483,0.015054227820440786,0.008401506771895967,0.015551785458170883,0.0033160189706220823
2020-08-13,0.04154884244516999,0.05468475149430988,0.009026042384251184,0.008413937640180322,0.014710323131141324,0.019078382380334952,0.013756468242756816,0.008204892438197638,0.014972694068830096,0.0032831617505674864
2020-08-14,0.04061339718789626,0.05796891824605549,0.008686231006298197,0.008825080571579045,0.014163755179452982,0.018491012541026527,0.013261126935865685,0.007962846598808858,0.014534695219684514,0.0031980672082920366
2020-08-17,0.03960236512623414,0.05650885911604278,0.008269169061367185,0.008290375999753494,0.013666921178500482,0.017750409355156524,0.012831004393314617,0.00813625046940494,0.014126219257007125,0.0032094535111245027
2020-08-18,0.03992912854835975,0.05527775210309316,0.007851340949486434,0.008588145935565257,0.013293645439151085,0.017315817212386304,0.013160307994249092,0.007982127461210582,0.01445695750274452,0.0031279447111655567
2020-08-19,0.03958597411168068,0.05391503895959237,0.007557872378490992,0.008190522542547032,0.012891287251509138,0.02024082653555386,0.012269170129355975,0.008954866574862566,0.014029251591959977,0.003024184967853778
2020-08-20,0.03936868778843855,0.05402232300796655,0.007818774942746997,0.008924703300383455,0.012839078240959742,0.020558424526564405,0.011396420220106493,0.008563958779192455,0.014636400841957187,0.0030168352654194137
2020-08-21,0.038509167795752225,0.05287788909240679,0.0076576743557368295,0.00896405127068588,0.013006575320721329,0.020789852996601604,0.010751178991876503,0.008509804690927296,0.01435437400208699,0.002962127584463239
2020-08-24,0.0384653768437466,0.054915986472299866,0.007406188037024106,0.008998137542893539,0.013206878019566194,0.01990506667170157,0.01021631223111877,0.008380398140878723,0.013842417697992635,0.002849189533427351
2020-08-25,0.03770871818488833,0.054592750832580014,0.007722469466314499,0.008720447910560142,0.013632831371485011,0.01963014663013565,0.010081141850579489,0.008408290273570498,0.013431610009033534,0.002759657558486264
2020-08-26,0.03919208094964699,0.05648408087124213,0.0075411527886402345,0.008432674583439976,0.013448864081723999,0.01910798299544473,0.009644777141091408,0.008410459385621214,0.013506982469195789,0.003316740550358298
2020-08-27,0.03832797291304877,0.054876480253627714,0.00813037239649825,0.008365081994781118,0.013018747653890841,0.02073820461048177,0.01002099233033686,0.008448746507492305,0.01345214410114975,0.0031923187131054995
2020-08-28,0.03793952049207228,0.05353517287055964,0.007766891847396239,0.008589163362764066,0.01301055830748839,0.020233849147948568,0.00992043685556495,0.008158583528256803,0.013379844560135589,0.0031794074680312778
2020-08-31,0.03718317669413143,0.052465978875164236,0.00741346900632667,0.008880392818791032,0.012622163867497265,0.019381506161961007,0.011472472957708044,0.007878683448665845,0.013344590980274408,0.0035404322053928035
2020-09-01,0.0363796365625621,0.055553249697292875,0.008370603876537784,0.012425279004409292,0.013340121233647879,0.02734554884671407,0.013909483042815602,0.013245256290176982,0.013045179761169945,0.0042110613984293185
2020-09-02,0.03654044499094291,0.05971583338988075,0.009523122034996324,0.012142446993976297,0.013115633853379896,0.03006660601340073,0.013400841367448988,0.013280507944281497,0.012706415133035926,0.00453129096901415
2020-09-03,0.03934066154963703,0.06282386734922318,0.009560583515975342,0.01105685386939716,0.012906809858973951,0.02963859837339508,0.01316383360379743,0.01236249048019167,0.013445195597532272,0.004619353074526298
2020-09-04,0.050136637527661794,0.07100988939393699,0.01647470767508346,0.011929633196888383,0.012595091709687398,0.029086369251572212,0.013112933380221705,0.011554737042861342,0.01304492900024336,0.004439376850920094
2020-09-08,0.0491197734212502,0.0686915320401416,0.015363406073089603,0.010999786890632796,0.012552018970706316,0.0277392574623916,0.013674755734367985,0.011906603330012153,0.012624286800738616,0.004328822735773735
2020-09-09,0.04882733810270306,0.0764310699764221,0.017227253224622496,0.010569671735765814,0.012210151034329575,0.02657438423859183,0.013366153739415411,0.011150413412190118,0.012314572942310129,0.004225362320567369
2020-09-10,0.04742433380450613,0.0745269091048029,0.01772285596904555,0.01517628631155957,0.011963489367552682,0.026313696754422508,0.012809455965331382,0.010495160365189297,0.012040497330479974,0.004089862928191234
2020-09-11,0.04604416532831248,0.0728389072530566,0.018218875062351866,0.016117982052380644,0.01197869003721508,0.0274408057900833,0.01212931196346866,0.01067354014220626,0.011693313345388104,0.0040369007515638315
2020-09-14,0.04471596793972503,0.07051446662330893,0.01676371460731829,0.014539001775190422,0.011908609798697359,0.02620021617290142,0.011524669132894514,0.01006083961971444,0.011590891711077139,0.00388072943005493
2020-09-15,0.04394829537618468,0.06820701443632848,0.016017137620250033,0.0133537338332692,0.011732032468218181,0.025448538753457407,0.010839468858493849,0.009575888707322525,0.01135753891469332,0.0037351063649327353
2020-09-16,0.04282321675045649,0.06668295538949526,0.014963177449073278,0.012267109407803449,0.011603645156437225,0.024406089201195046,0.010202600150688492,0.009576694033530253,0.011073648301115539,0.0036235146016835944
2020-09-17,0.04191683444213292,0.06455845128960101,0.013863930744381405,0.011307531066994659,0.011386053042058964,0.023335742570719745,0.0104598243658816,0.009650946087447002,0.010825181947956961,0.003547538669448959
2020-09-18,0.04091041368000564,0.06421951142419814,0.01366418239164468,0.010745615804823187,0.012386730643058461,0.022407532420639167,0.011307235466273002,0.00994375736754529,0.01109523736373217,0.003544856941163301
2020-09-21,0.039889995449381335,0.06235008834948021,0.013361959811724354,0.01007097762048128,0.012160938508610896,0.022072663581355276,0.01074404529512189,0.009421317954459796,0.010889662666614935,0.0034085377315857097
2020-09-22,0.04140943463735286,0.06868104758111557,0.013295325768754836,0.010211686594884757,0.013328506011360692,0.021461518510614227,0.010285397622942562,0.011980552308798713,0.01238918127533114,0.003282858869085888
2020-09-23,0.040369869058653675,0.0664727444440466,0.012928721444646005,0.011784459518277517,0.013150786758309158,0.020627972291675324,0.009787271124312049,0.011555224704183673,0.012023271323919832,0.003159116303147988
2020-09-24,0.04046210457893579,0.06739867215863769,0.01536560416149462,0.013689872860904404,0.012747650980086744,0.019877510054485206,0.014251333326755648,0.010886887614246615,0.012749600336415774,0.003053198049152361
2020-09-25,0.041955257630996785,0.06908487672572983,0.014371165869590929,0.013837230418918543,0.013036246976448496,0.021910188540843572,0.01354194730809684,0.013595635263161819,0.012454999572852515,0.0031078039947110563
2020-09-28,0.040981362067534055,0.06684875714823554,0.014278358234303797,0.012674428611559856,0.012698154470248335,0.02156507356802278,0.01355493613843288,0.01454340342932629,0.012212470237989735,0.0030128703781760343
2020-09-29,0.03994731845060134,0.06472993254785196,0.014434817596213003,0.012558487312934005,0.012737407563332333,0.021118879995364704,0.012465061147597357,0.014557447522885365,0.01196407207379952,0.002896937044595431
2020-09-30,0.03915240761147845,0.06279867785296205,0.013363456804769929,0.011398979511334638,0.012439585080735553,0.02036570076293501,0.011637005943087886,0.01354179049382241,0.012044848742490604,0.0029654315042148653
2020-10-05,0.03834851883515424,0.0608770805161565,0.0125721393691677,0.010644050187704097,0.012252621536795422,0.01952018271558985,0.015592742440942558,0.012595312767292186,0.011787228846179448,0.0028977944094801143
2020-10-06,0.0375726930732737,0.059490267697918854,0.011865856294930815,0.009882345586620593,0.01208410499165076,0.019280888008327716,0.014576087428769771,0.012852487434559148,0.011512692429882239,0.003433803509802178
2020-10-07,0.037379544399571696,0.05892044837312637,0.012870828898316004,0.01114924846445061,0.011934715473667932,0.020171210499639245,0.013343016814470799,0.012516949202789807,0.011429318109523185,0.0034046656922296827
2020-10-08,0.03674049672909424,0.05723480889724421,0.01544964375832533,0.014353059648675327,0.013107033585526373,0.01958392932146887,0.01700407879703687,0.012887561735619326,0.011129319614703375,0.0042209264904988966
2020-10-09,0.036256872606561734,0.05581151321306624,0.014323532641321276,0.01295278297777187,0.012802167677330249,0.019881673068355143,0.015429814994972691,0.012096123058869111,0.010862101275980078,0.004191232587800615
2020-10-14,0.03556441073484427,0.0550136346449246,0.013351492878204078,0.01205078217833553,0.012564074310476434,0.01933245665719246,0.01442709059771509,0.011353055967680922,0.010920241967424067,0.004153919848284646
2020-10-15,0.03619823412011518,0.05446112052191299,0.01266188060680217,0.011210917969470593,0.01460844809168762,0.019144500466738525,0.014767190683520004,0.011097238519156827,0.010744446354254927,0.0041886527469156935
2020-10-16,0.03546173886713918,0.05307335168878586,0.01201807099129059,0.01027860400347033,0.015835369667378064,0.01840295914301431,0.01354754615859526,0.014466688827891441,0.01054593439865301,0.004215216737326741
2020-10-19,0.03513236259571228,0.05237383281378758,0.011178697987602237,0.009549569761091687,0.015487740287443428,0.017699172488777008,0.0124979216828824,0.013679264718863745,0.01031900536489974,0.004058974902809791
2020-10-20,0.03583189507977586,0.051799255816835615,0.012061796987268164,0.010172899662581773,0.015021827822582535,0.017204749333045354,0.011924683996892919,0.013175156405885227,0.010126698159976388,0.0039087871149742544
2020-10-21,0.035316698111001,0.05109312861208111,0.011424514014688527,0.009442271868264601,0.014464432567628431,0.016913651363204364,0.01109995410225828,0.012326301679129143,0.009949866726391393,0.003786398563996627
2020-10-22,0.04020804813589146,0.052145630273852765,0.010671363967567097,0.009220477321457025,0.014165617664631596,0.01626481851904009,0.010460624928956436,0.011600469391990338,0.009904818118607338,0.003647545410637679
2020-10-23,0.039283236306882824,0.0525290769046565,0.010145797413554229,0.008899755725383242,0.013671244350967676,0.016109315283338723,0.010566804171507722,0.010932775033065174,0.010152788552298033,0.0035071283730781833
2020-10-27,0.038385365923712306,0.0512407138290044,0.009584854219152415,0.008353324089821354,0.013350913944329816,0.015782793261253505,0.01006280420390381,0.01033791480084748,0.009953966380658694,0.0033730777944083073
2020-10-28,0.040584897817508854,0.05006146902309232,0.011574199802045066,0.008699678961987157,0.012937730099449873,0.015424322428511971,0.010897984523323917,0.009765370011561992,0.009852143806514278,0.003349212073203006
2020-10-29,0.040777731336751576,0.05021343826842556,0.017997052728169583,0.014441146807629984,0.012647743325700454,0.017462844388637207,0.010271416492562975,0.010721166360614662,0.010697389831844642,0.003268970389103089
2020-10-30,0.040066451724931486,0.0489337581720287,0.018151252671050003,0.015716974812754383,0.012344600632169493,0.018453500153875625,0.009754797424113365,0.010160345988064085,0.010462257932737869,0.003933241124339175
2020-11-03,0.03908900797270134,0.04791822607987121,0.01764195711759686,0.014418241322425378,0.013528701379901642,0.019144629011716038,0.009519125709854874,0.009763625199601727,0.010258470198505978,0.0038423308729874546
2020-11-04,0.039022661372018305,0.04686799726183546,0.02014685580470762,0.014744578130795398,0.016816606103727632,0.018688040356340942,0.012239914393021816,0.010915795809325644,0.01083236009631091,0.0037572228250556767
2020-11-05,0.03825863109328509,0.04677921950379702,0.020535869781823857,0.01329965316525074,0.016069403616303667,0.01949237308179076,0.013066570627667674,0.010863029739591279,0.010656610110683142,0.003680568661291426
2020-11-06,0.045472130821779325,0.04606744664490663,0.019659584011545078,0.013624171565373423,0.017453513947740962,0.018849827640224543,0.012664040643887436,0.011228611589358848,0.011495078083914256,0.0036938569645762758
2020-11-09,0.04424363991960655,0.05063229448652385,0.018147403910978542,0.01269167439073912,0.016666185552756802,0.019943892327429234,0.011965626819761347,0.010882784529214649,0.011198600003409664,0.0036899032539745
2020-11-10,0.043443503355688626,0.04994919401774897,0.017031906957481482,0.011680505400664183,0.016180898845080897,0.0191192269768091,0.01190008765016754,0.011257948140895374,0.016343021973979483,0.003589390705561238
2020-11-11,0.04231217917689783,0.048733178758736166,0.015718644843473278,0.010969354159251314,0.015780553585188754,0.018908843027226823,0.0113211375273285,0.0114350970513229,0.015877118705918812,0.0034520463938807994
2020-11-12,0.041921056421032235,0.048196630346076505,0.01510390811021564,0.011726801844234403,0.015133461511688474,0.018137221754960936,0.012963642219646522,0.011645795062669186,0.015296137439340949,0.0035320039398401724
2020-11-13,0.0421095848448964,0.0470428655591513,0.014190783048056455,0.010933468691385274,0.014546084394802468,0.01877408377168212,0.011982901172230326,0.010921582025419225,0.014866279168299745,0.003554138038190132
2020-11-17,0.041012254330843226,0.046599859744115915,0.014532417027798028,0.011643065557663828,0.01404166990884523,0.02096292653282998,0.011468408425910088,0.01046066837385289,0.01449068584281754,0.003579671791230711
2020-11-18,0.04452265615263988,0.045525941385699625,0.01343514047975466,0.01082341099904864,0.01359445918493551,0.02029632739921715,0.01077312466592801,0.010050720220579654,0.014075525972953772,0.0038393438910837383
2020-11-19,0.0433087311611422,0.04453063533454061,0.013186927490336744,0.009944352236994265,0.01324542565602097,0.020591825272657634,0.01062322268134993,0.009679402575768995,0.013650643626692523,0.0036950869609051903
2020-11-23,0.04215532620945929,0.04394510191549008,0.012256421614452997,0.009228817815229932,0.013026907737007374,0.019763236192126027,0.010025487960883048,0.010407588470848115,0.013323611568682659,0.003560221185319742
2020-11-24,0.04155509153716707,0.0790013066867782,0.011573428940540744,0.009029006015340964,0.012642997234958429,0.01902511524247416,0.009622534579051087,0.010203245634186443,0.013442324798998904,0.0035639460687337927
2020-11-25,0.04181967564208467,0.0763480549101244,0.012391662735723992,0.009409804759888708,0.012376008577540343,0.020595517714196765,0.010753040399212882,0.010289320530182866,0.013606652777234017,0.0034370414052213487
2020-11-27,0.041533670822124835,0.07578459879030952,0.011747559845376574,0.0092916524478865,0.012054796520131535,0.020158665629334292,0.010483106469258083,0.011801367622478465,0.013180625851617602,0.0034809559542264322
2020-12-01,0.04866987698355668,0.07806486314310779,0.010984211933824288,0.009147007707341026,0.012081419269017589,0.019331151519757287,0.010556493892577219,0.011493609347881144,0.013079793930135244,0.003359768141546609
2020-12-02,0.05383856308321839,0.08219390167672898,0.010454715266768715,0.009179874996385121,0.012318249248492858,0.01857491172987021,0.010005108215397747,0.011297280393167835,0.013202850421523275,0.0032314649691800494
2020-12-03,0.05219423416862019,0.07937513636074266,0.0099000615960242,0.008926798462640053,0.012130919656675709,0.019305756148818316,0.009960647023980466,0.010754745892451057,0.012771024705063408,0.003417093678422675
2020-12-04,0.05058760374585702,0.07696106917878642,0.009303641972301553,0.008378990290076991,0.012030883969989843,0.01876438521187995,0.009495813588194324,0.010135419742219189,0.012425967338574685,0.0032844466148805717
2020-12-07,0.050400252685714034,0.07749731767896463,0.00963307933685059,0.008196919965059356,0.01190157777018925,0.018044775858961457,0.009145972901106018,0.010378488945603814,0.012053525394730449,0.0032435398503324634
2020-12-08,0.04919188466652354,0.07539124989368527,0.009164323328485675,0.007969896391418393,0.012247230543646794,0.017335784334273484,0.009056843272007007,0.009991234259698872,0.012015345811332285,0.0031328497732719678
2020-12-09,0.049630689353488446,0.07495554044062608,0.008841987367788236,0.008168642522405862,0.01200474080990066,0.016883870826114474,0.009049846891623067,0.00963104244190274,0.011774393395111651,0.0031278629777200346
2020-12-10,0.0481213346393711,0.07274028937179407,0.009630772639243066,0.008310556271947385,0.011769207871102728,0.016419176674467333,0.00879620925980895,0.009338510361701434,0.012702470527731017,0.0032135098085281223
2020-12-11,0.04693906725400548,0.07066278023361865,0.00905505461187413,0.0081101061590542,0.011512304027994849,0.018134490516136983,0.008943890979144671,0.008906047007556206,0.012309983109884858,0.0031827258685995508
2020-12-14,0.04586890792246099,0.06888548010566725,0.00873781478194355,0.009073524255196372,0.011285391374377871,0.01937448174548921,0.011414640996252175,0.00851938866272432,0.011942677885036406,0.0031652335136159396
2020-12-15,0.04774720638148544,0.069035024776517,0.008474246877378942,0.009109178296626028,0.011145921251459655,0.01860488213280799,0.010682660587795358,0.008237300405035298,0.011703248227825005,0.0030428865206238655
2020-12-16,0.04635778722520639,0.06680026477299127,0.009522204790785976,0.009201935864862981,0.011055969131101384,0.018829127179163383,0.010084849951699771,0.007960743422050278,0.011783158959999495,0.0029582478426599073
2020-12-17,0.05156096670704627,0.06739180047236029,0.008956456164741264,0.008673870973459981,0.011136229102238682,0.01811925279398618,0.009657102072762942,0.00801037515521268,0.011455081737266734,0.0028724971052015735
2020-12-18,0.052955731993754,0.0652403995307662,0.008527315847997145,0.008527799499057255,0.01110109934198143,0.01739569015813674,0.009594371715503546,0.007764112532467482,0.011571756825074669,0.002819050544642562
2020-12-21,0.05131150253557012,0.06327703421207109,0.008339112657324782,0.008844986144406632,0.01114368881302778,0.01704862985684524,0.011461801995511882,0.00753435891716232,0.011279086539868843,0.0027332368887147867
2020-12-22,0.04997516630196062,0.06450197368824485,0.008035091567216992,0.008530752060900988,0.011097570497954436,0.016477776658415277,0.010788686801923233,0.013043935611078233,0.011016300473253846,0.002641314921670607
2020-12-23,0.049908385776140596,0.06341282869445203,0.007669294369525323,0.009012698572048738,0.01093802532991266,0.016092892988377634,0.010295927539764193,0.013088825266149027,0.010771198760617485,0.0028241727492182146
2020-12-29,0.048832609914166054,0.06542964908848761,0.0075119095132825655,0.009233050527489439,0.01141638474699397,0.0168731838709132,0.010912807266492046,0.013082319655453225,0.010670663168925674,0.002983953162604075
2020-12-30,0.06383750927988972,0.08503142330690006,0.007193937077638106,0.010890448019723949,0.011200796274636493,0.01716181755150423,0.01050813212103794,0.013047245856566206,0.01058761822205813,0.003983303530974278
2021-01-04,0.06300272304529915,0.08223968283696959,0.006919197380684519,0.010056099878360716,0.01244986546063307,0.01680369446441068,0.01022466984491918,0.012167861884749222,0.01038829899526022,0.0038452251265778
2021-01-05,0.06641126048648051,0.11589883594153623,0.008533233562275692,0.010787496376992438,0.012280607422991387,0.016779306297229693,0.011627922867510472,0.01150968394815532,0.011320047708620839,0.003949948417519852
2021-01-06,0.06623609695688712,0.11246449032122591,0.008809445920098816,0.011743553052973572,0.012277527449008223,0.017887938840734058,0.01120402573504876,0.011065286907547694,0.011115408984685531,0.003890490821372855
2021-01-07,0.06742735814475595,0.11079918976968645,0.008586540424601741,0.010712617362377037,0.011981808825826147,0.01719198985005948,0.01325456257711846,0.010478786110822567,0.012108599645891047,0.003743552115813637
2021-01-08,0.06731466785370273,0.10669950152184599,0.009608424729957588,0.010567466612353143,0.011802621380772252,0.017596696490118535,0.01259900209766169,0.009899933191700924,0.011761873512124568,0.0035984419712582548
2021-01-11,0.0654885880487858,0.10276242948804795,0.009286175380759135,0.009801270479985445,0.012136211195745684,0.020854499314287893,0.012647646706448195,0.01072586064339484,0.01476600700218978,0.0034722198463057827
2021-01-12,0.07558279083431287,0.10431544714433766,0.009299115640797984,0.009198665897106521,0.011838509189322359,0.020783381587517802,0.01176618037117843,0.010451080164544192,0.014301950448440268,0.003350288376704371
2021-01-13,0.07422545533258744,0.10127303864597632,0.008774735070130664,0.009088117729194569,0.01235669170524031,0.021029983259663276,0.010968257922998763,0.010115283523158325,0.01380562856798311,0.0032611605949190926
2021-01-14,0.07554172191360446,0.09935154449383898,0.008388899234931402,0.009874265168697091,0.012174713411215234,0.025172791581151016,0.01123037884253835,0.00974521914885269,0.013331105606448788,0.003411038113466846
2021-01-15,0.0737729757356453,0.09749756989021616,0.008135949496076794,0.009152684624438672,0.01215880039986829,0.024091919330274655,0.010881467197254729,0.009257277259534274,0.012902980356452577,0.003278630063560818
2021-01-19,0.07376839913436078,0.09475624551687219,0.008462829202011694,0.009122915418055124,0.011866045410696474,0.02654483855276474,0.010386406312151708,0.00988054006844049,0.012851020742578007,0.0031688029416731926
2021-01-20,0.07139053799258753,0.10057349159883898,0.008649603994907568,0.009659708104053361,0.015918649748711905,0.025982067573710042,0.011445818013451793,0.00963881242323323,0.012519360268731194,0.003068695197894719
2021-01-21,0.06900664727161657,0.09689460540585337,0.00952616314085258,0.00898184295180673,0.015542974140920334,0.024806128047193007,0.010705173891984636,0.00953021042131043,0.012506790893218702,0.0029502127458523714
2021-01-22,0.07960261822928796,0.1102692127700873,0.009108792914987783,0.010761305155244922,0.014983199708978991,0.02502638199706683,0.010113843690592554,0.009492909873653824,0.012177904893773487,0.0030384182959884627
2021-01-27,0.07875072370874668,0.10902296226987873,0.008676649920798633,0.0099188274753031,0.015094294286217128,0.023896577237957427,0.009696454351035569,0.01041617799500619,0.011883021880826026,0.002925277293629153
2021-01-28,0.07980798842177894,0.10498955662602821,0.012504333222730283,0.01225940548200419,0.01459388599245169,0.023089585315117175,0.009313047009056373,0.014137076220252145,0.011659500322640817,0.0028164981376050274
2021-01-29,0.0811712737992978,0.10226699633156353,0.0122607494872464,0.014571497968120427,0.01568914241598184,0.02489146008952523,0.009118430078452753,0.013547355339384453,0.011361298289504456,0.002742920208225001
2021-02-01,0.07825655078793817,0.09882914417861599,0.013981470585937785,0.014992470349843917,0.015351248781921375,0.02491380789036622,0.009525341347959815,0.013639735002436027,0.011084795264249585,0.0026664523911682325
2021-02-02,0.07575667125434137,0.09532455789990943,0.014059330119567481,0.015056059339665804,0.0159039595813547,0.024123464012753705,0.010409938794557117,0.020021279115342256,0.01089415259896889,0.002568074694285006
2021-02-03,0.07460329520270753,0.09557996409879328,0.014305263346044275,0.014921471315498513,0.01583522504404667,0.023064266670929427,0.011271260941907797,0.020678248342213,0.011113967298747356,0.002596868329755402
2021-02-04,0.07300644927514444,0.0947537707808273,0.013266977097457482,0.013577932727979811,0.01517677913276842,0.02206779902313201,0.011076511668980549,0.019108537042967576,0.010854143854486551,0.002620418739665342
2021-02-05,0.07056143579526304,0.09222523498243441,0.012764762099212236,0.012467904627302464,0.014736950567471622,0.021257578601608637,0.011413366795743826,0.017682802111507648,0.012053273720616892,0.002531350593097589
2021-02-08,0.06845370937833663,0.0908549897668587,0.011951797159048514,0.01185975216197281,0.014329469635643416,0.021057269369600305,0.012112618807584373,0.01631850751202347,0.012046153690548657,0.002456230231596303
2021-02-09,0.08456481219851267,0.0876284494108213,0.011233609772471788,0.010874802178023543,0.01381396567901122,0.020764289926988484,0.011492348009273368,0.015440609378020765,0.01185437862837907,0.0024452725035924465
2021-02-10,0.081314697551555,0.08454948436643797,0.010476545994418773,0.010120555396660576,0.01350123007984134,0.019882354889195663,0.011424248304688345,0.014291491333196705,0.011540994180904788,0.002414393094985895
2021-02-11,0.0791120916556359,0.08178000847748797,0.009838099953385672,0.009385432934792435,0.01401093560406346,0.019203847376611908,0.010684615032958391,0.013280583008535645,0.011233663663463725,0.002342104311259282
2021-02-17,0.07791905933148005,0.07904886960325719,0.0092350154268643,0.008929712610931595,0.013563466294970648,0.01850019098716213,0.010074498927252061,0.012404055159611288,0.0111779157015269,0.0022618992665111547
2021-02-18,0.07847925396120749,0.07678386733360368,0.008875800563135848,0.008393319620212477,0.01589874935420628,0.017868856285642155,0.00973441554711672,0.011639138223588006,0.012694322472360471,0.00222824695882508
2021-02-19,0.07567438122372126,0.07489376210584428,0.00880577109652423,0.008587592567835573,0.01608068962828645,0.017251158831006627,0.009445547803207213,0.011299446765572572,0.012302197684886506,0.002211393704417274
2021-02-22,0.07553528908702684,0.07237836768905585,0.008560798851691748,0.008117835334003924,0.015400642142363793,0.016626888912349036,0.010957565587267728,0.011441684691910809,0.01194376844831141,0.0022559288315748423
2021-02-23,0.0735114378010928,0.07518899473673257,0.008827216052956721,0.00803606431844465,0.015149340681857873,0.024043816800162387,0.01212089033778414,0.013129379545543062,0.01213548004296304,0.0021811936793917613
2021-02-24,0.07782953187690833,0.08109311614687012,0.008351207478863915,0.007964313817937342,0.014763339773797462,0.02504108371446512,0.011329617066458126,0.012228146770236672,0.01180760698572904,0.002142703247785906
2021-02-25,0.0749594230716599,0.07865154943122679,0.008686910195625121,0.007922936897515737,0.01682624439892193,0.023923096668538636,0.011094883803436564,0.012796192541662034,0.011559694882955917,0.002079607725498712
2021-02-26,0.07418051346509652,0.08083202868187885,0.012535386572608831,0.01105261424687703,0.016452340595506636,0.02525170137957855,0.010412398621949388,0.012186277280483935,0.01160749991056443,0.002003588799932088
2021-03-01,0.0714980389638445,0.07815434165078755,0.01177609459495311,0.010716136061337828,0.017535909135403933,0.024350743260517366,0.009851348255329026,0.015057591522039882,0.011909661331102635,0.0034581555172739525
2021-03-02,0.0716572507753297,0.07839732000628193,0.015356207630086565,0.014019419803076322,0.017921755433793034,0.023951554368471285,0.016378899202577357,0.01572276022536473,0.01158199218971973,0.0037229740044518182
2021-03-03,0.06976929263122657,0.0772479861749015,0.014973555758325971,0.012659427466593534,0.017707481436165743,0.023196935232741432,0.015326346446448195,0.014684030295607633,0.011274554808781576,0.003745153601797957
2021-03-04,0.06807011107435304,0.07571432256144646,0.014847395022971208,0.01177797829046787,0.018484930931601105,0.02217349979260459,0.013966548648542463,0.015303691806115703,0.011282297834180954,0.0036018384498427403
2021-03-05,0.06725148250661797,0.07369816285907156,0.015579395126678455,0.011980311659425057,0.019284975645002336,0.021230085848141053,0.0129550263902935,0.015325999535971344,0.0114932127282446,0.003784908342787335
2021-03-08,0.06483996753077673,0.07126979459669064,0.016560815413111177,0.012886429958554622,0.01832530349004582,0.022412251668036128,0.011969809208483917,0.014377493518819204,0.011192384751292148,0.003758650693029218
2021-03-09,0.0648523311660186,0.08313735464141037,0.015437442295448195,0.01167652217485323,0.018263529120946635,0.024048537377850256,0.01127171904066079,0.013340499761298972,0.011272980327624431,0.003612174378079648
2021-03-10,0.06385724499936721,0.08032914448823585,0.015445833946862289,0.011630765174314304,0.017689110953529364,0.02563299229577041,0.011640602648219789,0.013012522116519242,0.012339784444887245,0.0035484616328333345
2021-03-12,0.06163586258273236,0.07877731806874595,0.014286579957085615,0.010744612276228027,0.01690025708130659,0.02459072873751676,0.013799332139891684,0.012177163297162442,0.012031051404787201,0.004022014462638089
2021-03-15,0.059648752716443564,0.07633374222644056,0.013602943049422792,0.009923628797518987,0.016314738611954736,0.025874700350979052,0.012722393932837256,0.012120730521193734,0.011713493511830786,0.0039019672531275685
2021-03-16,0.058278282875831804,0.07376221047468746,0.012812138724149397,0.009197490393029762,0.01565992221084667,0.024702176129950217,0.011871407310720427,0.011577050525114258,0.01145575203742735,0.003753051973414019
2021-03-17,0.05633950277339332,0.0712972766672597,0.01202078884420973,0.008949585752894307,0.01507029978190676,0.023784294146711047,0.011333488254253484,0.01095266382072466,0.011161329220870734,0.003665764731512761
2021-03-18,0.05512007995383355,0.06895344077914016,0.011205640180928147,0.00846054207117281,0.014479623938689748,0.023592259544199565,0.010716104794303197,0.011286248949903366,0.010899597024803418,0.0035230439267594565
2021-03-19,0.05385185504466147,0.0672588354613337,0.012588425563146679,0.00997183412129726,0.014212135582908321,0.023765212175533255,0.012137806434109078,0.011755776944677382,0.010640630779171678,0.0034927752546371426
2021-03-22,0.05214414692341271,0.06528923251468302,0.011771234832772435,0.010684073619252988,0.013954988528112763,0.022941701095851936,0.011542064203582543,0.012481929054175287,0.010633268438690344,0.003648601521299741
2021-03-23,0.055198766141611004,0.0669256164594835,0.01099779131100589,0.009917412091918648,0.01363335951453809,0.023287734976477407,0.011043128923117191,0.011770638583837695,0.010492759863772958,0.003653251308859824
2021-03-24,0.05338268101994179,0.06489472525263315,0.010783966651663823,0.009773245463908585,0.013767214449474246,0.022635225979102877,0.010491810326527445,0.011120589134447913,0.01044397764111796,0.0035125225762492646
2021-03-25,0.05288746007347497,0.0645546497938777,0.01014203454368813,0.009378425207138474,0.01419282465862461,0.021708210061824086,0.01354517620884631,0.011727682296886383,0.010352722077927716,0.0034897460477277646
2021-03-26,0.051731120256758176,0.06254307362612406,0.00967808688397094,0.008743553556407064,0.01368559179091799,0.02268253065429663,0.012526695222615056,0.012234166327117215,0.010194629321798907,0.003356238754423388
2021-03-30,0.052799432591332865,0.0626394672815381,0.010727624876269402,0.00861557127602976,0.013916064973224897,0.021972793176023568,0.011680238661192648,0.01209933752174796,0.010017322815050396,0.0032289184396310637
2021-03-31,0.054141103398903094,0.06407995170156176,0.010092406998017162,0.008154980783755967,0.013786454418123102,0.02411849475466759,0.0124763552029361,0.014004876473633902,0.0115690818475216,0.003141695801070268
2021-04-01,0.05238487585511674,0.06308801487058888,0.010534525805829609,0.008922313968918707,0.013344667453284616,0.023080297457224654,0.013781080369642897,0.013017824387843173,0.012752565294616915,0.004033721425279373
2021-04-07,0.050745572874788675,0.06138984061330488,0.010253732435781674,0.008823515205324747,0.013722681641621503,0.024994062599051063,0.012731468999035149,0.0124302366020447,0.012377037649329348,0.003987640838920159
2021-04-08,0.0516638054189727,0.05954385313728276,0.01169560948930357,0.009386593340181078,0.013344380606348395,0.024306483702844273,0.012147454305362402,0.011607676933575633,0.012261857061815984,0.003979882387643187
2021-04-09,0.05175984044870838,0.0602587377016225,0.012355027032706443,0.011793158232399785,0.01476175105703427,0.023919815863662146,0.015229827944944575,0.012071558230101267,0.012818465117646895,0.005131837758621808
2021-04-12,0.050145240671133476,0.05854579982663253,0.011926364254953907,0.010800519913575663,0.014482650505469647,0.023153749155827304,0.013986108007300718,0.011300879925961231,0.0124995017075761,0.004956580267593515
2021-04-13,0.04909209167292337,0.05731911286466672,0.011106317632837402,0.009948057362008345,0.01405813463796332,0.023809571303934355,0.0128846640941881,0.01579481300107257,0.012173800723062289,0.004808262569887184
2021-04-15,0.050240809089709994,0.05865847157802567,0.010587608395191222,0.009449771015883623,0.013623538552850938,0.02316867148607489,0.011959280972154228,0.015630964080465357,0.012092922660159275,0.004715750551926427
2021-04-16,0.04874800783651333,0.06133907188651594,0.010186939450239331,0.008868234285266592,0.013460319973732577,0.022163527004864726,0.01113348835296615,0.014561306497288398,0.011985233157320179,0.004531863884733639
2021-04-19,0.04852963758053188,0.06073953453111127,0.009558662297231152,0.008330318129757638,0.013039693346517693,0.021343802147604146,0.010735727187245398,0.013524675950500088,0.01166075844210691,0.004501406617204661
2021-04-20,0.05644308111769205,0.06770788615064505,0.009535347853491482,0.009228040579397814,0.012674081953414828,0.020636962816709094,0.010158526165620067,0.014441161786716415,0.0114959996990361,0.004372093575959162
2021-04-22,0.05465992012908094,0.06822060821904469,0.00906678147693903,0.008789721398707094,0.01238314568340159,0.020040380463673145,0.010233438388100606,0.013399463061291113,0.011331671239917738,0.004355678542580707
2021-04-23,0.05835008799801995,0.06656573424087377,0.00887778356070937,0.00848391859292214,0.012195975030174217,0.019237330520104772,0.01087388829839759,0.013394207173003114,0.011213719093218368,0.004646609300722556
2021-04-26,0.05676435984000638,0.06487702830512304,0.008624696550126754,0.008026813537611484,0.012023117372033267,0.019213012518525953,0.010260712812975012,0.012896580643833993,0.011062105595898635,0.004645287086422857
2021-04-27,0.056507181912714984,0.06487918840595838,0.008204562090499162,0.0076529868472906635,0.011925177230620126,0.01843463006064909,0.010384995790163118,0.012213183846761512,0.010803977456224412,0.004545364280195505
2021-04-28,0.05472740713391144,0.0638408107397648,0.007827408936809558,0.008010493131163908,0.011655572631805238,0.018570064872748357,0.010436474121500285,0.011929389572857378,0.010562654807881594,0.004372997428887569
2021-04-29,0.05306066908657242,0.062106711423498544,0.00769960321626681,0.0080511428677042,0.011416123096343538,0.018153891596412074,0.010006218226779481,0.011717364075249896,0.01043743983917808,0.004301872935816394
2021-04-30,0.05221377932775002,0.060232017824097574,0.007399846914791739,0.010247369343928945,0.011264302026635331,0.019855019064546786,0.009705661160086513,0.011003229365805653,0.010340035628968547,0.0042553572707398095
2021-05-03,0.05409308318993415,0.05843427469726693,0.008195120814436645,0.010725051345459613,0.012844244849265446,0.019487054414843885,0.009696747918794369,0.012666625747657402,0.010164072706567957,0.004165816121316764
2021-05-04,0.05252300737121132,0.07911918950982616,0.007809940202263254,0.010062875601407568,0.012991656606416593,0.019564969471204306,0.009590983897258891,0.011819190718769128,0.010365699557043093,0.004003388615580108
2021-05-05,0.05574302455229962,0.07829364864650962,0.008535604679885121,0.009514283221255245,0.012640986665666466,0.01941909642421328,0.009238164045897833,0.012005200524375816,0.010558042377243114,0.003972708127565157
2021-05-06,0.057281305900149695,0.07801008523825537,0.008094073321881763,0.009244575619749658,0.012390563410501544,0.019061740786502974,0.009404042846829943,0.011475401419563746,0.010350534597656695,0.003825140825413532
2021-05-07,0.05576965791594584,0.07546927521219449,0.008188232362388598,0.008758457468482526,0.012284674200075589,0.018752242737460453,0.009651214450471603,0.01101848910224132,0.010834273946221828,0.0036764426293290926
2021-05-10,0.05397538411312073,0.07298893997922401,0.007914757144840238,0.008303902331429447,0.012017455958387227,0.01799198524657799,0.009380529277812227,0.0104283563947746,0.010647340264852199,0.0036050415063921325
2021-05-11,0.053276625878006065,0.07691611535534379,0.009597050235152057,0.009509248517337289,0.01183302682646923,0.017726910420642186,0.009018857980178688,0.009891641709041893,0.010414705634780167,0.0036836956620384374
2021-05-12,0.05167405950233528,0.0754414276134874,0.009371369554915415,0.008966262637119806,0.012645965201900027,0.017167769659400093,0.008935701430170546,0.009470842285319345,0.010198044297874173,0.0036256901382618876
2021-05-14,0.06619087048657328,0.07819087780337282,0.012663481523861155,0.009332141151101446,0.01242969232510242,0.018579272652079884,0.009241767227851118,0.010016420647013033,0.010231194725910074,0.0035189452340580766
2021-05-17,0.0638832082694803,0.0776991746159754,0.015491785471774695,0.011663653596261384,0.012239207560423087,0.02031423177320568,0.009660501937547932,0.009487231237375444,0.010210098181174639,0.003391396669820621
2021-05-18,0.0742395196819189,0.09659560073351887,0.014458577589121606,0.010666906621476444,0.011973265896502163,0.019466026855837995,0.009653624341975382,0.01015577518771574,0.010423044294587038,0.003323343799783768
2021-05-20,0.07170253877198796,0.09328003120856837,0.013841244474421506,0.009874654990093651,0.01234408946068034,0.01866032269368859,0.009491982318211752,0.010377154318189273,0.010203163750202233,0.003194875954244491
2021-05-21,0.07095864994974041,0.10489071589002064,0.013009370933800802,0.009515211907049896,0.012143495544175873,0.01791970244274009,0.009105246597190458,0.011028365339742122,0.010092655146608615,0.003077274361297806
2021-05-25,0.0738322333376674,0.10825267362471172,0.012179595605003092,0.009616317449419737,0.011873197280182414,0.01743850326290143,0.009219963665984692,0.011488826563244917,0.0099977369521946,0.003059703911265072
2021-05-26,0.07135818330848293,0.10753524244785374,0.011435638562457908,0.008973808991977316,0.012227754964359747,0.016857569134759585,0.009782445096953274,0.01078121711525055,0.009976801072461744,0.0030286628030527837
2021-05-27,0.06891851878186393,0.10471366811639575,0.010658790642828417,0.009204216522875472,0.012140694925260084,0.01640129239433804,0.009454268240582158,0.010292009610766368,0.009793321839186818,0.0029148122284001136
2021-05-28,0.06692576625364648,0.1022358193096252,0.009981229761227488,0.008795403400802254,0.011889636311459149,0.01582225683619271,0.009072278151190428,0.009722631708767996,0.009705464857445696,0.002850135151384316
2021-06-01,0.06837622787903254,0.10439811087086717,0.009361844346488778,0.00827894895833122,0.011618455837570922,0.015316338819001702,0.009632250625095116,0.009434117900692107,0.009567704274803862,0.002740755187513201
2021-06-02,0.06614183395641934,0.10256977590082965,0.008945045487554424,0.007899336336483188,0.011668242372557473,0.015245391769277977,0.009662755378867637,0.009171737902032248,0.009447319192500503,0.002743643630587796
2021-06-04,0.06415118395892011,0.09904307336509867,0.008701901192925788,0.0077990714258732875,0.011425494455861916,0.014707960042699557,0.010408159755692353,0.008874125159714912,0.009430300168179102,0.0029886924883993624
2021-06-07,0.06215706303150857,0.09547106758109207,0.008619891626772305,0.008118118886381953,0.01161911347192071,0.014431211776170261,0.013109446266581002,0.008902906659292577,0.009445638847993126,0.002960526627123573
2021-06-08,0.0667011664360277,0.09281601045469863,0.008266742011809748,0.00791035417455219,0.011532983708255588,0.013999604860000056,0.01307734358144139,0.008557586435987845,0.009310642728921275,0.0028947191223932978
2021-06-09,0.06434782389386397,0.0900043416075174,0.00788854066146037,0.0075526218827576515,0.011308054870310969,0.01384378648733232,0.012080410085193585,0.008272696200047473,0.009241801434216303,0.0028112592292897087
2021-06-10,0.06931961301258126,0.08720058496982501,0.007519852906512172,0.007267702199749791,0.011104771949065246,0.013396747159484978,0.011239756178748566,0.008161963237354127,0.009133281923634613,0.0027744931973022165
2021-06-11,0.06709028513346746,0.08564103956805305,0.0073405978717988,0.007095328975390147,0.010921220032765968,0.013074654479419872,0.010689331283186478,0.008128734246705375,0.009022996006954984,0.0026681727296731083
2021-06-15,0.06477441221539265,0.08391513103557907,0.0070602922793845625,0.006973572717483468,0.010818296919646888,0.012843777652944676,0.010084681484755007,0.007936365711575848,0.009164583610727303,0.0025677174228397382
2021-06-16,0.06625359433600664,0.08528479671720778,0.006812525431668164,0.007923453938571738,0.010751579649219361,0.012621686431455384,0.01106614669343448,0.007944855541373261,0.009366451717027076,0.0025491459533933075
2021-06-17,0.06580665144119136,0.08669561165044923,0.006759314797752863,0.007851342560273257,0.010696641277630507,0.012489479354120203,0.010608441293329178,0.007873575141677204,0.009283510573593712,0.002526934542861774
2021-06-18,0.06347310964018126,0.08363577662645458,0.006817796720755172,0.008328457697261284,0.01099834066467446,0.012151519362436393,0.010797721729406113,0.007632877930775053,0.01305926507755226,0.003026419815351985
2021-06-21,0.06365192369823934,0.08236524768818011,0.007287483642135405,0.008010029743733736,0.01158338159898608,0.011839525608849075,0.011389661061255656,0.007580234166208776,0.012643907448785307,0.0033212959780743014
2021-06-22,0.07163909499147468,0.0922270466223159,0.008213533981413884,0.0094352894979884,0.01189676921761487,0.013066556013163689,0.011616590512472864,0.0074008562017044395,0.01231854954237663,0.003221970495315097
2021-06-23,0.06927112432892221,0.08898386414943232,0.007948845515259434,0.008987072324692228,0.011772828180544563,0.014093497272849946,0.011400935749066343,0.007228956683043554,0.011982051436106443,0.0030976939378387714
2021-06-24,0.06750116290859089,0.08714001858067819,0.00757428556806635,0.008598152223698054,0.012933912642021145,0.01408164599109047,0.010897585114440228,0.007184400334338575,0.011701235471705738,0.003063886410701737
2021-06-25,0.06536418045174659,0.08408220704140003,0.007375382874868694,0.008105599787792963,0.012554529324426219,0.013794914256658332,0.010568094278161841,0.007217933819457699,0.011448288586722286,0.0029653556792308793
2021-06-28,0.06889833951077058,0.08534274012634384,0.007096830904153353,0.007716572669129809,0.012756487542387743,0.015881822164458225,0.01001182610627469,0.007136836527588973,0.01114733078625902,0.0028606377865113097
2021-06-29,0.07033597049862585,0.08959943446262196,0.0068581259009280115,0.007852620808425513,0.012394807429806252,0.01530161465693872,0.00954745250822571,0.007095343499344542,0.010872243745059084,0.002751422433657512
2021-06-30,0.0686019731753135,0.08686947744032546,0.00662452064674882,0.007770183727993173,0.012308528058045254,0.01475871187744207,0.009218227448792138,0.007099821968932999,0.010813090056701929,0.0026578486859572775
2021-07-02,0.06659452804059486,0.08468086365203767,0.006424409050496982,0.0076232424931330575,0.012106093774819011,0.01425167309320406,0.009369935552650008,0.007020568839824453,0.010596943170680545,0.0025562197678510963
2021-07-06,0.06495313647435544,0.08321409720499087,0.008444374535417165,0.008205175860776213,0.01251774497701637,0.015746845396563066,0.00952055718174566,0.00696555520272085,0.010577196392420394,0.0026337316824403757
2021-07-07,0.06264238814629701,0.082422682051897,0.008318928951818206,0.008383588668214094,0.012607631731210593,0.015817671442440326,0.011554633389603705,0.006899882853702024,0.010357206073107798,0.00267968478517327
2021-07-08,0.060506554540498324,0.07956295300341254,0.008489911022518592,0.009736399235402995,0.012271073758076661,0.019176572221036428,0.013043453111309618,0.007473048284755832,0.010375608821198132,0.0030572188282993306
2021-07-12,0.0591810239221886,0.08078428751022704,0.008690709530761318,0.009713473749432633,0.014480681217335402,0.018471444340155387,0.012106236352639174,0.0079931326117433,0.010160582142104855,0.0029457195218019257
2021-07-13,0.05715550212393668,0.07914813450045478,0.008919067366832192,0.009024811351734587,0.01416824754580235,0.01834140101038221,0.011495374116662295,0.008140145953415744,0.009969817581585667,0.0031010579114089843
2021-07-14,0.055462465566996355,0.07776916892547281,0.008542713145721935,0.00851832484778979,0.014479527094007256,0.017955858190327655,0.010752725264565928,0.0082644264566276,0.00979839552857549,0.0029860684814244807
2021-07-15,0.053628295519554954,0.0753814190806796,0.008117712302250309,0.008040045601755317,0.01401353129948179,0.017241485614123978,0.010658053209927423,0.008046657212343626,0.009843794874773944,0.0029010122204742392
2021-07-16,0.05310075714477166,0.07409913099231791,0.008126040850952185,0.007679475410029466,0.013596316254056823,0.018544977094309065,0.010731512005643384,0.007783513290694417,0.009673718402458401,0.0028843660277913206
2021-07-19,0.05156462801580679,0.0718361093133616,0.00823487511158422,0.007492686845209816,0.013153778995042704,0.017836361244292342,0.010685747527789067,0.007549820227791324,0.009660914021899496,0.0027831272228769433
2021-07-20,0.0503494589974439,0.07021795329770675,0.009774214799772678,0.008195182778459495,0.013685722500663076,0.017432202134128032,0.010143679242775438,0.008153687793447132,0.00952216060449139,0.0026968612541226756
2021-07-22,0.0496867610452778,0.06807599139850615,0.011595618284821536,0.01256406546145993,0.013261411849410654,0.01992731396426317,0.009920111408235139,0.007962664551591354,0.009454442383921048,0.0029126243299605996
2021-07-23,0.05211447173877782,0.07239853416484728,0.0108221221862223,0.012656583280062729,0.013145910572295165,0.019558706063394528,0.009924396985736522,0.007825131574246016,0.009659450358644732,0.0034949506353837345
2021-07-26,0.05141769133113447,0.07092032037487832,0.010689181653323346,0.011576143005794029,0.013423470856754282,0.018864228144757817,0.009512310344979274,0.007600427345617463,0.009519340934940813,0.003359214946909245
2021-07-27,0.05776119940522041,0.06960114446256639,0.010004020057739715,0.010585407450085713,0.017824227786078825,0.018175248095427723,0.00912787933221469,0.007456202405004401,0.009387839360239712,0.0032290798571771007
2021-07-28,0.057443710538366416,0.06756362928234115,0.009830614349755313,0.009890493339432177,0.021155923500435218,0.0182503539434392,0.008810338540431091,0.007751647704610498,0.009269996797552258,0.00316526319485695
2021-07-29,0.055634145152468076,0.06540255714868508,0.009250184384701507,0.009846417307576296,0.020754558948677827,0.017955359698451804,0.008575877903986125,0.007523109037889498,0.009160736708118164,0.00314062570782375
2021-07-30,0.053816830459694855,0.06380713269945319,0.008738048191530547,0.009239506954078788,0.02157061480750279,0.017996619829573294,0.008390683559363432,0.00736373798641057,0.009678875939979018,0.0030514772061987962
2021-08-03,0.053847768774278354,0.06226860378306157,0.008820324879204087,0.009330640616019781,0.020976405073312256,0.020870811485485724,0.008716872803114301,0.007297136226330869,0.009943157964358164,0.0029827898706439164
2021-08-04,0.0602831584003811,0.060412943198360824,0.008676068632416118,0.009320720780415489,0.020107012274166784,0.022064848175470414,0.010258020063029182,0.010714317685829011,0.009764412558455728,0.002881489645877383
2021-08-05,0.05905955849738037,0.06217556749131858,0.00863841626523188,0.008709367548947385,0.01920519498931951,0.021423157321670515,0.009787385867702293,0.010268092968529437,0.009609324047254649,0.0028089371781729717
2021-08-06,0.057417755232190955,0.0608242543529908,0.008355435985509497,0.008243037376348496,0.018431238591916085,0.02064036842891788,0.009368895597181109,0.009707297885819395,0.009500773432709282,0.0027043909036086394
2021-08-09,0.0566961134822107,0.05912055640714877,0.007930591721297899,0.007818318044127238,0.017552302836864393,0.02072958641647836,0.009009427963506502,0.009411962651896628,0.011195401931138733,0.0026318848254081183
2021-08-10,0.05949172849008907,0.062318302812270486,0.007673766566981215,0.008203163722503895,0.016984065950881932,0.019873366943316536,0.009980798052575929,0.009181645415650436,0.011497811220158449,0.002951952100243587
2021-08-11,0.0578043147590671,0.060539986409897155,0.007331527189225307,0.007832408630151562,0.016597337807590345,0.01918467369880008,0.009568812412962823,0.008754133552198685,0.011202428427796252,0.0028405959913360384
2021-08-12,0.05586777848738578,0.05871845519962935,0.007033090680172461,0.0075451170776312144,0.015871958435501703,0.018664511178242405,0.009165044214940835,0.008391901964209955,0.011216873694106979,0.0027348303577836458
2021-08-13,0.05495431627433428,0.0585237169020122,0.006792307747196605,0.007827410888624339,0.015482075500290158,0.01817909082958017,0.009339470094079262,0.008071657536542865,0.01101181385506334,0.002920540239564734
2021-08-16,0.0568797892952056,0.061057122566274415,0.0066470076025379864,0.0075472878991774996,0.014866085917936846,0.01776114623239795,0.009829500721597663,0.008703908560086366,0.01135804902907634,0.0028657997029571513
2021-08-17,0.056388352700528104,0.06122065153055564,0.006454060873684255,0.007355207448293273,0.014498922462780115,0.017927818283534794,0.010073516598902594,0.008343031545256964,0.011127952912992836,0.0027616365813410036
2021-08-18,0.055418013723428736,0.06105541904851553,0.007151091917158906,0.007210582438117968,0.014845418307055665,0.017479180318685218,0.00995067635497249,0.00803914130928531,0.01086845018756653,0.0026757649306141424
2021-08-20,0.053585943475989245,0.05920885510702077,0.007603326351322612,0.007168682900022779,0.014501560071445317,0.01680563299890895,0.01053455752883301,0.007770210565774745,0.010611995151033345,0.0027080761364747198
2021-08-23,0.058308114416928965,0.061265195527379204,0.008056184634010163,0.009932449084094956,0.017975941489899297,0.01887609383687411,0.010556855651672435,0.007922756540270495,0.01037541889662128,0.002613851330640769
2021-08-24,0.056331290469166975,0.059408953944710845,0.00796590416565106,0.00933808143332961,0.017317785150033592,0.01855644157954672,0.010008968072243031,0.007669200947845995,0.010406032080932054,0.0025632636636104024
2021-08-25,0.055998263690737425,0.059442503750718426,0.007626569862074855,0.010153156494609012,0.017682784677594387,0.01865143593304004,0.01029420479601414,0.007594683809708574,0.01019566394950827,0.002578544732202673
2021-08-26,0.054494120492327554,0.057748027954650547,0.007319510675834319,0.009429565296118023,0.016860503294324723,0.018851044720756167,0.009770075315858691,0.00738961937787549,0.01023326924302548,0.0024834485312139453
2021-08-27,0.054460847633630884,0.05741918358550998,0.007550381142069343,0.009060950201289282,0.01646734123201387,0.019522914171849662,0.01001107410003525,0.007228402647465417,0.010030278905103161,0.0023963098287358444
2021-08-30,0.05392822016881167,0.05722579138897158,0.007901062624294056,0.010219120559877322,0.01575145081567496,0.01990436328757283,0.009692797621253763,0.007210803091064453,0.010309281937866822,0.0023134668068941124
2021-08-31,0.05456516575346267,0.05612785276045962,0.007815395867666278,0.011666162434183551,0.015133089086361063,0.020581799024993006,0.011199333494177493,0.00717356294885706,0.010561676195899317,0.003355136580353218
2021-09-01,0.052786929486271096,0.056528594571854225,0.007566535850932794,0.010687494245010977,0.01494710604480931,0.020112348603467084,0.01069380330190251,0.007790184899697034,0.010334837025805677,0.0032427093882383563
2021-09-02,0.05158132939894424,0.06092903431813424,0.007611794308971445,0.00982880415462562,0.014370594083556107,0.019401797392857616,0.010773963439535048,0.008263698763579276,0.010254466121007739,0.0035006552913872608
2021-09-03,0.04997022993645675,0.059286278111777155,0.0073053481779062875,0.009309653973375341,0.013860288169695461,0.019245729018641376,0.011119469563073687,0.008440523964188807,0.010072947898610844,0.00336506142912747
2021-09-08,0.04851511139366627,0.058213645544254504,0.00701139215110364,0.008812059365647202,0.013531367265390885,0.01845829585225458,0.010441436271005508,0.00831055634475909,0.010275024308147213,0.003244457697520171
2021-09-09,0.05266053042664616,0.06517564592706719,0.006767858975440162,0.008812024541337978,0.014430268522488679,0.01958243340483199,0.009995962375651419,0.008215227981995478,0.01086952170685359,0.0033672663860178655
2021-09-13,0.05101520969400163,0.06337467704791354,0.006546061139383682,0.008702217384748882,0.014791620768840476,0.023621353959336896,0.010275904327300321,0.008135427578371865,0.010785016061687924,0.0035663482544605785
2021-09-14,0.05071023440356306,0.0629754151703305,0.007377030950689911,0.008641813391298516,0.014228134463317428,0.022733886495803577,0.009793317494986268,0.008055756945531532,0.010658708939179206,0.0035757589499411015
2021-09-15,0.05058594752222003,0.06182719784153595,0.0074744119301100335,0.008744410932144673,0.014117335733735425,0.021890386071839952,0.009366095437978466,0.007787024802962053,0.010526188508672422,0.0034370138697740003
2021-09-16,0.04933160832432221,0.06131366623984344,0.0079108407911397,0.009288921219684432,0.014455558587313249,0.0209748419989955,0.009168673682579603,0.008105953556454366,0.010383311828862046,0.003328004286587238
2021-09-17,0.04803807295444338,0.059728977499405735,0.007801082707509827,0.010128673425471114,0.014774797863081186,0.020740038517335923,0.00884700959561839,0.007871246015768408,0.011595307317798833,0.0033029211257690778
2021-09-20,0.04676877726351535,0.059732409136953726,0.008069834538183131,0.009368243333391929,0.014645116946246256,0.020222247731188726,0.008586427893137412,0.007646505423621391,0.011288652841645468,0.0032092255746970612
2021-09-21,0.05394174601587391,0.06944666150164727,0.00978957044810657,0.00936799597145154,0.0167728964196311,0.01992950529819794,0.01010583797494322,0.00816343951844802,0.011155161166155147,0.003122553026726832
2021-09-23,0.05466239130735726,0.0700812699098523,0.009228490530971356,0.009088897159033032,0.016102177828126174,0.019754980250256755,0.009666226452077936,0.008343644870690349,0.01098710847649444,0.003005906184611795
2021-09-24,0.05976901015143112,0.07615112373839966,0.012383635501499948,0.009667334667242239,0.01599489029917446,0.020694974979495632,0.011441033737375346,0.009869250109689021,0.011155368739652624,0.0029990834026049416
2021-09-27,0.05961708029973379,0.07663450147981227,0.011504990502130193,0.01041338335820148,0.015797966914773174,0.019879685260080115,0.011733361408722618,0.009353235180009876,0.010875530682692054,0.0028872431578020317
2021-09-28,0.057829667681769496,0.07404875483750571,0.010826109572692371,0.009609434886749814,0.015140660815049863,0.019181668374578704,0.01143475741119532,0.008912102457350182,0.010619123000760315,0.0027786971697592155
2021-09-29,0.056681079742792614,0.07280583625182287,0.012875891106158223,0.010958334100140741,0.01494643243449672,0.019410369892565747,0.012258647049737345,0.008825527745401567,0.010557866987707033,0.002672252261034982
2021-09-30,0.05491153614058679,0.07050104328806625,0.012107111087771294,0.010449346251351905,0.014736833999987603,0.019411605820633525,0.011394753510259516,0.008462084330354582,0.010369716208152977,0.0028615290613109162
2021-10-04,0.05501744977385206,0.06934926642831671,0.011950298125899865,0.009716766319191016,0.014180431384047178,0.01862114873978897,0.014805606426792739,0.008248289242763548,0.011201400465697692,0.002811603729643879
2021-10-05,0.06161965705322773,0.07334376438723432,0.011260795772976496,0.010487269304948723,0.015343152258270256,0.018522058534676502,0.015796788284664312,0.007954352454207766,0.010943574308745974,0.0027824392095485194
2021-10-06,0.061104811253603196,0.07169378644211116,0.011952235801609631,0.010264108813576932,0.014949377636205616,0.018761185245075963,0.014367907271836742,0.008742433192933979,0.010684627264159759,0.003097338024834711
2021-10-07,0.06206987695800477,0.0693921515778459,0.01117828747247156,0.009479434701378051,0.014471098967875216,0.018031775958936888,0.013347222526372677,0.009178195822409089,0.010442255981446522,0.0029782228159298207
2021-10-08,0.06054911641089297,0.06713633153276304,0.01107853592497133,0.010264468894119258,0.01688368401164829,0.01736844546418235,0.012825065997553908,0.00937970224309689,0.010220307976147843,0.002951285905943535
2021-10-18,0.05845480519174043,0.06506742935964333,0.01036218797967573,0.009531066386014933,0.01623209292568256,0.018107870213138234,0.011949942844657335,0.009150228064260276,0.010016620306062976,0.002847664339374786
2021-10-19,0.0688358710181566,0.0642578992741255,0.012931519001899029,0.010703821397941125,0.01703720606007393,0.01743521652047447,0.011229603409919136,0.014373657808060502,0.00994046422544218,0.002810367253865994
2021-10-20,0.06702560652821617,0.06279067134331606,0.012508801573273238,0.01023655528113072,0.017048835205741374,0.0178575965663576,0.01057038919435216,0.013341303011888335,0.00983029415774592,0.002826827494775004
2021-10-21,0.06486365749178427,0.06304990503290306,0.011625267224444784,0.009465141173106525,0.016619936064629862,0.017458161730513785,0.010122106180952786,0.012955503916611585,0.0097514985202985,0.0027557053404240685
2021-10-22,0.06557502559110157,0.06182860664380081,0.010855202741048292,0.009107483028317447,0.016087003712518765,0.018927193169291038,0.010167131027854468,0.012545795810572045,0.009693527017412502,0.0029012362963541155
2021-10-25,0.06377816428667002,0.06036143805544092,0.010150344428475361,0.008670657270814697,0.015474344620630544,0.018169789349714166,0.009979725572404462,0.011777624491282692,0.009708106539223313,0.0027958908013475795
2021-10-26,0.06232753555336021,0.06043936176924957,0.009731267561262328,0.008348764176205566,0.014853285172529684,0.018509809687716,0.009601171446786488,0.011039650175987552,0.009673318712275204,0.0027268546069823766
2021-10-27,0.06165616410001311,0.05903022278238259,0.00917501267594775,0.008041808071807098,0.014294899078340978,0.020798145490814303,0.009214110086254897,0.010750237244377892,0.009634949262757342,0.0026436153246419654
2021-10-28,0.06057252507063184,0.059412370022603495,0.009241053806282568,0.00907088799743112,0.014739741774885877,0.01992259584663715,0.009065609617441853,0.010387396197220867,0.009480609828496378,0.0026569590415783757
2021-10-29,0.05925281013116563,0.06177845281858387,0.009625178000196933,0.009573900378934373,0.014180352699476357,0.01931509841833328,0.008765343891263579,0.01165271018418435,0.009374179906239732,0.0026197067881943855
2021-11-01,0.05745334374662278,0.06012376956405457,0.009090506193595357,0.010305083828761883,0.0139922233383894,0.01858844348135628,0.011581301165681884,0.012026349627982956,0.009790766583594184,0.002697916522286998
2021-11-03,0.055912483157587775,0.05871384909646879,0.00862769402792539,0.010981543789202509,0.013639947360689913,0.0185966936332425,0.011321619126297816,0.012413578592776624,0.009785930717895852,0.002636277175358621
2021-11-04,0.05449035554897936,0.058797302508336154,0.008493648363023975,0.010075159902978283,0.013375822630603842,0.017894010664559395,0.011196308571670331,0.012032686935519675,0.010734622956600118,0.002667552387476071
2021-11-08,0.05356051872440311,0.05746854136046134,0.008050272433627673,0.009392407007961966,0.013017638354004536,0.022002188259488086,0.010562930157620458,0.011256040720562242,0.010843908715126041,0.002774071266825345
2021-11-09,0.057520236361519796,0.057334467117678006,0.007660344780054075,0.009928710073642443,0.014061401400634738,0.021139081766173438,0.01050442007993723,0.010668637130222154,0.011121138123547899,0.0028273068650552674
2021-11-10,0.05580980592493086,0.0561194104306114,0.00793024699619528,0.009276822549729053,0.013569616864631255,0.020250774602617327,0.010424801034743351,0.010255821750599548,0.010861800755978746,0.002912442440193008
2021-11-11,0.05471601123727071,0.054903818771828365,0.007855908245879705,0.008778117135171052,0.013509688704792735,0.019447937767378517,0.010152848260713691,0.009697527407608108,0.01096032246672841,0.0029569780525922503
2021-11-12,0.052925304402136344,0.05356255388175736,0.007556613302061326,0.009513615749149053,0.01362152643947129,0.019549241123479947,0.009686389197897594,0.009414564564420556,0.010971528749871524,0.0029664086495092127
2021-11-16,0.05149655011144664,0.052404160019336114,0.0074777044336191145,0.010612533241030075,0.01318647744031997,0.020851133932210927,0.01024023769992025,0.00967841555013173,0.010707482364812894,0.0028710741536793066
2021-11-17,0.053548420251832714,0.058431299070099474,0.007346009157597313,0.010170189419362256,0.013616390140969124,0.020027824640787208,0.01023247333500893,0.009351978361451876,0.010574917092609992,0.002790276259867045
2021-11-18,0.05181457469931487,0.05679159613396277,0.00715067077317733,0.009404157612205095,0.01318199534398231,0.019297209134835545,0.009710934805010707,0.009149887671466461,0.010509212493891527,0.0026840641536998834
2021-11-22,0.05364462782727714,0.05900058924783774,0.006876964436953883,0.008764910786254281,0.013512170846609894,0.01851783693069449,0.009327666332462535,0.009511902781718519,0.01043686777513196,0.0026922881155632917
2021-11-23,0.052100853549772924,0.05742141384064055,0.00689774905826564,0.008638062362281741,0.013650454126900292,0.018029236702805887,0.00898974155235167,0.011354911247785928,0.012248723662883878,0.0025931471047663727
2021-11-24,0.0507540164504292,0.057706160239351906,0.0067179956109031,0.008516367650024836,0.013523805381656828,0.017602540077550105,0.009324011067814917,0.010842269080652995,0.012159781429315855,0.0025360413559161877
2021-11-26,0.04978503291838808,0.05658178091628462,0.00652882748793784,0.008078368522312017,0.013097404226811458,0.016965907106475487,0.00897312789252372,0.010388370131277387,0.011803318892108252,0.002439826269839929
2021-11-29,0.05063027410147783,0.0569677679183031,0.010734112917433748,0.011059170372057815,0.0143833466959234,0.01760001256749937,0.009276760078942726,0.012488362144957963,0.011475321070850449,0.002355778320418361
2021-11-30,0.053936244146472266,0.061255113746837585,0.012194231047201028,0.01111509692755362,0.013880344041363745,0.017748524379832795,0.009086924633940308,0.011914362260698091,0.011208737903104298,0.0028675390314069613
2021-12-01,0.05242964368613936,0.06016813739194802,0.013402695940814426,0.013261226772498611,0.014038986944967882,0.017280056840388594,0.008815338419814613,0.011234314416579577,0.010971410242899507,0.002768618608301033
2021-12-02,0.050754458095643024,0.05852206208526911,0.013318664891265725,0.012314800732422016,0.013725012270568982,0.016785274644318962,0.00856047891338507,0.01107955895110803,0.010741374682518186,0.0026626707348736223
2021-12-03,0.04945169439311843,0.05714560248958778,0.013231207206966333,0.0128649841127657,0.013333280988808548,0.02101527900240926,0.0083568593820673,0.011233019425970613,0.010883050730257561,0.0025649280700008868
2021-12-06,0.050711419191811616,0.05886443657198845,0.012808662041823269,0.011940316183261752,0.01291747196247294,0.020150421560526093,0.008320610521523502,0.011467527412653705,0.010909039712267804,0.002471667331947354
2021-12-07,0.05199663374586912,0.057669005120702214,0.01299968087778696,0.012114353115846662,0.013139664404667177,0.020169627061753338,0.009411163405943368,0.011796367735404297,0.010648735294000336,0.002545282067848013
2021-12-08,0.050343887928975886,0.056121236231131286,0.014521026750910725,0.011908289402694583,0.015356953554748304,0.0197499206578733,0.009330489143811823,0.01245060675092461,0.01045553981453072,0.0025112835955518964
2021-12-09,0.048835404638101654,0.05485841197244093,0.013453253300139365,0.012046143064807877,0.014740250087861244,0.01910777874877985,0.008995097755988198,0.012894557009074341,0.010231698023200921,0.0024159895426474356
2021-12-10,0.0506606168664924,0.057593849884237595,0.012865114340912547,0.011353720029041517,0.014493518920583875,0.02053169183656465,0.009421395406232803,0.012030508354667393,0.010112713468510434,0.002327315142899461
2021-12-13,0.04917298718238194,0.05788680610095491,0.012674572603481269,0.010572184446401648,0.014138345001750499,0.020707282026928585,0.00906135134994598,0.011268410562800334,0.010039564888077732,0.002369135847645172
2021-12-14,0.047833723244410695,0.05705718209093388,0.012206564530419642,0.009920543279808751,0.013636478496641116,0.01985578311495834,0.008776543127497876,0.010894804176478584,0.009870061407787423,0.0023113521313219724
2021-12-15,0.046432681267206066,0.055551741458931846,0.011637886033833868,0.00926738340321052,0.013577554695332658,0.01914178745111356,0.00874779749994004,0.010270204089027603,0.009860106050960472,0.0022604497172502235
2021-12-16,0.047023951602610504,0.05692518295519574,0.012788509047086876,0.009981813708388281,0.013248254127059968,0.018489516034803213,0.008509744687349108,0.009796220731588388,0.009697400472596264,0.0023116852145052182
2021-12-17,0.04633477166964072,0.05549367892780149,0.012204229928259893,0.00927937865232227,0.012912320293211694,0.017918814839587273,0.009183305023607074,0.009341074068048055,0.010610898443111352,0.002297095370389316
2021-12-20,0.046175897922224304,0.054438059165001204,0.012184182149590111,0.008926527618996616,0.013032248497857588,0.01741928250303436,0.008863718280206195,0.010585015512625265,0.01039366660482193,0.002218493066838823
2021-12-21,0.0449019302737504,0.05295467219437045,0.012561647197886239,0.008459701699764817,0.014071505672892368,0.017938092838150933,0.008711801076583543,0.01314382402515033,0.010346674607995982,0.0022234853449459814
2021-12-22,0.044811514087671186,0.05163650447627458,0.01269929397789618,0.010552606076520987,0.013712693351690881,0.01740738850607936,0.008725700557548649,0.012376792149214508,0.010256659056621951,0.0023359321203335944
2021-12-23,0.04368132379997597,0.050470878771466596,0.012181926144697715,0.009864306037197552,0.013329550988954315,0.016762834134214234,0.008702959109357561,0.01198107206869599,0.010142018064434568,0.0022665450155180712
2021-12-29,0.043736130336361416,0.04953632043917009,0.011354746291671818,0.009179962027556825,0.012910672719334104,0.01743342873179408,0.009117141259522047,0.011258962442507528,0.009951422784621806,0.0023470923638752657
2021-12-30,0.05189741011928316,0.06106976355881026,0.01067293857417806,0.009012180768499571,0.013170269358595282,0.017927588862129872,0.008895081681064574,0.010596188365523857,0.010228516709922829,0.0035005221547942957
2022-01-04,0.05031823798519311,0.059361313797305165,0.010251817129717422,0.008941860847512794,0.012768944969403777,0.017878294765461808,0.008855640432402017,0.010069098197013786,0.01002750968785524,0.003431115541207077
2022-01-05,0.049729066558763434,0.05771112858128478,0.00960222321309253,0.00893321055202908,0.01251614762834547,0.018041501093906436,0.010230283697563618,0.014330711772059475,0.009850576671009326,0.003360272321609147
2022-01-06,0.05068825181001262,0.059118364337256486,0.011435247387230318,0.009533838606338961,0.012925377596921275,0.018674558812355694,0.010055774544396696,0.013551693512716874,0.00980493854495589,0.003264658417831198
2022-01-07,0.049293040451738,0.0586172326140329,0.010728030973310987,0.009006385700207713,0.012673238355901213,0.018076659947071246,0.013505691706595555,0.013288714784861105,0.010817421901097206,0.0031650282076805475
2022-01-10,0.04929780436300407,0.060235015188988106,0.010207840195339008,0.00848903433655053,0.013455230842142403,0.017447144080003207,0.014328772711617538,0.01240606444002173,0.010601173459621898,0.0030431822148759007
2022-01-11,0.04779018666976074,0.0595298642049353,0.009701745358136955,0.008845168615675449,0.01325341555623002,0.01764138170818153,0.01326448626248256,0.011888518764237948,0.010373267272796189,0.002982330402512752
2022-01-12,0.04655918760168405,0.058784755337547186,0.009329384555447602,0.008817783928304637,0.012874495141701922,0.017831961523740274,0.012843866431538238,0.01113160170263652,0.010304130617764614,0.002981843835379718
2022-01-13,0.04559328123411111,0.05768795123565717,0.008799602112268835,0.008512527400766657,0.01434854905791839,0.017143641847630984,0.011874091994342481,0.010573242789687465,0.010094648638101677,0.003013276762282845
2022-01-14,0.0454657257395427,0.05719266809979835,0.010133765202317537,0.009195224147188057,0.013827149248174589,0.016663854691668655,0.011248572929176925,0.009980792128666236,0.009943088787169702,0.002898038442658718
2022-01-18,0.0442674808280499,0.05570167760541721,0.009534985299329625,0.008843670742329043,0.013355698251237473,0.016486830274844367,0.01099300182031771,0.009461695089386315,0.00976357509341276,0.0028590064702187223
2022-01-19,0.0433224028132598,0.05555728019011924,0.01070506644562848,0.008304562807752835,0.013082235098817117,0.015884623880792658,0.011637237339774922,0.009151686734262783,0.00960001610185519,0.0029425065676528073
2022-01-20,0.042344486931317434,0.05431988912474809,0.010230881685017602,0.007866951740376292,0.012803051311349772,0.01712408824507502,0.010900695030288484,0.00893888722964923,0.010580901245416415,0.003134544623398485
2022-01-21,0.04225057937209176,0.053826644217263915,0.01096522089302774,0.008226965258377718,0.015346342446331786,0.017118837211659667,0.01042951227849225,0.00967772884133272,0.010371994623327076,0.003084189608236793
2022-01-24,0.05254367199576635,0.06852053667126998,0.012654890779814156,0.011624372227242396,0.01472973515689238,0.016539140936748967,0.012820481103670059,0.009654342784159012,0.010255724575083433,0.002965080656176158
2022-01-25,0.0508629074895174,0.06778632814183068,0.011760231852095657,0.010626951888495726,0.014633569247401154,0.015981694243058016,0.011867125107792751,0.013317369463977517,0.010094331992828982,0.0028555462477663214
2022-01-27,0.04931801116079204,0.06561812106286266,0.01156228317836384,0.010349383447495288,0.014625632841690082,0.017185188177554652,0.01270225932352176,0.012842017097171383,0.010081942914578796,0.002874081483913368
2022-01-28,0.04782721947008296,0.0636728296229344,0.010892157245689222,0.009627911516435033,0.014688601616753404,0.017012862225179327,0.012308717793835588,0.012223127189084037,0.011950507474237102,0.0029109117980208256
2022-01-31,0.04667804958056161,0.06308749380967384,0.014449176619791275,0.01188507225526076,0.01424167058508505,0.01655390746076329,0.01752268601891186,0.011468128494465539,0.011612147173516338,0.0030250720614013104
2022-02-04,0.0454518067937526,0.06240434077333576,0.014578599904097161,0.012356567165881651,0.013976692465644876,0.015944791461947418,0.015839341634337093,0.011369270686215897,0.011314723895797973,0.002981124023969149
2022-02-07,0.04811985635962115,0.06550854494018038,0.013934094394446038,0.011331025220540344,0.015517110659368736,0.016631498500663804,0.014523331197651434,0.01075900458859311,0.011023259638686477,0.00323217562533087
2022-02-08,0.04892401883861268,0.06465889691776035,0.013009779996557922,0.010431654831602483,0.014884925131999177,0.016068875971444276,0.013532094264461171,0.01189992570559974,0.010872793903295123,0.0031071352854727913
2022-02-09,0.047442320235426265,0.06270665963269792,0.012408764463080764,0.009614534764311343,0.014560242610869613,0.015768548247303168,0.01250425841448588,0.011171583400729686,0.01063572453601256,0.0029873691143751466
2022-02-10,0.046038266537672554,0.06137656904888434,0.012668692445675523,0.010394059677535422,0.015278787362716532,0.015194728405340101,0.012020119071981887,0.01115599879814148,0.01044884331083777,0.002874663400908312
2022-02-11,0.045083127833537455,0.061315507117627496,0.013481904112821368,0.009752832463201517,0.014743048500010727,0.014702639562058997,0.011180807542038106,0.010907314214394271,0.010230956081716768,0.0027936478646523122
2022-02-14,0.044232121935609,0.06069317446802727,0.013069556069704912,0.010630192964281028,0.014459702940480134,0.014705682529481076,0.01049944812026836,0.010368204166832535,0.010360426681999444,0.003799839940427775
2022-02-15,0.043011759983339524,0.05888360313693896,0.012422986174412365,0.010996878105379575,0.014674928405146172,0.014203860755054514,0.009978522949176949,0.015330002116565527,0.010465773933278869,0.003728679125764562
2022-02-16,0.04392499934090269,0.06103784272979131,0.013627241106484578,0.011018742424276336,0.01415304638808222,0.013786617349286363,0.009501265190154876,0.018260871475022318,0.01026556546638563,0.0037950239257006206
2022-02-17,0.04330203336588796,0.059683217514925474,0.012869697714336827,0.011332628129877079,0.013841057433928279,0.01392057842268411,0.009119828096618165,0.017116632616978728,0.010059301157801239,0.0041183292252092
2022-02-18,0.04899147081405926,0.0626250658013212,0.01493723343369302,0.011746853287461431,0.013371998845652391,0.014780110951970564,0.009136863160545801,0.01583758231258637,0.010343927500580915,0.003990687267391154
2022-02-22,0.04772748891324586,0.06157405774661098,0.01409773083524138,0.011096435279000815,0.01400139226392527,0.014270084782811037,0.00944788150530875,0.014662473324131575,0.010134581004179624,0.0038352577721356153
2022-02-23,0.049004095225315195,0.062289096870561875,0.014726406409176036,0.010695762520349332,0.017857247425540772,0.014950219460681416,0.010559269376760968,0.015034948026806279,0.009977770235246772,0.004221111486755905
2022-02-24,0.0482157277822441,0.060672761858580844,0.015169808245084047,0.010108731086309511,0.017158091335421503,0.015148412957702419,0.00998273084986694,0.013930835228199278,0.009808689764325753,0.004073608545274769
2022-02-25,0.04726878956907218,0.0588463846661242,0.014987478963920456,0.009380813564699475,0.01875039900778624,0.015144910030799258,0.01436185060741248,0.021322009773382482,0.009796906102187912,0.0039144550510817906
2022-03-02,0.04664475874613503,0.05990792905869124,0.01822549823170627,0.01524961733983513,0.017891172813384752,0.019592439085912305,0.01497751364689815,0.022871479992961973,0.009916921240707624,0.004728149585887208
2022-03-03,0.05607799907022661,0.060683337130798154,0.016865557824575547,0.013824085583794256,0.017406310201129826,0.02055748872347231,0.013928545721662595,0.020976282564430883,0.010987741778117755,0.004761445486272195
2022-03-04,0.055438833207770336,0.06020537604442475,0.01584822861551157,0.012961587131982834,0.016630615629216257,0.020166025513846136,0.012802318263878733,0.01953337327969766,0.01076045242918576,0.004620816499587376
2022-03-07,0.058544849330212576,0.06233483432898087,0.014755830494230071,0.012624706098075623,0.017041931967947857,0.01987251063391547,0.012209629745890769,0.0184800030730384,0.011306213367473896,0.004537182112820903
2022-03-08,0.056997641648069614,0.06159761347653855,0.01629084832235736,0.01163447002420928,0.018740124027553446,0.019426233152100583,0.01203364938991597,0.018045955258904355,0.011962838965257547,0.004756375427271257
2022-03-09,0.055463485169930174,0.060451125713558325,0.015022278598028384,0.011525021604753952,0.017870878578242707,0.019055313488776236,0.011626182851166712,0.017656846833389993,0.013529222028706309,0.005152729557672549
2022-03-10,0.05776680597174537,0.06018283985054222,0.016218610972979993,0.01228702191854602,0.017200899049366367,0.01853266742437061,0.012241645687983211,0.01735916357616315,0.014697161631451858,0.004990649248095293
2022-03-11,0.06001498564727556,0.0606071203320614,0.01600875774588275,0.012366378750498841,0.016437867920277835,0.018901686048619457,0.01157768865289461,0.01607378845541935,0.01420252839349691,0.005589386416395875
2022-03-14,0.05817529365856555,0.059059496277168916,0.015380185788199774,0.011573505500808776,0.01616580484092462,0.01870403645023623,0.011907531612251145,0.014909956925298739,0.013770397136443336,0.005404478099697185
2022-03-15,0.05663471630776198,0.057419195554843726,0.014227334125442746,0.011196099575984237,0.020002699921086196,0.017949285621481747,0.01458111698928702,0.015330240068661079,0.01338182288961415,0.00542945624685936
2022-03-16,0.0549210812820291,0.055762434180265184,0.014614223046921797,0.01032165509097923,0.025966155492609107,0.017266716195258346,0.013357648775221298,0.015285800704791928,0.013706715929168427,0.005308855767454392
2022-03-17,0.054241557497988355,0.0557249459067709,0.015164505575136489,0.009769359327531818,0.03439622828905207,0.01795016176963387,0.01266746121407467,0.015039563616921712,0.013623677712546382,0.005169934609731339
2022-03-21,0.052577720368188655,0.054184690398496424,0.014344116781955862,0.009186237134308089,0.03720084298548331,0.017271753534951913,0.011946695064138315,0.01475929164185436,0.01352701187885686,0.005049832359214939
2022-03-22,0.05089652763137569,0.05305391744621372,0.013716100241313298,0.008658105516163776,0.035094722256747146,0.017068938399426362,0.012168087712624944,0.014248319479478935,0.013216557903290776,0.004861377585899459
2022-03-23,0.050139077783875365,0.05206523760490325,0.013907029106877593,0.0084514535878366,0.034527912388924734,0.01643351683977054,0.012444918473115938,0.0142426785234462,0.012783362754317584,0.004847087347559217
2022-03-24,0.04861673267697503,0.050779617845021455,0.014176713290596343,0.008896941029026443,0.03252542990892607,0.01594137470550528,0.011795145542429173,0.013466766679669093,0.012429917682814874,0.004721394374082494
2022-03-25,0.04776762621839081,0.04995473627994989,0.014972435035219866,0.008473319182689017,0.030564098301705173,0.015356781675226442,0.011011031655147217,0.012595322729322235,0.012719047991981395,0.004816867745518271
2022-03-28,0.04634696147373323,0.04874279561955536,0.013838785003229714,0.008119575619422106,0.029809632263468003,0.014834403830892256,0.010389990717998692,0.012054975932445937,0.012441758040673873,0.004707712459732557
2022-03-29,0.047836017807774474,0.05070244085620331,0.012985606233291662,0.007962838874114453,0.028290152990937192,0.015744164667420072,0.009835663479891043,0.011311882469845132,0.012217303376581824,0.004527064580288345
2022-03-30,0.04640828840729089,0.049484125245641414,0.012420491343122245,0.007725388846600029,0.02672801950140375,0.0155794353136879,0.009605171230402965,0.010640945720961076,0.012543720024302745,0.004446294604391674
2022-03-31,0.045335181658571165,0.048411390274299644,0.012383682838301832,0.007951774984775437,0.02531060482370345,0.015089577536793543,0.009196243219575819,0.010136475123982103,0.012226170127307964,0.0044884656507691665
2022-04-01,0.04516765400751591,0.04810642370081109,0.012719006084475418,0.008205753829661712,0.02398638476431103,0.014569670497496459,0.008876325638311066,0.009588258043890758,0.012057932235258813,0.0043500358047920875
2022-04-04,0.04405760755460457,0.0485249147323956,0.0118838244370804,0.007998205400104102,0.022677341766451264,0.014198326165651911,0.008621911704059982,0.009989097416519259,0.01219484572225325,0.004188736019251777
2022-04-06,0.042862140240325974,0.04754518703701298,0.011489176334992248,0.008357693798769333,0.022375803117105207,0.014777039375098316,0.008528444302010718,0.012034271608704572,0.011905714689163975,0.00403530155611815
2022-04-07,0.048688765740168956,0.05599616342228913,0.015621611264080293,0.012395353989612348,0.02243743154958504,0.017378171980390912,0.011818932919222664,0.013484959380191315,0.011957093916547,0.004376721285221698
2022-04-08,0.047295271532542385,0.05469007635973121,0.01489040173448743,0.012584750147749079,0.021270667539582018,0.0181511365541804,0.011613416146655826,0.012609645830581138,0.012028429483405895,0.004574239461498741
2022-04-11,0.046845833423453324,0.053395394270177636,0.01383445701145795,0.01146854881107045,0.02016034258572782,0.01743476733853743,0.011153448350759688,0.012005097747237363,0.011700593670582094,0.004397187054627348
2022-04-12,0.049897949456958406,0.0555383332344024,0.014430042082308622,0.010670351383308487,0.020995256173934246,0.018068370984930696,0.010601383421558924,0.011477457754425675,0.011380021130507085,0.0042249685696171884
2022-04-13,0.048452210170581295,0.0540456573846457,0.013487777733200037,0.009813320386518996,0.01993158837481703,0.01756292625261162,0.010018798033180095,0.011301653897337284,0.011432305216246308,0.004072252845960993
2022-04-19,0.0475852611535603,0.05308392660592513,0.013612606583919475,0.009716764313761816,0.01902134497255841,0.016921589844452467,0.009549262427508726,0.010610191478500657,0.01127320772402109,0.004071359187959128
2022-04-20,0.04620529389149799,0.051691556982511815,0.012715246811667712,0.009389818056549936,0.018511098129758864,0.017095120137022916,0.012899943554066946,0.014105198580091023,0.011301656553378465,0.003938211142259074
2022-04-22,0.044887930593802985,0.05042282028478395,0.011805374635194916,0.008760394439262114,0.017619097825524777,0.016443564856292427,0.011951597921576402,0.01371022518956555,0.011010517077452755,0.0038282086058591637
2022-04-26,0.045599537107133575,0.050552677416027425,0.020376939491135778,0.01803856390997324,0.01742671667589225,0.01971534558861135,0.01175271966631179,0.012747641427149257,0.01117736373511715,0.003729550643512636
2022-04-27,0.04592932126448681,0.05148507013714372,0.0202163347493381,0.016486597264381918,0.01883380581686893,0.02076619440747193,0.011219614820376065,0.011971589367419284,0.01127656099155771,0.003685809935799889
2022-04-28,0.045380586659264054,0.050653926193659125,0.018659729623001477,0.015360806002171778,0.017951348733892047,0.022626562599394873,0.010515498690255441,0.01143806980864696,0.011052739603893823,0.0036652183291195385
2022-04-29,0.04411998303721472,0.04939025394962602,0.018649111389662673,0.014802801582725964,0.01748474592191597,0.02171456260599196,0.010698736715693555,0.011001893321633387,0.010807090120318753,0.0037215620962985207
2022-05-04,0.04386700063981921,0.049676315783502664,0.021844361033456768,0.014822895360044653,0.02045237311901103,0.021796416928484007,0.011220340956518955,0.010661161749078798,0.010880577877457973,0.0035987013948903333
2022-05-05,0.043157733316360976,0.049433865935684676,0.02448850146639586,0.015487542400112114,0.019682027180115958,0.02092597233606528,0.012454632703204516,0.01375794117308194,0.01197928214996409,0.003490673249856074
2022-05-06,0.0496010470026455,0.05256051525577617,0.02764453126649416,0.020108257944464723,0.018878438065361654,0.023513002841384117,0.013352329810198309,0.01297965285540898,0.011655416324624976,0.0037754021395421822
2022-05-10,0.04818312452566139,0.051369646193588005,0.025315361646903428,0.018329705485941053,0.020063209261528693,0.023734149799321484,0.012345261885749009,0.012570487445589949,0.011571895301914022,0.004119556940748358
2022-05-11,0.06223261481791638,0.06153368690702544,0.024383676350294925,0.01702233716328826,0.01915710303795025,0.023171425655141915,0.012184603166366886,0.011733076269901277,0.01158411840872521,0.004941898701255997
2022-05-12,0.06373213830514637,0.06892336318194264,0.023394914024627053,0.015237869745861048,0.01838341683067912,0.02218866444835919,0.011377101767848593,0.011206436562265769,0.011328479286635525,0.004762281515584088
2022-05-13,0.06148258598984222,0.06842606573472977,0.02145392083283686,0.01405571716997389,0.01844771487362067,0.021597657070703893,0.011870728233236252,0.012786191351144928,0.011498303200530847,0.0046025102092579805
2022-05-16,0.059360017335686986,0.06649171935127378,0.02153046626958996,0.015321959836289735,0.01920660193055939,0.020904952342829075,0.014582467653238168,0.011942009972948175,0.011384916876350348,0.004422427610920768
2022-05-17,0.057533948301174795,0.06437523246265563,0.01982110544274319,0.013818467379565715,0.018278639200436292,0.020027736166480584,0.013634329330107674,0.01124720787056979,0.011112724771227373,0.0042509062560920526
2022-05-18,0.05587829014273797,0.06297603656595376,0.02020746161142883,0.013476889453999939,0.020337231634956418,0.019350681955922933,0.012564729825729653,0.014589963195325874,0.010923343036706612,0.004233822516412103
2022-05-19,0.05731454349698302,0.06630143312038181,0.02569200026086209,0.016446523708596332,0.0193118181807887,0.024153582564081465,0.01175380480425956,0.013765869821927769,0.010791795321146542,0.0043680478785421886
2022-05-20,0.0577390195473455,0.06576086319474901,0.023541264730713163,0.01585386544081829,0.019196715522378827,0.02364689343764127,0.010960653651434062,0.014806241276488559,0.011376221734478442,0.004483714438047721
2022-05-24,0.05732254973111945,0.06449135973167117,0.02168882911196103,0.01470753585906013,0.019530264771373068,0.02259550509129609,0.010510619611774028,0.01576354807050957,0.011145767995904205,0.00455104866482335
2022-05-25,0.055531926384482594,0.062494270923737785,0.020324443453342042,0.013266914622541166,0.020192126707005764,0.021636140613415802,0.010333834086176837,0.014833533480058503,0.011273245908629832,0.004386534552090712
2022-05-26,0.05373049648098282,0.06086729580808463,0.018916257079865773,0.012258996790616608,0.019170331333658745,0.020701118980203694,0.009789698019213028,0.013981460909507616,0.011279969398764265,0.004219713125916673
2022-05-27,0.05211944579463494,0.06272358066474824,0.018827959744027244,0.011458795371912921,0.01822788876636232,0.020132784372237294,0.009516585446610248,0.013311182187389059,0.010990574612726593,0.004054775675094428
2022-05-31,0.05091228559761478,0.06209055117631083,0.019761172158012826,0.010926462633399504,0.019437604363989856,0.019491091886382206,0.009868546456228996,0.013078897324652904,0.010748216813572752,0.003921787903675679
2022-06-01,0.05716281268750723,0.06740813601322317,0.018429400006353288,0.011067453127185968,0.020731586790970754,0.01892975229781436,0.01021746609512051,0.0128552176980962,0.010606978249693439,0.00379266841450821
2022-06-02,0.058510637433240434,0.06761832942097047,0.01716586128501922,0.010161440432277085,0.019692585996293976,0.018195104123021284,0.009882452026492943,0.01204180736549676,0.010372134387677296,0.003653301050899732
2022-06-06,0.05677936478758681,0.06544826520434013,0.017094036648854314,0.011396634045269116,0.018913098905816245,0.018997787043022633,0.009771746325078294,0.011417271602501618,0.010491705668940756,0.0035121253929599854
2022-06-07,0.055443827760747376,0.06345049245558954,0.016440215368244526,0.01204799864715668,0.01972390372082263,0.019838662566952235,0.009334284682248317,0.0107548247574758,0.010731562596891023,0.003395123778134586
2022-06-08,0.05366527130814714,0.06191054480541183,0.015647313213330617,0.01121232200840658,0.01875727163050683,0.019042877983266548,0.009910198671111824,0.010523973276071779,0.010559207565612756,0.0032905616392503246
2022-06-09,0.05293791252406347,0.06019970231701413,0.0152960496203766,0.011331079549995628,0.018780990991930903,0.018281717855864434,0.009507788324815185,0.010156203546636882,0.010326947856204784,0.0032145113518232166
2022-06-10,0.05126289913904905,0.05841339277573927,0.016749483055220428,0.011011632157989963,0.01792865655917745,0.017617544538588097,0.00968188335586688,0.0099339231037124,0.01011987841420209,0.003094242815509885
2022-06-14,0.050759454777230636,0.06016178096447518,0.01885877494698622,0.010113959592863922,0.01708589257068355,0.017358471612711982,0.009258954113852254,0.010950377474852852,0.010334198519612203,0.002990406951094712
2022-06-15,0.09163413450309521,0.10312799612544281,0.02279033061307039,0.011642997399233334,0.018403993652434624,0.017074131932815543,0.009556789123726718,0.013538868971067495,0.012151531444610788,0.003111582609137803
2022-06-17,0.08811569048349976,0.09938575277545175,0.021356511952369258,0.010789567893148569,0.017721775004315442,0.016474231490170407,0.009567604658621906,0.01272775781308632,0.011796005860810406,0.003063385643951112
2022-06-21,0.08951101600226138,0.1019150418650044,0.022875899819583236,0.01685551906569768,0.017181748624648975,0.019993691190485396,0.017165567226761276,0.014924114383482671,0.011705104802233957,0.0029457646523472
2022-06-22,0.08606380090253801,0.09852027602000196,0.022688565409234644,0.01665514393935291,0.01762545510407952,0.02032286757278203,0.016616336789953078,0.015607860277211021,0.011389152916415417,0.0028386748266677917
2022-06-23,0.08337388981745204,0.09667548298483217,0.020814591429649268,0.0159729471116938,0.01806274814344403,0.01977175903662298,0.015067728108642488,0.01506424094232318,0.01109871585798959,0.0028141566734904994
2022-06-24,0.08154892407607928,0.09567995041719085,0.019451855737889632,0.015088835358075698,0.01763793585442141,0.018947902005561647,0.014338328136865442,0.014317961093537146,0.0108712958413525,0.002711617846808762
2022-06-27,0.0784444902972508,0.09391616232789389,0.020884924690054492,0.01543827708704115,0.017796538668574356,0.018562630059971604,0.01335030783577102,0.013555506056468401,0.010615350272925433,0.0026166454553037005
2022-06-28,0.07581820259216149,0.09087348325649178,0.019194726427244742,0.013946069948721336,0.01839564479783797,0.018921850469761116,0.013299381433324558,0.012993782135525439,0.010390714240711519,0.0025419659741570994
2022-06-29,0.07326105004802458,0.08837808646345213,0.018960724647538604,0.012599547317686692,0.017779345347264643,0.01814972855094838,0.013147410789279583,0.012148711584719116,0.010172168823528895,0.002526789018764686
2022-06-30,0.07054881326664598,0.0857849353201722,0.017614303989867595,0.011434775835046844,0.017231789215970583,0.017449767226617684,0.012125927373496,0.011446780861953951,0.010044250606953142,0.0032804534709243004
2022-07-05,0.06822377661629593,0.08328635454239508,0.016787321884562084,0.01164698835579952,0.016614887249064788,0.018843547968806898,0.013097952893335589,0.010827009440210852,0.010021459415276244,0.0032209572727257825
2022-07-06,0.06595915914819896,0.08188494069464118,0.0161079655382324,0.010708194946386116,0.01588342334106394,0.019476066228886302,0.012620648316553948,0.010210974652230058,0.011192370967254164,0.0030981446660498864
2022-07-07,0.06386717772157065,0.0800490059338751,0.015182362862930659,0.011094317538007993,0.015333605242871987,0.019494683111534263,0.01236680549108134,0.011098445881209904,0.01116233065140102,0.003323032480972522
2022-07-08,0.0629537559426053,0.07783333719616256,0.014524285531203177,0.011365444797271258,0.01472232000334087,0.019832308008687637,0.011584247009456929,0.010526780413838454,0.010901326469108375,0.0034062005480607403
2022-07-11,0.06074886720971415,0.07526456225610392,0.013431033051499317,0.010611327775678874,0.014280042659384644,0.01980205756617083,0.010864371583873602,0.010212269700782239,0.010667018504402194,0.003326372877496253
2022-07-12,0.06363141203003235,0.07848922074685799,0.01308761913356888,0.010712720354374818,0.015700373065007513,0.021587863603847637,0.010801984370856013,0.00965370244604459,0.010492496890043359,0.003216187565746369
2022-07-13,0.06214039697255357,0.0773136888567135,0.012504469015459232,0.009886283889030924,0.015385608303432309,0.021849004038445065,0.011821162715008436,0.009625582568825779,0.010281646365979441,0.0031279138444176395
2022-07-14,0.06119848896357371,0.07680048850731609,0.01176795109104506,0.00916994947619718,0.01477661482521239,0.020978449234757907,0.01102401194138409,0.009399092820851926,0.010155428763392154,0.003007355613282862
2022-07-15,0.0593283234624208,0.07642823211116402,0.01095587868212759,0.010153727249354021,0.014226368233254318,0.021131843784048455,0.01096709959770475,0.008962632991190671,0.010417793782241442,0.0031005195702521445
2022-07-18,0.05738576516302232,0.07432798917376546,0.012519367381711324,0.010524117434908005,0.014970495395134942,0.020450837340681125,0.010850314381472907,0.008904555797966531,0.010198805553902356,0.0029878171237169952
2022-07-19,0.059164140812822424,0.09669777501527324,0.012332332221930696,0.009698736085458307,0.016072763065316905,0.019588341921181956,0.010217426176455203,0.009382558033867871,0.010001875962174382,0.002933350827167284
2022-07-20,0.0583238720990038,0.0933877529197803,0.016171557791082692,0.011775113985742824,0.015450203453243733,0.019772793305270542,0.009705690589892867,0.009243062297450798,0.0098536726322855,0.003006264543121021
2022-07-21,0.05644217875045751,0.0901972316160173,0.014956259073606308,0.011052785460089604,0.015056866828439769,0.019046774864651384,0.00928168414779696,0.009231595693364642,0.009882417589886753,0.002962783909721328
2022-07-22,0.05456747198573366,0.08747130240866813,0.01441633470674478,0.010288901845847515,0.014958403829774411,0.019069674158385178,0.009380616338174443,0.009051535485149953,0.009919016271281292,0.0028876213920489696
2022-07-25,0.053274428273658615,0.08480534990191702,0.014175164905613422,0.0099701837658099,0.014381124554801774,0.018287357505945564,0.009528775537348728,0.008713840774953501,0.009804949081049374,0.0028999029363425215
2022-07-26,0.05463834433027655,0.08361576132396654,0.013133378204534269,0.010147661530495152,0.013856807311030365,0.01799193315324897,0.009203788101692752,0.008505967245613266,0.00967641430556798,0.0028056342321404375
2022-07-27,0.052928876346488934,0.08072264448308898,0.013283762276592934,0.011033020595145762,0.014042654401218815,0.019738879500468768,0.009158316863419497,0.00907137036257212,0.0095452140531665,0.0027597812692585944
2022-07-28,0.05565101932694175,0.084755806568962,0.015843754915564986,0.012210131023259508,0.013827009714107974,0.019472231628958156,0.008943298268001615,0.00934988432258569,0.009406949459279997,0.00268016593809526
2022-07-29,0.054821219994564595,0.08284529902943795,0.015232705617837102,0.011322939956286103,0.013367610154100701,0.01885972979618473,0.008708128960855002,0.010538555523388003,0.01007731878580594,0.00257766371267043
2022-08-02,0.053067832796362235,0.0799758446683994,0.014550532382489377,0.010748894633769983,0.01494021063679342,0.018321514732410445,0.008553206444808044,0.0104262755118588,0.009910624990595895,0.0026760003921360294
2022-08-03,0.05302704486734372,0.07933149211522054,0.015037312220307113,0.01145281374253083,0.016876830601987625,0.017675365177832088,0.00846124004475566,0.009872454980027276,0.00976699318888536,0.0033905389488057785
2022-08-04,0.051453185910865396,0.07673965004464436,0.0144221899010528,0.010471348406208255,0.016121742852526343,0.017639104217823564,0.009157925927740665,0.009402577089150616,0.00999822121381273,0.003501596908089
2022-08-05,0.04985553496158888,0.07414214084814982,0.013468803786429314,0.009842863059251122,0.017293874054977298,0.018606589992564954,0.008841996396946605,0.009135305406249704,0.011112729223170175,0.003808208284500032
2022-08-08,0.048916886270248636,0.0741431155272379,0.012497912012750663,0.009228542103473816,0.016513606659668802,0.018013483107049606,0.008643236883329493,0.008716076112014512,0.011017100544176029,0.0036608558579321895
2022-08-10,0.047876265246746603,0.07194971544081745,0.011617428945319459,0.009627432127129333,0.015836662973323024,0.017604215775897044,0.009368757495028081,0.00899468973388109,0.011004375014886688,0.0036223257791469948
2022-08-11,0.04647044065757196,0.07040290230512357,0.0127859439751033,0.009482612118744764,0.01617707576155664,0.017160255479548966,0.009684927590726509,0.008616077343474584,0.010834675640417245,0.0035244963183160387
2022-08-12,0.04518245054354485,0.068115430496773,0.012190832327750653,0.009627208405246014,0.016290474333319854,0.017222826912123183,0.010261131156257654,0.008264742313344004,0.010811988104409437,0.003803513663288589
2022-08-16,0.04436698130589705,0.06688257414528376,0.014218223596994768,0.010578933938728486,0.015901351895912384,0.021032813895655054,0.009778936278980611,0.008412663867069976,0.010841092987501666,0.004064312267432354
2022-08-17,0.04373093804349525,0.06590904720615723,0.013251513429310732,0.011186248412150721,0.01611843249398057,0.0202289292105908,0.011865880699652151,0.008312980544808142,0.011148281465163438,0.003913739869350206
2022-08-18,0.04346095265563655,0.06444384960471719,0.013228817810170117,0.011683903884768653,0.015431192363944414,0.019425779626589406,0.011081444273080722,0.008007267104732044,0.011253124829064704,0.0040380690711018016
2022-08-19,0.042306566443919655,0.06245147422870259,0.012364819941510667,0.011635617411629662,0.014869978040688266,0.01873941227067272,0.011348002988241828,0.007791447392153337,0.010966647395519337,0.00394555615427716
2022-08-22,0.05085533561815729,0.07040994946919961,0.01192969089448556,0.010624895137464457,0.014402068740908127,0.018535477131688235,0.01095810824159499,0.007902859499704592,0.010701742001645193,0.0040377574798769805
2022-08-23,0.049748182210296726,0.06811299984711092,0.013479083003423565,0.009787958862847699,0.013907610161660621,0.017915384718062526,0.010359081903304437,0.009040100888267379,0.010557587915857364,0.003910562007410395
2022-08-24,0.048224075076519574,0.06614346915160098,0.01255088980169929,0.009170622844063343,0.013621125252627741,0.017914752107889138,0.01085478952233477,0.008726148039484656,0.010425717764435134,0.003761347038457311
2022-08-25,0.046848534456624916,0.06407572436889594,0.011675435026222654,0.008878114967068387,0.01362076973799357,0.017487738385595662,0.010238926114429017,0.008360644523257492,0.010204540501528508,0.0036175839334082792
2022-08-26,0.04551189345144035,0.062287128372076526,0.011844402581086851,0.00879699947335367,0.01659829184409203,0.01687296711450109,0.010120325087126503,0.008318062968141495,0.010050340842145632,0.0034852327745814654
2022-08-29,0.04807497824396059,0.06847421981446453,0.016795789593777623,0.01053399718956133,0.016206557150804574,0.01651993427011409,0.009614103151222632,0.008049347438543446,0.010211401001018363,0.003359931530599073
2022-08-30,0.04663422749669554,0.06665326371919866,0.015660325607794515,0.010201087769802082,0.015603104169422552,0.016086501113270597,0.009377371235031816,0.00911763237975652,0.010009031146842233,0.0032374498952223046
2022-09-01,0.04595293572773433,0.06480957685214431,0.01509207884634848,0.012547495506357422,0.014994096835082389,0.01700460707773123,0.009026071085550143,0.012150659250525555,0.009991547765520586,0.0031121090482785323
2022-09-02,0.04470299529019332,0.06333087044277205,0.014507266548483586,0.012638540101135933,0.01580678275363525,0.017730550267727328,0.010423920922425589,0.012968672162403508,0.010914165914497063,0.003349852233030859
2022-09-06,0.04351414298859325,0.061399863803766844,0.013856973750114285,0.011948115705071715,0.015215895638367108,0.017689034747750777,0.009964998153651488,0.012091894661780718,0.010860419944987479,0.0032664904682556104
2022-09-08,0.04571554236799542,0.05963138612593288,0.012909555279240714,0.011597762662411804,0.014988263611000315,0.018599531447225856,0.009531848140375894,0.011535705644921783,0.01066729662972466,0.0031458111460927907
2022-09-09,0.044846604122272184,0.05887747936771921,0.01463130840983132,0.012054903883618033,0.015459689562672458,0.018478967222234705,0.009835315922517152,0.010986710234295882,0.010439174164392669,0.0030662235278311155
2022-09-13,0.05211497704836478,0.05850990567823434,0.014673079311169618,0.012405337838270247,0.01681575469691964,0.01824244181772279,0.009528057379018942,0.010352414698384412,0.010278762566540636,0.00295210019217735
2022-09-14,0.05323690691064793,0.06190915692950136,0.019841988741744154,0.013481802232235138,0.016156480630710023,0.0212470263474503,0.009455077946224789,0.010150287376365703,0.010393156933230441,0.0031097949831851135
2022-09-15,0.05152191251057312,0.06066917361800775,0.01836423428170912,0.01459931683639496,0.01665896665685477,0.02105698624540646,0.009085216815110734,0.00960952332426287,0.010188241047202284,0.003102572188955918
2022-09-16,0.050703445513032665,0.06587901546822557,0.017672091178432204,0.013797183503810427,0.015943596708361246,0.02050490335419475,0.00879123806321521,0.009709519386391786,0.011031026770691702,0.003034911860151892
2022-09-19,0.04915227008610132,0.06415905982577202,0.016303053203752364,0.012476089051630732,0.01530681108179729,0.020044254610766338,0.008549749371457,0.010608401180495284,0.010921460027870152,0.0032135708111615062
2022-09-20,0.047875017059852885,0.06329259720301092,0.01511473555999503,0.011693466748190084,0.015098176107863055,0.020126687731391972,0.009225607201308099,0.010034873138765703,0.010738115123933517,0.0031465375842012954
2022-09-21,0.04759717341400635,0.062382931161289214,0.014630118843028348,0.011532118737909705,0.014915561995141277,0.01947675987615943,0.009777553865659327,0.01014313569126606,0.010532318270180545,0.0030249744388387346
2022-09-23,0.046539439055822765,0.062459254656030645,0.014967287343899138,0.010535065170310635,0.015144629748471576,0.0189281165362679,0.009919414102329958,0.00978041745825118,0.010327288469654408,0.0029123473071044252
2022-09-26,0.04774036071219184,0.06350045756944704,0.014347876292017956,0.01103520221671817,0.014923339994706842,0.01831059356980745,0.009561149298754365,0.009571683863068992,0.010154963933267081,0.0052737263077713495
2022-09-27,0.046331391039166066,0.06154161031688563,0.013650510669130643,0.010139462559157925,0.014352729245768343,0.017648729175711333,0.009228225772014365,0.010699390332078219,0.010288328738878614,0.0051037369085802885
2022-09-28,0.04500025088597155,0.059674458635560264,0.012659135747670776,0.010547380960545576,0.013907059651976679,0.018018867817394136,0.01062002466672606,0.010138226054019024,0.01017083019841566,0.005045658367706626
2022-09-29,0.04395488003056882,0.057903809951141784,0.013983385253639458,0.012479028527163594,0.01642070835322338,0.017302242762740786,0.010035240838552353,0.009988387862646358,0.011070191134158601,0.004858220121850002
2022-09-30,0.042747272809870764,0.056260555867022236,0.016083896789750692,0.014221241341939387,0.01588241569801184,0.017001087359566906,0.0095434244863296,0.009734874631303639,0.01086113908661073,0.004786244154633486
2022-10-03,0.041687500051564186,0.0547053852779837,0.015868802233062418,0.012891703012518314,0.015271372030137224,0.017918659795841296,0.010287570134895918,0.010770454135887413,0.010619685035599284,0.00460025456156959
2022-10-06,0.040674078904731174,0.05321088748444583,0.01747749721252988,0.016951556734502337,0.01481464305014545,0.02365859281386568,0.010568834025701936,0.010995322154787504,0.011160871221376578,0.0044208332203162755
2022-10-07,0.039921658350427706,0.052027710662911605,0.017563457183620013,0.015427123986689124,0.02129560784907723,0.02401230306505267,0.017587387028459377,0.013818822908128676,0.011216467515959451,0.004265448892451671
2022-10-11,0.03917345121493466,0.05070841168800851,0.01788419911131225,0.013873078595738591,0.02024798188932341,0.02294948876875854,0.016764928705018646,0.013049747667883081,0.010936815597777972,0.0047169299414189314
2022-10-13,0.0390388364374015,0.05072908800606053,0.01724274358923337,0.014148103741451817,0.024194626353012408,0.022649324750619405,0.015200969445653089,0.013816227129294383,0.011040169708601279,0.004535940566413586
2022-10-14,0.038282086430425084,0.049421472764694954,0.017415889907973832,0.015204219115890785,0.024300702137905028,0.02191849347172181,0.013860253859863439,0.01285099452751179,0.010932454500550581,0.004430664962250543
2022-10-17,0.03758739773268118,0.04819612941050099,0.018485947942435174,0.015723567790695493,0.02321359050203504,0.022297183468742775,0.013511263136191902,0.0123855163199352,0.01138553361075782,0.0042577712510461305
2022-10-18,0.037171398717087245,0.04752011494765866,0.02002597376188597,0.01711478433560823,0.02197503999227084,0.022808642332161618,0.012429023669710713,0.01199166583049465,0.011385240452714298,0.004150393516242981
2022-10-19,0.036664145105291264,0.0467667318304816,0.01864967898059044,0.015361460401094696,0.021282092879523793,0.02186262203741558,0.011540560248849044,0.011447596322437283,0.011231049988200672,0.004065483241620644
2022-10-20,0.03604187672744081,0.0460329229355145,0.017305949670757624,0.013917361479703808,0.02116701638671841,0.02092424328903719,0.010785256358740431,0.01075607159380512,0.011298694266647575,0.003915375724237039
2022-10-21,0.03531430899306807,0.04499708974610723,0.015937402168583633,0.012795166522804935,0.020102787162844974,0.020909131640310635,0.010386524522707863,0.010778403627359703,0.011242970684536209,0.004435687361351205
2022-10-24,0.034634062633777225,0.044059607041655686,0.016634885616292183,0.012621224525793517,0.019148264622524412,0.02023072929595953,0.010749695257966558,0.010175870143640818,0.011174948278587277,0.004308053635595202
2022-10-25,0.034007095591693286,0.04374676810132152,0.015604934906815224,0.012146884781182164,0.026787003672396347,0.023681911853819584,0.010228809420520384,0.009744362949785862,0.010958653494876965,0.0042611384030979025
2022-10-27,0.0351899346800421,0.04820172497385527,0.01592843870847918,0.012518424728216255,0.025241267979764573,0.02314715171009828,0.01052487356656181,0.00927788689678537,0.010745993281878228,0.004152579045345662
2022-10-28,0.03451699809273089,0.047447536377699995,0.01698195283982828,0.01163039081384593,0.023946020920594217,0.022173593235770384,0.013957276599313995,0.008992939383496198,0.010543867459207006,0.004688222086399519
2022-10-31,0.034259452244214346,0.04692894460364963,0.018931028061247877,0.011492163190068587,0.024397668334031012,0.02126054933911575,0.01282635241875165,0.008899493680493684,0.010487350666688227,0.004683840702675846
2022-11-01,0.033761004912541415,0.04585283992437202,0.017850814719642633,0.010531689606327886,0.023366250108068424,0.020347269321872564,0.013137045414708042,0.009087944330237395,0.010326842052222158,0.004560297820290617
2022-11-03,0.03319107376225358,0.04485620364354406,0.016436250300400537,0.010492746903478439,0.027584206475557486,0.019627672156001544,0.014080978569372144,0.009668926877965982,0.010413531688531708,0.0046671183595933955
2022-11-04,0.03289629417764679,0.04473860385670883,0.01993469155379662,0.009873487683105543,0.02600971481026742,0.018894142572193736,0.013010244567161867,0.009279783557466979,0.01040785644839602,0.004510306773114403
2022-11-07,0.03440645363049057,0.047159471272653644,0.018728862579935758,0.009903210963065063,0.028441382122284198,0.0181310631570284,0.012500618458976187,0.00883955762057582,0.011576460006799098,0.004397555967313448
2022-11-09,0.03543116660214165,0.048754644306326894,0.01722495643866749,0.012276266719692746,0.02728029022158026,0.0209196481644863,0.014932877266386478,0.008607404548937192,0.011363585857155894,0.004881991886642967
2022-11-10,0.0850832916708841,0.1087737088665689,0.018040038624048585,0.014790906536157144,0.02638323240718452,0.020246590970193764,0.013980738289128056,0.008976193432494908,0.01141300709280738,0.005096297484566768
2022-11-11,0.08665522749526032,0.11344028449533489,0.02574635670136407,0.020390611915900077,0.025351694871548026,0.02090820425527503,0.012956727242770536,0.009072942901817461,0.012163511002908021,0.004902660526428343
2022-11-14,0.08429587815080694,0.10937704596140051,0.023601747152700706,0.019639471496717312,0.030132518226852895,0.023129587213783154,0.012482810903734662,0.00891958216233727,0.011817364369962436,0.005591306510643934
2022-11-16,0.08141923466288324,0.10583106140838598,0.02192631121685278,0.01847710643484636,0.028707572666974233,0.022141860863119537,0.012821967452531802,0.008547290363262619,0.01152097091419321,0.0053711822534416994
2022-11-17,0.07834871633082739,0.10202375319836003,0.020285710964050328,0.01690029869003758,0.029463068737663026,0.021362759217829676,0.012118849641049322,0.008984076776217919,0.011300593242315176,0.005513379965654791
2022-11-18,0.07539774203060363,0.09831663270128628,0.018642645017965753,0.015261975206761078,0.027753054036265414,0.02073178772048642,0.011913104206751153,0.008587312160986882,0.011020647736560696,0.005481189735584179
2022-11-21,0.07257779375664691,0.09475235699028298,0.017228336530782172,0.01377022257219733,0.02613181346109103,0.0198771871205795,0.011592397141479284,0.008280848844552725,0.010815396416988546,0.00526576703171059
2022-11-22,0.07187594321365015,0.09465497409934046,0.01595920969463793,0.012496272806467743,0.025254881886936316,0.01904630001491911,0.010832683847028582,0.008543623484308252,0.010749808458510106,0.005059057929537182
2022-11-23,0.06961832251383933,0.09145146038004004,0.015809114231548592,0.013593328457298812,0.024070844920879457,0.018856564555823695,0.012199211542747961,0.008487463860435867,0.010517846727547076,0.004905534634082224
2022-11-25,0.06741469194169446,0.08876799539792339,0.014710069396249158,0.012365713507560381,0.02282994930318262,0.018109387732620164,0.011353582674299359,0.00815416499681398,0.01031287638750345,0.004713730966255727
2022-11-28,0.06502184117286797,0.08564922356330801,0.013609180433085136,0.011258052148544341,0.021584424755332298,0.01746496280183168,0.012158870896890201,0.008844537917378043,0.010132423718023692,0.00453564124982711
2022-11-29,0.06298136880057496,0.08295736617550453,0.013956846078146717,0.010366607452432732,0.02089832796872422,0.01725797476127447,0.01135934713221513,0.008491051195305795,0.010092730996490131,0.004357845743269068
2022-11-30,0.060857186460198734,0.08064154868637095,0.01294971716273665,0.010054632391194925,0.0247893569148912,0.016841872123530208,0.01137849153273222,0.00818303825030262,0.0099399805465817,0.004188692981816865
2022-12-01,0.05990795368061042,0.0794642055991306,0.01633812413294198,0.010928417808107877,0.02416003480813771,0.016261023936794204,0.010656742522709112,0.008194317551688875,0.009770713041764445,0.0040264068421473065
2022-12-02,0.05807512234658987,0.07696500961010239,0.0152038242585006,0.011351850863728741,0.022823493268265868,0.01860867618166683,0.010905570535995349,0.007929073995849654,0.011309823393279668,0.004039322770249786
2022-12-05,0.056113773160297475,0.0743898301838236,0.014104476611019006,0.010427275370530469,0.021694475958336484,0.01796073779338193,0.010978450843853634,0.00824124784499641,0.011079618476124426,0.0039182434208668675
2022-12-06,0.05426905723812601,0.07226075986835384,0.01427830256314126,0.010176877566019118,0.024793956656723376,0.017683528979295236,0.010509063968216666,0.007993426545647456,0.011213579497134096,0.0038600592896856837
2022-12-07,0.05258310756162767,0.06994267538166021,0.013655760877405231,0.009497350693863503,0.023391826731853124,0.01775496755805163,0.011442484075894816,0.007756407397753137,0.011023208816447336,0.004033322123670699
2022-12-08,0.05099015967839171,0.06809547503885732,0.012705975972648324,0.00949100218181841,0.023312869429201234,0.017119707371862632,0.010721298089468277,0.007528794098596834,0.01122723348920843,0.0041782740767861235
2022-12-09,0.0496959048099695,0.06653376871460545,0.011967553980351233,0.008876329375985828,0.024110324394234474,0.018223622956478176,0.011180220590118363,0.0073339770131786546,0.010941835182154157,0.0040400374483467
2022-12-12,0.04821684967350156,0.06455901859084455,0.011497493235154038,0.008560629783052515,0.023659830738248396,0.017627552468503175,0.010513137201563825,0.0075124048598525376,0.010738049908300825,0.003882393472046103
2022-12-13,0.0467809067482083,0.06256224923024259,0.01212397133838619,0.008790855761583232,0.023067363571286886,0.017850195030630574,0.010037256675445125,0.0073246710070377,0.010674591999831434,0.0037529005734901143
2022-12-14,0.046428914139249,0.061361964511985126,0.011811656768641585,0.00826512987230187,0.021929963870982325,0.01721004797616781,0.010109320119139715,0.00766088324037566,0.011437999731687978,0.0036807961195720936
2022-12-15,0.04508835906141204,0.059628521306292565,0.011569855915724615,0.009889750366311081,0.020755446269604058,0.016778729177613614,0.010198801852419332,0.007452294605496604,0.011247885436389238,0.003642324634412117
2022-12-16,0.04447352423884208,0.05861958127800742,0.014165152420199249,0.010720769014993548,0.020076640589004782,0.016160257801040946,0.010066466010329842,0.008479261785577681,0.011548803267741596,0.0035141570708842602
2022-12-19,0.044747980038830786,0.060753798289218154,0.013406816916115647,0.009954963059940704,0.019214273307393698,0.015563084624742242,0.01152839325330322,0.008291981861407447,0.011501204724871839,0.003562283897545002
2022-12-20,0.04374309477316793,0.0589377720707545,0.013113759267804852,0.010398655859497235,0.018339470677573206,0.015463641837276382,0.010782274409646589,0.008233102562578126,0.011221007858811556,0.0034592127325486634
2022-12-21,0.0431124658908468,0.058060336730920106,0.012169239177844732,0.00958703514304566,0.01795712187898994,0.015757172342327753,0.012496762227851564,0.008079665612456304,0.011341180691761838,0.0033676805794508914
2022-12-22,0.0419952131321769,0.05638615489156109,0.012600879069644202,0.009812302966566261,0.017177010483755226,0.01574954216639216,0.012852941524362275,0.008562384142423484,0.011046857030432228,0.0032399418037917355
2022-12-23,0.04090170687908846,0.05478563862107857,0.012561748570385207,0.009610600120470209,0.018649238672712506,0.015192249278819535,0.011936398588441012,0.008241468949448747,0.011206099888648817,0.0032073302551108218
2022-12-28,0.03988769632443015,0.05326177630994583,0.011826926291858499,0.009637359708085602,0.017783311677931332,0.015231974669239416,0.0111155620582556,0.010188498458051826,0.010966535054116995,0.0030838205132095783
2022-12-29,0.03925751236267096,0.052408594325158375,0.012887561271798154,0.01220527585771015,0.017501548886764935,0.016614091810188438,0.011305461980974887,0.011012555764988823,0.010758481962975628,0.0029892527910280685
2023-01-03,0.038344903914785185,0.05105008436694894,0.013658328603299292,0.012781387690319673,0.01683528852044801,0.016091887638156027,0.011330958470974171,0.010441091027088232,0.010619277215646754,0.002881432690517085
2023-01-04,0.037471188417797424,0.04975146456317983,0.01307954527162604,0.011935879606571873,0.01710092937896092,0.0191891404248959,0.013005359563459627,0.009853580033027724,0.010565282131754313,0.0028229652540075673
2023-01-05,0.03675881382577453,0.04923486813444393,0.012483060129353168,0.01258915746308781,0.018992726553999598,0.02069774993132466,0.01553720523636422,0.00997768689769391,0.010468590071696286,0.002723434162102732
2023-01-06,0.036011388624521266,0.048075106431766414,0.012681207232948431,0.013817264287998263,0.01835152880255198,0.02000067041412249,0.015244248568223371,0.00960279724191183,0.010580887698885176,0.0026575902493689626
2023-01-09,0.03530598145319272,0.047018677040293035,0.01430801394982387,0.014772534482175255,0.01749731036010398,0.01919124928538508,0.015062939124768707,0.009564360452778907,0.010887397591728758,0.0025587637246214023
2023-01-10,0.034694359880698085,0.046743809314650185,0.013414063115506499,0.014082733872227703,0.017158686916666718,0.01977218911098768,0.015333952884182801,0.009507154460694894,0.010629402086874566,0.002786217713312537
2023-01-11,0.03420369311720595,0.04569743293795307,0.012582203767963353,0.01273178076477804,0.016419377392045548,0.019710155781952985,0.014167575049657533,0.00996548319981045,0.010404353308123553,0.002703781487451917
2023-01-12,0.03403149721450076,0.04529425449717102,0.011865461637098104,0.011575120836959264,0.015708098453639074,0.01911634013493095,0.01305873441077875,0.009864751937755028,0.010262432204101191,0.0032171918361839254
2023-01-13,0.03624729893147136,0.04455823122501127,0.011088485073152944,0.011070094279426478,0.015103164464734259,0.018453614721598174,0.012447456515217479,0.009401447857441403,0.010324891826804943,0.0030933015855999684
2023-01-17,0.03780879445213314,0.04375880129862362,0.01040607293561938,0.010238723765221376,0.014550861879555921,0.019150436370184726,0.011911858023525866,0.00896133750912806,0.010175954037384758,0.003483138135578426
2023-01-18,0.041483657571908326,0.04795703039884613,0.009851345754480774,0.010625101465301313,0.014009638075651696,0.019072980480196147,0.012165203174162309,0.009384270946989577,0.00997523658180409,0.003800534813122754
2023-01-19,0.041128775109598274,0.04794428620030792,0.011402947297834625,0.010107179197046906,0.013574541450945882,0.018301558355868244,0.011396909751862605,0.00902787593503821,0.009825140430349984,0.0036835589724681234
2023-01-20,0.04033792428735812,0.047090151422655,0.0111879820628338,0.009511113793212898,0.013135328314437733,0.018448250978508104,0.011275974262785298,0.008789874036693512,0.009802532995765894,0.0035573399732820275
2023-01-27,0.0439446005813981,0.048808129594711376,0.011983163185071583,0.0089108672403303,0.013591849530576796,0.018018442374079978,0.010641739886383167,0.008806368647079229,0.009634907635299679,0.003493118603711429
2023-01-30,0.0430399246681784,0.04871937934078046,0.014860075249259976,0.008373273523402298,0.01590948818282654,0.01804002195807473,0.012430256221926773,0.011290649068837678,0.009505175923796719,0.0034220299899430516
2023-01-31,0.0420251596083561,0.047887179439987645,0.014553185729221606,0.008451697182151769,0.017064025882433987,0.01734668440782201,0.011522625192261717,0.01063708576261637,0.009382742566957905,0.003293698199039741
2023-02-01,0.04106173961126682,0.04681018278561938,0.014548386542484006,0.010080725686496716,0.01647406619700837,0.017303885056771065,0.011026985763342411,0.010030008376864786,0.009287595200231152,0.003172552088409362
2023-02-02,0.04065692854274244,0.04658023231839893,0.014187413052607982,0.009508434736881337,0.01622327326869426,0.01737595308184233,0.010577201731077618,0.00949941633151476,0.009165276571921468,0.003108405877519021
2023-02-03,0.03983856748636153,0.04551206897334957,0.014027085222797895,0.00898924964144085,0.015616754950927635,0.018315345716568957,0.010985790405723821,0.009050238506687971,0.009199624355443808,0.0029981056063448724
2023-02-06,0.038871449755679785,0.044650078029078395,0.013239014041184218,0.008921902087594833,0.01518387510632843,0.017838582401789572,0.012422721211951072,0.010436168953561862,0.010653388237718261,0.003085163488611026
2023-02-07,0.038935419584337196,0.044454416022857615,0.01239281360622084,0.0083927538355207,0.015457224839751317,0.018142880129388337,0.01370316988219807,0.009923944196789169,0.010441377450958935,0.003019665057146845
2023-02-08,0.03875112225361314,0.04461739732201693,0.013442498091763707,0.00953320483013165,0.015117825873667659,0.017416863718082667,0.012767414127346484,0.009465973356925067,0.01040776448136616,0.0033863925395736464
2023-02-09,0.038150742360059,0.04387371782635234,0.013233737165795106,0.009240534754427134,0.014523228234564471,0.018725189308924514,0.012157269338779671,0.009363437004991227,0.010200938144275922,0.003256277675516494
2023-02-10,0.0403376375538921,0.04682628619159868,0.012881883860324454,0.008646237698387498,0.014636888081997292,0.019109794031613676,0.011311607445813762,0.008913630726923425,0.010141701654589306,0.003147029914746185
2023-02-13,0.0394804332260203,0.04624004628588989,0.01195164768349543,0.008154292125189843,0.01538347333185208,0.019056433634309956,0.011268417630795169,0.008649652364239074,0.009982934714424945,0.003062214650241767
2023-02-14,0.03855803475643112,0.04524180010828109,0.011790900003628046,0.007844206119799364,0.014768653960346639,0.018454006038030837,0.010559964626558338,0.008526061968230806,0.009912957184648732,0.0029462354527192637
2023-02-15,0.03800308826714829,0.04497912461703663,0.010974468088071336,0.007509110724684096,0.014210121790289687,0.018716400169177222,0.010180712737812339,0.008769477736468821,0.009740901295829012,0.0028427904735794964
2023-02-16,0.045415764119623836,0.04808048788887421,0.010441315819632447,0.007396792006471995,0.014065412252187619,0.019361857679401368,0.010325570211482107,0.008760691714047085,0.009745931359513483,0.0028669325601228058
2023-02-17,0.045107745697693984,0.047403750503963525,0.011477573979266931,0.007293042719255175,0.013705829188701986,0.018669898396700732,0.011537549742141481,0.008399425666646641,0.00959341311703618,0.0027990951539020367
2023-02-22,0.04505569651500558,0.04692810412476634,0.01079439365946636,0.007060012300847101,0.0137512980707838,0.018020417731618298,0.010834711231968388,0.008364745211181511,0.009452334022839992,0.0026983449160168467
2023-02-23,0.0440213465417289,0.046638223254831065,0.012654787408994918,0.007840369741159049,0.013780721107546787,0.019084306609709164,0.01024556645791518,0.01071731419014407,0.009340033960958262,0.0026450685091718297
2023-02-24,0.042964917225334534,0.04555986082302608,0.011862209236849974,0.007492739288616112,0.013354488519839468,0.018304769666117784,0.009750736836980228,0.010165699484203827,0.0094090053384547,0.0025475014090720373
2023-02-27,0.04313551938790681,0.045366908780318564,0.01219000370123064,0.007246106486711101,0.014046930463125863,0.018802574850655653,0.009312540728543189,0.009824006234700056,0.009457443298437486,0.0025716857491659005
2023-02-28,0.04219986087292086,0.044576883550189475,0.011558379092286226,0.007814101844938071,0.013555109773502903,0.018555779023291495,0.009012443017323743,0.009323345044135359,0.009474201673851124,0.002655130248023663
2023-03-01,0.04156317183837761,0.04409024449932399,0.011067743984124169,0.00796121637106612,0.013505180366625237,0.01817556599814575,0.008717219222397326,0.009398803886944349,0.009354278578898947,0.00272246589037403
2023-03-02,0.040852537069643736,0.04398864391013332,0.010533816384150685,0.007988075790608952,0.017741663994952556,0.017449293621081666,0.008481620227852564,0.009308573208825032,0.00926907671808574,0.0026201574333247235
2023-03-03,0.03997964327919245,0.04326682457363168,0.009986240543666643,0.0077233756714134415,0.017247309167761845,0.0181635570037741,0.008638055008047063,0.009593603700204031,0.009228234252316659,0.0026364816184761726
2023-03-06,0.0417482341050246,0.04467074357067876,0.01084865071397069,0.008546534046136218,0.01655906872280236,0.017581909265674912,0.008703167654891096,0.010314080892008567,0.009222025528993295,0.00254929386660107
2023-03-08,0.040718540311062326,0.04382708287241373,0.010541045646200519,0.009121885976492605,0.015922787307851814,0.01689583026099593,0.008655443047541346,0.009763771801864357,0.009292248565629957,0.003316126066856462
2023-03-09,0.04063385918621085,0.04325345200058608,0.010573003561796981,0.008872414079582282,0.016563879833563114,0.017254064115034457,0.012323230645845992,0.009495325199639611,0.009795907266313636,0.0034027237767994293
2023-03-10,0.04419670841302331,0.04620130379821528,0.012525383081939885,0.009351744925296107,0.015979334986380468,0.01801518273146322,0.011450620867355906,0.009829157034670521,0.009764261643080202,0.0032973185540585764
2023-03-13,0.04307306075576916,0.045212355638870036,0.012832392955234967,0.010111257033228255,0.01755541673845122,0.017536801150801803,0.01328484283581447,0.009941278466645559,0.010402927892374125,0.003172609870184612
2023-03-14,0.06628551840412394,0.0612200738464224,0.011953186992333982,0.011121671160417648,0.017565809884773482,0.016884066599771905,0.013034533800163643,0.010955851865298051,0.011637280654303504,0.003060057619419519
2023-03-15,0.06433060995415998,0.05951926261759833,0.013694584424209962,0.010697816816181437,0.017490666444035255,0.01643356283615906,0.01283754967081773,0.010319352938785087,0.011330260594275547,0.0033094876783935877
2023-03-16,0.062283328630261856,0.05841519319248643,0.013114942346547344,0.01285800386254058,0.017184456762229804,0.015843432391559737,0.011887907700300251,0.009975411583631258,0.011208581851982265,0.0032096225354706982
2023-03-17,0.06071907730482496,0.056831571857826856,0.014644163114659537,0.013639551800572067,0.01676626658766487,0.016143573781633974,0.011070327063750478,0.00960560256532262,0.01092498515432613,0.0033654941244079892
2023-03-20,0.06373536138295023,0.057649734595199835,0.014355784771664458,0.013262996976072276,0.016629710638331897,0.017324046496757173,0.010494721618409662,0.009276730164903789,0.01199273189665703,0.003254865866120851
2023-03-21,0.06153390799109971,0.056838566767672134,0.01354752516167126,0.012123757787008622,0.017783289510446637,0.01667023397435914,0.012753155877277999,0.009281812018182923,0.011668926262131469,0.0031482227356802676
2023-03-22,0.059490773693985644,0.0560886210636503,0.013361220040226376,0.011118476352377997,0.017351110869202192,0.016194283787857876,0.012058357326176893,0.009097503113362312,0.012354324936274691,0.0030270634922582584
2023-03-23,0.05818585169397157,0.05556522663879423,0.013655814929137306,0.010221718030814706,0.017477478703624184,0.015670406966326406,0.012505921959398768,0.00877317684632116,0.012052292389315666,0.0029455007415972382
2023-03-24,0.05698870606276654,0.05500860112402235,0.012648390413728767,0.00967442865607673,0.017795009596539967,0.016884289764265932,0.0123509245763307,0.008723634281075913,0.012655755312261678,0.002886198432564952
2023-03-27,0.05603236352242833,0.05467439465623377,0.011763320723479704,0.009004758027275506,0.017170494565907312,0.016941542465033557,0.011499596287022906,0.00924704430830279,0.012454390901560369,0.002925960440867955
2023-03-28,0.0543294951424713,0.05352635943991004,0.010974171272320222,0.008921415611710703,0.017059083137354523,0.016292959897237384,0.010911170171819942,0.008856640293205001,0.012527675734068265,0.002820760509312836
2023-03-29,0.052554172167618755,0.05260895466176467,0.01033631813723499,0.00865070855702054,0.016527996510052715,0.015720724065211533,0.010604660462476281,0.00859103271026264,0.012279300494222758,0.0027518948264646788
2023-03-31,0.05190421690111257,0.051237887247144155,0.010819252797789032,0.008264717717533343,0.016814942237487966,0.015154089326202875,0.010211495561383203,0.008520668615880491,0.011955486229480856,0.0026551389852071277
2023-04-03,0.05025775246153566,0.05000521630384427,0.0122809955287121,0.008243383668205678,0.016302064281385118,0.015188450137741859,0.011061846347556293,0.009614477411651612,0.01161430208925624,0.002566825130478722
2023-04-06,0.04926833748110396,0.04879328434426255,0.011515648803464286,0.008394998257601016,0.015605536577270061,0.014884395566646719,0.0117228364406019,0.009172071050117213,0.011439700656093423,0.0024808370940863998
2023-04-11,0.04777445330157274,0.0481730070647391,0.011159521304826857,0.008993473510099808,0.015079608353665704,0.015067832096490728,0.01178333016648927,0.00915845441504354,0.011386915773911179,0.002530577818664039
2023-04-12,0.05091305739215543,0.0470473985952544,0.010414287434176092,0.01016659860163373,0.014673732113389413,0.022085560351943808,0.013564677654917003,0.00902908705837227,0.01112102713922884,0.0024352486897765567
2023-04-13,0.04933673912486226,0.046069451113441975,0.009844426306454618,0.009400461793934849,0.014274911978047143,0.021179584757559496,0.01256596450460018,0.008818953470129488,0.010871798234601153,0.002356117659071853
2023-04-17,0.04784599920156815,0.046411676973689246,0.010149989723361025,0.008791202582009298,0.013759904010250245,0.021352168799093154,0.012288258794547972,0.008448921821710578,0.01101187457433488,0.0023046864077292777
2023-04-18,0.04755344016912971,0.04588905663767355,0.009516416508633593,0.00838764999259547,0.014520855484770945,0.020554368011955666,0.011536209843483851,0.0086752214347816,0.012166778364076019,0.0022602793565783125
2023-04-19,0.047010620955515406,0.04496849212295058,0.008986801348061015,0.008218822261622728,0.014035094524990424,0.019852195758948695,0.010780260083984307,0.008328975391151416,0.01194337644684263,0.002231576047370852
2023-04-20,0.04825229816960712,0.04958486153329894,0.008484643705121572,0.00779921568680662,0.013998878359832873,0.019315012196642226,0.010238021082140563,0.008039710976869879,0.01166758322611984,0.002170059977205414
2023-04-24,0.04715101507353683,0.04834614223663133,0.008162514793537735,0.0077735039855801455,0.01357017686391493,0.019792610632161298,0.009963651772898149,0.007814269745980894,0.011504329930676339,0.002217449085030715
2023-04-26,0.04666849377270622,0.04982045119012686,0.007806450375081834,0.007559031157858609,0.014966652878176456,0.019341569193489325,0.009856537377569126,0.0076267088626579245,0.011592966669706701,0.002361861287144937
2023-04-27,0.04606171676326176,0.04861922890079935,0.010866848291518768,0.008326040288531488,0.014699913364248432,0.01910610132582123,0.009673459947873568,0.00746473222935725,0.011300644256948633,0.0022869916684624004
2023-04-28,0.045619862148833616,0.04762896543217507,0.011788733948386098,0.008146169170921966,0.014152346424501422,0.01832219455192542,0.009282595246126062,0.0073186843933045085,0.011012967657093777,0.002344308635878217
2023-05-02,0.04436232898107729,0.04660249745233587,0.011333233805882066,0.0078105816638186654,0.013675556111719745,0.017586112791414685,0.008950979636450149,0.007613733123878782,0.010744959458237757,0.0022561124180870786
2023-05-03,0.04373229090453479,0.04569596412620994,0.011558865251292095,0.009475632744672053,0.013235235368326437,0.018057044957572543,0.00884054746855292,0.007528909625266652,0.010816657472801748,0.0021711015848455014
2023-05-04,0.04261182827316367,0.044843937638585595,0.011133438171943481,0.008854855075452191,0.01324425455863424,0.017497712585420724,0.010582693291505674,0.007450139860477148,0.010664331422086986,0.0020898099154207693
2023-05-05,0.04154284529817662,0.04411930479051271,0.010791178904869627,0.008563460976616352,0.013339862722766417,0.016887164831083108,0.010074211740988421,0.00781830806079825,0.010614152874720189,0.0020120835753101958
2023-05-08,0.04089192838320509,0.04576671633940901,0.011905518363934395,0.00836466368220242,0.012974495185595894,0.017735497385731856,0.009781436033642161,0.008582839587947332,0.011018364216203445,0.0019545844606347063
2023-05-09,0.044243786498674914,0.04951225960792249,0.011076931476440626,0.0086255541341485,0.013103576111994251,0.01704289457363788,0.009337197974118439,0.00894637884058696,0.010785929407354993,0.0018822320434688455
2023-05-10,0.04302618267700346,0.048277060917601096,0.010472429804905186,0.008127606167921981,0.013974897045808746,0.017494224890730655,0.009253210038187423,0.008549932834750484,0.010594005290117486,0.0018195079559904764
2023-05-11,0.04186991917878869,0.04711057433687725,0.010217944739671681,0.007726617704746707,0.013502351979378031,0.01681797714913214,0.009040094798194983,0.008447768476379618,0.010359356955333163,0.0020386682959530403
2023-05-12,0.04153869670791337,0.046735897449349285,0.009722918103668588,0.007874438322286579,0.013117992296505005,0.01621508746462165,0.00894601240512648,0.008231591130245781,0.010424590679144023,0.0020746184135249203
2023-05-15,0.04052662312011614,0.0456736080674695,0.00913278657649017,0.008611899130916882,0.012744581130417598,0.015612066399003331,0.010060895287581305,0.007977741913429167,0.010208717927645909,0.002077479661823344
2023-05-16,0.03969970134475732,0.04465818247800856,0.008713463267102763,0.009190619888793545,0.01359238013021007,0.01508824838420348,0.010202510633762154,0.007908671808169622,0.010018982977597155,0.0020219026405890565
2023-05-17,0.03879816356992204,0.04369463044943259,0.008560819564656742,0.01180054619285406,0.01314645044617689,0.015097927045571122,0.010632669101611245,0.007930182070867757,0.0103641396060585,0.001955242073996724
2023-05-18,0.03803254879003484,0.042801077486888515,0.009189636115369488,0.010843847885101687,0.014042319177907152,0.01584693777868921,0.010050418874090463,0.007953695449384995,0.010190139650113618,0.0018837007365983803
2023-05-19,0.03768428826965254,0.04207955494493319,0.00953388452992527,0.009961331921291554,0.013821053235259166,0.015389779790312554,0.009861300915444588,0.007716817234932404,0.010290886911909334,0.0018766853398423616
2023-05-23,0.03685976048165674,0.04130154389098035,0.008977644628863768,0.009708225543620809,0.013710097718684713,0.015357359080324198,0.010388724237335565,0.007831431515284483,0.010562037452419619,0.002012553682551338
2023-05-24,0.03622083044934311,0.04091901130276165,0.0093468681364749,0.009668452058990078,0.013251304727526343,0.014922467019299057,0.009983628817195498,0.008116154625249568,0.010345834077958851,0.0019596630462463786
2023-05-25,0.03687257277455657,0.041093192228058885,0.009199015571146316,0.009914720932984277,0.013474317204575365,0.014634665233338187,0.009503741648434219,0.007917552781197983,0.010185653342374125,0.0018952938113900642
2023-05-30,0.03608913621866315,0.04034711280882825,0.008952481508117439,0.009299962325905358,0.014518118668438289,0.014243215994323384,0.009162872771193258,0.007670493759294382,0.010391750834647781,0.0019346779165039637
2023-05-31,0.03730099222576209,0.04155259844428401,0.009357904076188469,0.008750708411062033,0.014252863063117077,0.013768904304426635,0.009554797851781198,0.008966796915947383,0.010246268400374075,0.0019281788916834458
2023-06-01,0.036885917752447706,0.04100590033395834,0.00904578034018893,0.00876741317332623,0.014609724079705299,0.013337348224309821,0.010402692828391912,0.008724906804218478,0.010073725391438531,0.0018823288532083273
2023-06-02,0.03644634417883656,0.04034739099647183,0.009170555922353062,0.008277579319870438,0.014066740152426548,0.014561510441933611,0.009933973864163899,0.0084414318688949,0.009984293037053879,0.001815885216699023
2023-06-05,0.03577893424580253,0.039873308749413805,0.009285446034902693,0.007958473543103358,0.016894383764644864,0.014116829868746355,0.010263036511703355,0.008176337499079657,0.0106330937482027,0.002217954178949868
2023-06-06,0.03871368920362404,0.041688053651155424,0.008754104023840033,0.007791816851581153,0.016442358891989,0.013896643306712322,0.010099766698664409,0.008010240589205296,0.010431743520430357,0.0021732541540187937
2023-06-07,0.04096820528237808,0.042108220392486254,0.008349783656384132,0.00814133843072015,0.015728771567308796,0.013817803026225668,0.010681308648768047,0.007748157481773674,0.010259175123174027,0.002113119476223894
2023-06-09,0.04122988330251215,0.0421328978943826,0.008089716501601998,0.00828325507878393,0.015294029676930603,0.013428652779597936,0.01090047103767107,0.007809906968341993,0.010417994898710776,0.002034202491708777
2023-06-13,0.04018484004529917,0.041319522451645475,0.008049500050168046,0.008456947751276624,0.014791178949964828,0.013628138722375407,0.01041109305473372,0.008284017452786601,0.010398789265155937,0.001963535860820207
2023-06-14,0.039884155271272904,0.043783043743664346,0.009215333826414403,0.008059626687635716,0.01429489434943829,0.014099585905675288,0.010071803713532527,0.008207822095270092,0.01049880140082561,0.0019704133145222714
2023-06-15,0.04012641772958928,0.045413959001465186,0.008685050387916149,0.007780209391690511,0.013895106606644458,0.014629576411529939,0.00957337461185067,0.007917964118790864,0.010317795634329023,0.0019079987647936253
2023-06-16,0.03930810078701029,0.04441234699210814,0.008803972365643653,0.007481075080205243,0.014416451337085247,0.01452877181403802,0.009376068118558088,0.008064757118222127,0.010118307784829361,0.0020354385100675647
2023-06-20,0.039044431776912324,0.0439981155648327,0.0086139314743198,0.008686232767446327,0.014083218426171282,0.014190641560434236,0.009102981268986092,0.007976644988897446,0.009931365044495774,0.0020203439102390213
2023-06-21,0.04336423640829806,0.04443408086655924,0.008330596679767733,0.009341950322616857,0.014922131459549957,0.013721260853804484,0.011078041796382094,0.007715938819779174,0.01008788283217537,0.0019547690380159865
2023-06-23,0.04516718758407716,0.04555362188390779,0.008195592337059746,0.008732246609669878,0.015300667221769452,0.013513720677748395,0.010451752615114787,0.007510393760838875,0.009900773126691093,0.001882408505853933
2023-06-26,0.04421662018497332,0.04454445349219783,0.008055126119636359,0.011852434021926315,0.015505567212038038,0.014026049475332097,0.013716653662011715,0.008357649615670487,0.009923094184455729,0.0018357973929762099
2023-06-27,0.04322571309405226,0.043921594477749855,0.007833454142684618,0.011546940139978095,0.014919752384795457,0.013588542426911826,0.013027372440711546,0.008057145642372242,0.009761723314172903,0.0017778672229547903
2023-06-28,0.04218794388632669,0.04314630872228915,0.008529931798076078,0.010814528926843545,0.01537129028380915,0.013481380242080397,0.012223099827598494,0.008073892568432682,0.009670882505332939,0.0017133579176390593
2023-06-30,0.041582799227391776,0.04338750609229946,0.008090355372764674,0.010345863822889332,0.014761208420611648,0.013063430663824671,0.011815172248341874,0.00819423053002737,0.00951925126747067,0.0016527234705631464
2023-07-05,0.04064395740563284,0.044871228752685406,0.009967071210878944,0.012622593041600565,0.01457786943132621,0.014091410125895208,0.011632772499443169,0.008836741946772496,0.009441354786613869,0.0016085618455856905
2023-07-06,0.03963235047276042,0.04409765005973565,0.009388734108025645,0.011672999914260317,0.014253533042370408,0.013798148869549554,0.011018471216519053,0.009030239799401193,0.00931623175681698,0.0015749414407142165
2023-07-07,0.039014050220318244,0.04398026976903645,0.008957093690674328,0.010879429390416888,0.01575926477209623,0.013810310099125622,0.010396987042285012,0.009158729146329385,0.009195961668560656,0.001981568810641487
2023-07-10,0.038390649104507665,0.04320021378593583,0.008464128605419763,0.010875569059338994,0.015158887159187626,0.016021678185421887,0.010298466968606786,0.008884076607041222,0.009546675247780042,0.0022660214714913633
2023-07-11,0.03751550864367724,0.04232201286436779,0.008022136898783241,0.010611453107624028,0.014645410316275895,0.01648407090361402,0.01139108012466442,0.008508771421711307,0.009424324194944215,0.0022512982748882126
2023-07-12,0.03670248872606692,0.04152231149548704,0.007857309677493172,0.009772105976242815,0.014329892887131584,0.01587543241395423,0.011848166747858064,0.008214845441382491,0.00929514928043922,0.002194058515960002
2023-07-13,0.03608105521063152,0.04080223421669398,0.0077384345794954375,0.009211481215197161,0.014064800942259552,0.015459331921932454,0.01103719683633666,0.008110107446425069,0.00948240023689157,0.0021625588558259285
2023-07-14,0.03624116488554281,0.04330753923975237,0.007467086857901182,0.00862747608387627,0.014834669975249251,0.014905601424635985,0.010483946948616344,0.007952427470976815,0.009381605237976537,0.0025045233903814657
2023-07-18,0.037237974158439734,0.04356021575924611,0.007168389913162266,0.008474421501984119,0.014298056990979453,0.015272573529408822,0.010158059130611716,0.008092581140958522,0.009249227493456356,0.002409887613833164
2023-07-19,0.03679436196023552,0.043165216178291076,0.007957383011292021,0.00932665189949787,0.015046026307329102,0.014756546444516162,0.010115847830991271,0.00839981598875146,0.00932619032520382,0.0023193552485588852
2023-07-20,0.036015156652770074,0.04233709432555822,0.007609140318086848,0.008761374266638011,0.014481630499791308,0.014260931988876131,0.009741415931442175,0.008173205313805228,0.0091987436519116,0.00223170194375638
2023-07-21,0.03533769138285172,0.04151535330730122,0.007814042472360684,0.008348303084017348,0.013957043943853826,0.013785562727793637,0.009553045399105224,0.00818074101694366,0.00916343521312018,0.0021494596451323636
2023-07-24,0.03465568985898163,0.04074400116895994,0.007452963580065652,0.008243936692728573,0.013715317579331912,0.01440017571480786,0.009209141029622373,0.008942670217550328,0.009065812844383722,0.0020691051840925506
2023-07-25,0.03497753818720819,0.04065261808051687,0.007186689978842578,0.00796133495217524,0.014681725295557866,0.013950380519853851,0.009058182903089983,0.008756572768985053,0.009000712512142298,0.002023064789801582
2023-07-26,0.034324812679408206,0.03993105482126027,0.0069074243902007585,0.008172502499265747,0.017827888471906594,0.013698783329003287,0.00875912568540605,0.008428815331713418,0.008911602105364114,0.0020502432827364113
2023-07-27,0.03372205536758573,0.03928965836959773,0.006673163559379842,0.007827686161652534,0.016998908831149653,0.013594058060430571,0.00853295549814979,0.00834639474923611,0.00888089980220347,0.0020187675313003096
2023-07-28,0.03320438462029208,0.03873042767333409,0.006948698019430988,0.00801306964565638,0.016683766290453178,0.01486210553521157,0.009213091640019688,0.008329912320345334,0.009215731492628953,0.0019442495848047995
2023-07-31,0.032709398443747324,0.038213631673054055,0.008506600894715048,0.00907459221196796,0.016874412159034922,0.014484848957735892,0.009017657748513097,0.008101586931942621,0.009488887058906383,0.0022884798842354244
2023-08-01,0.03226076418255242,0.03784809669093649,0.008063647374538062,0.008720066200654119,0.016211698538525464,0.014203563197146336,0.009023705402174682,0.007899161891910087,0.009372673701231187,0.0022486452360705508
2023-08-02,0.031985905960431625,0.03732915253835373,0.007787787421406626,0.009024295995238789,0.015543566510504475,0.013848335870709183,0.008820091884041948,0.007679867144398409,0.009919958746561167,0.0021665725865346415
2023-08-03,0.032011798670701946,0.037201583903686844,0.00902878806682172,0.009173937720168097,0.01646477791867992,0.013776044010703498,0.008602213728972255,0.008266180366480498,0.009745481599443558,0.002095848743008585
2023-08-04,0.03156836752831096,0.036700902967053285,0.00854987499476614,0.008838475744087571,0.015751571696228338,0.013446337420215549,0.009076740887255776,0.00803047457608268,0.00958991578388534,0.0024551999429744636
2023-08-08,0.031175845989453808,0.03627585326254505,0.008342574264115223,0.008666846540762104,0.015260358119806881,0.013527150288038685,0.008770200467770628,0.008104218151998249,0.009481615761651963,0.0023654485504746247
2023-08-09,0.03134586225636615,0.03597486445059257,0.008032350887836617,0.008166458740296093,0.015599654829517959,0.01330605525615743,0.008674365964916294,0.007842361191331542,0.009557594369670644,0.0022817650904279683
2023-08-10,0.031018765050485942,0.03556433662237699,0.008028148872829245,0.008375472705406905,0.015042320059656887,0.012984668815200485,0.009232295294845538,0.007696780847937842,0.009450551905093888,0.0022138847846119437
2023-08-11,0.030686055289280686,0.035197349668074106,0.007640141790254543,0.007991039538763445,0.014459820429525663,0.012598212585097232,0.008911457118270264,0.0076740840539031505,0.00931368576335745,0.0021308168955543505
2023-08-14,0.030343265430726917,0.034867987660560124,0.007362556400153594,0.0077583750315661955,0.01420230633281115,0.01235596127988285,0.008636330899602376,0.007879192340131702,0.009199614185974784,0.0020682504493156908
2023-08-16,0.030001548463962337,0.03453900426849918,0.007436270614456218,0.007716140954139643,0.014335136301600397,0.0121429368285703,0.008621423626915498,0.0076357903096401945,0.009084209840437212,0.0020114603179782367
2023-08-17,0.03042074827527087,0.03466322324229274,0.009373344624689025,0.008863547290730573,0.01488057917676962,0.011987530617295248,0.008448079045153078,0.007574201952536005,0.009037251095843513,0.002159171228888936
2023-08-18,0.037101019031352746,0.03934889172382172,0.009302095237466031,0.008327397945706808,0.01431465355511554,0.011749598987683145,0.008267856349265454,0.0075971085905954285,0.009049659025808449,0.0020805876281168516
2023-08-21,0.03714155713445535,0.03904139465067378,0.008808493003221656,0.007897304962698961,0.015208361291406952,0.011456638248834023,0.008128512991099552,0.007606878161779016,0.008950574227816427,0.0020665857297997013
2023-08-22,0.03634270301423601,0.038423215592669424,0.008731561061131233,0.007561892517956332,0.015389211046030894,0.011545098148139558,0.008239859272815668,0.007550628791299068,0.008905087409774281,0.0019983818506263988
2023-08-23,0.03564021417727595,0.038377272359396704,0.00839658303742253,0.0076001097158457384,0.015042440168646405,0.012161762027248222,0.008103599531255331,0.00736377868479553,0.00881623467537654,0.001937160584834916
2023-08-24,0.03512102892487277,0.038340885915007214,0.008774031100842006,0.00811449910187717,0.014475952878341684,0.012020511279318071,0.007999307378301589,0.007204936622228586,0.009052596386418867,0.0018740312377873377
2023-08-25,0.0348750913461744,0.03817923104878697,0.011314971270657202,0.009433567226860834,0.014558177023722155,0.015052618247548402,0.008700862376029654,0.007854740012870643,0.009090136122055177,0.0025660460228877522
2023-08-28,0.034255514923812236,0.037648612234050007,0.010890265222186184,0.009376235120951194,0.014053364322886317,0.014579685397622517,0.00848888397952346,0.007866396232469866,0.009010246409756275,0.00248461443607057
2023-08-29,0.03364114648642971,0.03712677526813561,0.010405333928567512,0.009541963979816416,0.013566163243015874,0.014297139614840327,0.008531721072777141,0.007640995956944122,0.008941909524490409,0.0023903666687125086
2023-08-30,0.03709497274213977,0.03840689590046638,0.011071315564604538,0.010318677117635799,0.014349450296843211,0.014173826949770237,0.008525890943693392,0.007445788998175167,0.009100305029471796,0.0023003031978718253
2023-08-31,0.03676401562865486,0.03819326086170452,0.010335891962323382,0.009644752522927595,0.01384063740046786,0.014335107696938692,0.00834962647885468,0.007328269325262277,0.008996333295315994,0.002323387211250277
2023-09-05,0.038878653298421814,0.03884171352354746,0.00967724246033676,0.008982653109533816,0.013391000283507955,0.013955288695255186,0.008245121795274474,0.007240342998726661,0.008902559262619687,0.0023292183652729734
2023-09-06,0.03803317887326849,0.038324456671596424,0.009146273496727952,0.009365665511794753,0.013000872965909148,0.015029240650867172,0.008250515691833412,0.009000523441248482,0.008927921057359959,0.002242360253115388
2023-09-11,0.037177223962657144,0.03775019957954467,0.008716740595034968,0.00878434572985107,0.012690234691232382,0.014510679530831405,0.008678193346647472,0.008788527318518542,0.008837110783189203,0.0024410185203876675
2023-09-12,0.03713952125270955,0.03994785416126658,0.008352941638337684,0.008413408533326146,0.01358978432904192,0.014288061396415044,0.009715014623259693,0.01043282937636497,0.00876053558274823,0.0023592337529274995
2023-09-13,0.03694119706094659,0.0397103895773245,0.008397331090132706,0.008042818817102988,0.013245619996485204,0.013842042757557555,0.009435617318436675,0.009869272029455816,0.0088624142458873,0.0022949945697683526
2023-09-14,0.03631123567524022,0.03907610529997989,0.00796676362246608,0.007663471704502611,0.012850771016269129,0.013430092183586479,0.009532593056749016,0.00937423311027952,0.008800971490534276,0.0022407542923347993
2023-09-15,0.035696703216572416,0.03854597641921536,0.008280099688724675,0.009356556795762482,0.012516593215916576,0.013072202863517455,0.00939341741477636,0.008947699753939562,0.008724525317849466,0.0021736866084843204
2023-09-18,0.03499030838230179,0.03800581471687772,0.009012165962109674,0.008727007389788693,0.012462297268298695,0.01333703501886209,0.009918611863464865,0.008704670801382151,0.008824294489920144,0.0021088820158714256
2023-09-20,0.034345991920861206,0.03747446958773552,0.008509202129461584,0.008486191399895674,0.012731052442241781,0.012979323777089184,0.009832022816354613,0.008404081747956644,0.008793222327056175,0.002035605869577653
2023-09-21,0.033936330405939776,0.037061679943244615,0.009037626812508796,0.010800707057153493,0.012377634929556226,0.012641417123685944,0.010343781503182896,0.00891975786148631,0.00889991965620929,0.001986404541231637
2023-09-22,0.03408464808446276,0.037345156620967074,0.010972780224063956,0.012678914252981587,0.012668163839494713,0.013657608038070987,0.010517521907580296,0.009197101145265068,0.009475925546272102,0.0019551480337192083
2023-09-25,0.03350253119199505,0.03683511501422656,0.010431994008365525,0.011571832706510948,0.013599488256994217,0.013385940287834328,0.00995790401954977,0.009049812016701025,0.009335357425984075,0.002008770961193335
2023-09-26,0.03311420697692689,0.03638317627579653,0.009900431294885548,0.0105857796270172,0.014037417554763763,0.012971709872678303,0.009548615675134318,0.008640045739529974,0.009253130858022986,0.0019488486762345985
2023-09-27,0.03260395590709821,0.035938313145448604,0.010816313233926338,0.011184044188288096,0.014167456013437173,0.012794679368265758,0.009183429234520264,0.00828758072557255,0.00932407583126668,0.0018817859251077976
2023-09-28,0.03215119423898958,0.03553145662360399,0.010161533737568888,0.010266639969607208,0.014123803151884001,0.012600104457704465,0.00910650079818763,0.008172342187589556,0.009619147005057827,0.0020083109577208047
2023-09-29,0.03230489179656638,0.03606969822323169,0.00966023044281762,0.009691797299761865,0.014226149363557317,0.013733794782458246,0.008973256571457838,0.008807225425710939,0.009611787860962102,0.0019564429635617543
2023-10-03,0.03188036961334161,0.035679229869038535,0.009180945338811131,0.00913593007602145,0.015592770625898977,0.013351297768735998,0.009370063325078403,0.008585526479505515,0.009607842197535372,0.0018893655564937687
2023-10-04,0.03189412854708075,0.03534112940642072,0.009811259020997372,0.009683362181925675,0.016536180624121603,0.014175056115646963,0.009077802330410539,0.008370347081311203,0.00979040134255594,0.0018912093182458587
2023-10-05,0.031561961794529865,0.03506493321979226,0.009473815422035929,0.009005679028461912,0.016019914138434142,0.01484050709981465,0.008779621345307876,0.008405359191391855,0.00969816456083007,0.0018829803488494582
2023-10-06,0.03137335392085781,0.03523137193245171,0.00891645017489242,0.009316650463150509,0.015375063066790973,0.01435321859242736,0.008651762431264738,0.008483313993132277,0.009541237180609003,0.001941848660655793
2023-10-10,0.031227558713935503,0.035112005016365216,0.008992533855866175,0.008692680702313892,0.015263909290993345,0.013993330836158877,0.00865689791748653,0.008180303742629702,0.009443829678552128,0.002032423470045336
2023-10-11,0.031452643200151655,0.03733787046741615,0.009499434481050829,0.00833639958911718,0.014974776277950146,0.014315674290022385,0.008589858351767668,0.007909575589475012,0.010039025400474981,0.0019598441642543897
2023-10-13,0.0316442375331497,0.036843665180452796,0.009026043570710955,0.00846228329384127,0.01477947091551736,0.01446046148193949,0.008503750704474945,0.007858774732110217,0.009929329233019858,0.0018904400395403005
2023-10-16,0.031216442363649618,0.03650298630076198,0.009587232945421685,0.008089201177224316,0.014250162146564865,0.014429078713010966,0.009430885940714286,0.007715545524584703,0.011651393216537118,0.0018208035285915147
2023-10-17,0.03503506725645984,0.036830379475867196,0.009781002926845599,0.007933618824957524,0.013993469934231945,0.01407519974479021,0.009118808464340638,0.007508913865889335,0.011361554049583906,0.0017543037849168258
2023-10-18,0.034426317036247545,0.0370156199282877,0.0092066305667664,0.007566803938072486,0.013617925708820573,0.013858257652802144,0.008811983799051425,0.007358035596728974,0.011066719981891753,0.0017205047482806476
2023-10-19,0.03382582223725396,0.03653681007539571,0.010005858940541835,0.008096757500269421,0.013167521546627252,0.014160936300538806,0.008559161297922946,0.007584156424880084,0.011455260154682933,0.0016673551598401616
2023-10-20,0.033405734233352365,0.03608074847288543,0.009978163398220783,0.00771148155489425,0.014505125954816518,0.01371293283219448,0.008969463211868225,0.007453054768436419,0.011238405873887558,0.0016075371276569816
2023-10-25,0.03389189871823824,0.03601304175711075,0.01091477567734092,0.009209624175158717,0.014217157162082487,0.013494490272714686,0.009809852483912657,0.0076189593754020036,0.011005688377454486,0.0016391147223524835
2023-10-26,0.05376740630834085,0.045101047039650545,0.01100371221007448,0.00927151694781798,0.013828760899188976,0.014193764469965122,0.010597605118360765,0.01107959680022792,0.010742012458716622,0.001655554591621386
2023-10-27,0.05210564467809714,0.04416981947464053,0.01096567203939947,0.008706045792834743,0.013357118030250885,0.014801696280690765,0.01020397397813671,0.01125000432924658,0.01051972821717153,0.0016960307123242565
2023-10-30,0.05050406286684923,0.043419802180718746,0.010348070147682485,0.008472794372529768,0.01439759552298628,0.014843473467171185,0.009742818488966565,0.011176797146634445,0.01029604292686117,0.0016680760892105178
2023-10-31,0.04916106493848892,0.0427277240690084,0.010830027820593858,0.009087016117531745,0.013888822044417245,0.014766832419122402,0.009647798093830427,0.01068379635173335,0.010143470686673896,0.0016560074881444534
2023-11-01,0.0476616075356428,0.04187843900395127,0.010254355760824603,0.008606637442193348,0.01439440958295261,0.015604513669811604,0.009444685418159385,0.010228950939680053,0.010087078599646629,0.001654327834879708
2023-11-03,0.04657633107585078,0.041240361622047986,0.010258711790559386,0.009688461329850037,0.013867714764634801,0.0155247064885053,0.010099654340618191,0.009860643947312146,0.009934900399087713,0.0015984049437531554
2023-11-06,0.04569653126283141,0.040589834431056966,0.013959526468510145,0.014157977035911033,0.016294404715904834,0.015203060483768042,0.009800927330055274,0.010148905601020846,0.009832042449535868,0.0015478927863795526
2023-11-07,0.044413679848459495,0.040777906719240156,0.01291966309131334,0.013563760080459621,0.01626646802739232,0.014929508204591357,0.01032980957601601,0.009942674143554294,0.009773935015540101,0.0015311875817033691
2023-11-08,0.04327122455589439,0.040110320920829334,0.01203778646913997,0.01243627900009,0.01622751573520379,0.014446088328764586,0.009801123625061595,0.009417055259259828,0.009745458711768823,0.0014872931547684903
2023-11-09,0.042113826395661455,0.03942608136978236,0.011196891570046608,0.01133937546993304,0.015610348120257704,0.014016714364076482,0.010185557566704093,0.008969465163729439,0.009758436485978107,0.0014351448959235783
2023-11-10,0.0416926364327425,0.049085457321803035,0.010962376158486088,0.01049478016627802,0.015008470607346544,0.01367250310634791,0.009890130558246195,0.008647341854110134,0.00968030510484965,0.001388342085955255
2023-11-13,0.04086005737526712,0.04822892036683358,0.011875169545843228,0.009876321548522658,0.015221190221652676,0.014318442968518117,0.009456334313703579,0.008321098732889965,0.01014241032951158,0.0013735352872292494
2023-11-16,0.040462032229564314,0.04721795233231897,0.011068147856215254,0.009172558421951141,0.015102776285613352,0.014208075271849191,0.009250240608266364,0.008010289648053455,0.01003189810254053,0.0013310449293901438
2023-11-17,0.03964438682154521,0.04811741453232517,0.01268693182244833,0.009005663536672766,0.01576616004839498,0.015560521815084983,0.009446406973052197,0.009164513217168926,0.010613694274737724,0.0013525710379226066
2023-11-20,0.03877355005792591,0.04696390657398876,0.011776932731197403,0.009265206083024483,0.016438984869952884,0.015018100918361135,0.009161858670049629,0.00880773435593793,0.010392209484036494,0.0013325393433886576
2023-11-21,0.03846454361289762,0.046550310784524054,0.011442848090890134,0.008712849376139219,0.016724870328418243,0.014493035901939812,0.008931160133359603,0.008432291255554076,0.010174065889061414,0.0013932029759012817
2023-11-22,0.03999283127758778,0.04709281961048292,0.010698058397818042,0.008573059825626742,0.015995890819417696,0.014020906207823093,0.008825858118451407,0.008230496095370915,0.010258608946757973,0.0013466131904741271
2023-11-24,0.04085283131751087,0.048804252637760726,0.010093736257870342,0.008109091772613734,0.015322609180370426,0.014041194654673106,0.008567979600102131,0.007939652044205912,0.010095968707526739,0.0013012618419004018
2023-11-28,0.03985213752619036,0.04762160616783559,0.009461750291866262,0.007728313627504903,0.01494834258270269,0.013627358377456955,0.008560741303531676,0.007703014272240991,0.0099613558761881,0.0012583450042835153
2023-11-29,0.038884138689658364,0.046740866966676745,0.008916490346799835,0.008345126382271603,0.01480543379825492,0.013307511949116037,0.009321807303741077,0.007624528403246416,0.010604000517520792,0.0012167983680397177
2023-11-30,0.03797586107147798,0.04576643108841972,0.008427556871791492,0.007907143310282529,0.015277649241512196,0.013137075587182573,0.009069907171465086,0.008201794513354902,0.010401149084731675,0.001184887652566152
2023-12-01,0.03718315313597408,0.04477684861228923,0.008027531012659352,0.007951579691721838,0.014700249164836041,0.013438231993308817,0.009711180996411274,0.0079077960524087,0.01027187931442818,0.0011945871934595572
2023-12-04,0.036995883385014375,0.04396483808467362,0.00790888516555106,0.008190159273296731,0.014502053656947138,0.013297923791341308,0.009280608943461905,0.007943582145099675,0.010664865342845714,0.0011561872682163067
2023-12-05,0.04253885494991409,0.0466838996638142,0.008065185606135014,0.00854560445903187,0.014368325929041692,0.013745943383640895,0.009195110373685526,0.0098670490992921,0.011854133497173505,0.0012219918174912168
2023-12-06,0.04371671022250903,0.045968122633531276,0.0076846880764428185,0.008208406683057383,0.014619515061857552,0.01365791829451556,0.008924557201880033,0.009923401330723261,0.011522552493550203,0.0013362103475678944
2023-12-07,0.04264787939038699,0.04572769268367247,0.007651120135278949,0.007864813660354271,0.014251565665649512,0.013911393889223644,0.01213077617610484,0.009423894222985181,0.01125294924207684,0.0013456782610821374
2023-12-08,0.04169099215538696,0.04678127793880653,0.007762263521251358,0.007513808410132018,0.013937160554153566,0.013492537058243197,0.011276554833551928,0.009016842878439721,0.010968663752488918,0.0013062755332331625
2023-12-11,0.04094903639794475,0.045696399385819604,0.00757390337848191,0.0073538398588294755,0.013455773458847655,0.01340793989081938,0.010621753296304437,0.00868315327128038,0.011254639354412977,0.001274636768824734
2023-12-12,0.0447389098742463,0.047545628740985786,0.007409028133198675,0.007126950488012073,0.01318193400475877,0.013057443326226563,0.010088199651913344,0.008336888563720366,0.011188861575916564,0.001249838724621744
2023-12-13,0.04348627962647433,0.04657211330223818,0.007182109778330066,0.007286248576867211,0.01306536419278709,0.012695801605161473,0.009800548272689306,0.008294396287211365,0.01091292858706693,0.0012529879283072894
2023-12-14,0.04331146299243287,0.04594291208036998,0.008557582049843448,0.01050091398695617,0.012852474526688933,0.014924460054731893,0.009426275103868122,0.007992133745499787,0.01066541407470309,0.0012188237067718285
2023-12-15,0.04213930155146718,0.04522323381269981,0.008107681326608565,0.009672584528279064,0.012800011595294284,0.014405820868710268,0.009051647112443339,0.008460504896592981,0.011538906003133792,0.0012487247655743737
2023-12-18,0.041830283431497056,0.04589857213492416,0.007712930828368555,0.011844926565621382,0.014133204818183021,0.01403497449398774,0.008803394170267037,0.009137726988573198,0.011283685430747753,0.0012073295538911565
2023-12-19,0.04086253451185338,0.044901327756428994,0.007370443644014314,0.010802305493179303,0.014137317364554362,0.013623891697920101,0.008738151416262229,0.008925917227725089,0.010996359325025733,0.0014719622187977682
2023-12-20,0.03993796714307593,0.04425228778853546,0.007415472596042201,0.010971975872772495,0.01379217193453674,0.0131960259941243,0.008958911297563142,0.008550882632093417,0.010820098117870889,0.0014335456973453998
2023-12-21,0.039872975585421,0.043360825041730965,0.009218548489316601,0.012021938837200142,0.013486829394247855,0.013483632370409513,0.008737599648972406,0.009723488132703944,0.010584382849685981,0.0013878267614766682
2023-12-22,0.03892476138638073,0.0426894419502481,0.009724722497522834,0.011812348190633213,0.013095602159840949,0.014456523923950129,0.00850024028520847,0.009472029777042614,0.010385364092577539,0.0014480572393554818
2023-12-27,0.03801442371806859,0.042789572243255344,0.00913759018261945,0.010800555143094782,0.013703412437954603,0.01403231769271717,0.009136376892097542,0.009032648064755544,0.010274750754590025,0.001482835090661278
2023-12-28,0.037397304754312174,0.042267923237432,0.008865096997656774,0.00992198757117793,0.014204347033549112,0.013606453079230425,0.008934582217459668,0.009868721278391234,0.010422661985968012,0.0014368847931197993
2024-01-02,0.03705248475356168,0.04164732400114511,0.008378866439811047,0.009266219765434066,0.0156846226818109,0.013201076919592642,0.008720818049432033,0.009568876346391676,0.010230417887198744,0.0014079851397230509
2024-01-03,0.039001877885500975,0.04086327713659021,0.008776980472664106,0.008658050717353543,0.015684715856985314,0.012962271678123118,0.008834452252880692,0.009381205659576383,0.010113897013920263,0.001383454712054276
2024-01-04,0.040716171330932624,0.043848281499557516,0.008828225018283788,0.00827683123022991,0.015163994176348259,0.013314671742136694,0.008919831086392582,0.009244107130621907,0.010451468689661035,0.0013434346836681947
2024-01-05,0.04055325252744518,0.04339968851851679,0.008436587969113797,0.008057521016000789,0.014564397285702907,0.01341242242373929,0.00864768781694557,0.009082863261677322,0.010270348578787612,0.0013080356034502524
2024-01-08,0.03955838958098852,0.042523966815667856,0.007998317275543858,0.007720106485002434,0.014166272451085768,0.012995892672903542,0.008465732033128552,0.00867129154936992,0.010066982596108687,0.0012990994084234341
2024-01-09,0.04212186384491102,0.04219390051681911,0.00898463441798685,0.007736186545922758,0.01470299798432157,0.012701977429986664,0.008693621372519285,0.009059941962263484,0.010077091163834333,0.0012722319980495828
2024-01-10,0.041511442298739556,0.0413764438803358,0.008600868018175301,0.008014364479553867,0.014195807904127989,0.012549688632888818,0.008769435606597488,0.008655018853833569,0.009898611591056808,0.001331857392921223
2024-01-11,0.04052481748472962,0.047825374528467475,0.00844031895834528,0.007820911237931372,0.013717884508664948,0.012225341586700753,0.008532490207043218,0.008388867964328237,0.009730645098691646,0.0013070832472926103
2024-01-12,0.03960940636608711,0.04675547729111705,0.008060708223591687,0.007818416421352612,0.013717091582815867,0.012025489447420802,0.008335868371285304,0.008072567268778544,0.00964682961912799,0.0013231009879458332
2024-01-16,0.045124007641375495,0.04688230000786217,0.007672682220839353,0.007610599675201756,0.013281127005355345,0.011721870853591167,0.008179088171449696,0.008683266377684646,0.010151448508582248,0.0012848923257959824
2024-01-17,0.043850988471701005,0.046071195616521426,0.007785772628851034,0.00731610025626051,0.014756041468711812,0.012509540267784234,0.00842652389741417,0.008379583104732085,0.01039466373649846,0.0014602981357714794
2024-01-18,0.042732134351818454,0.04546464154649739,0.007544691990040414,0.007422631343883597,0.01725780794608266,0.01242151352495198,0.008795734814411591,0.010384108266781043,0.010392844999302762,0.0015885157989934397
2024-01-19,0.04291492674909179,0.04502097672259766,0.007990647016230252,0.007372594433534925,0.016648787188864523,0.012248957454386932,0.008543971382193268,0.009940515680985302,0.01035140244876191,0.00155340113153694
2024-01-23,0.04179985926744483,0.044062212787307396,0.008712544124806898,0.007410534469959837,0.015987605832136972,0.011915808789696676,0.008509808767256162,0.009669624322239447,0.010160870026861564,0.0015014439778135997
2024-01-24,0.04288844423378211,0.052114430799318115,0.008351888795676976,0.007336643866363489,0.015323965565017708,0.012470493846739563,0.009513835152143033,0.011338332884004267,0.009980119146624966,0.0014717246752432387
2024-01-25,0.04176375011635808,0.05074666488250581,0.007947303714251322,0.007099871924469423,0.018218583032905758,0.012446163304673186,0.009124243851180712,0.011267784948938648,0.00983461800643109,0.001471262151877914
2024-01-29,0.040738717527676556,0.0495353353128055,0.007655742602385076,0.007388629522510204,0.01808222122229554,0.012136962359844995,0.008935579082633588,0.010847422777473123,0.009663433538320493,0.001490988995544762
2024-01-30,0.04570180892855043,0.04953416239204983,0.007704424573690335,0.007137837360932905,0.017384846595799704,0.011821136780253025,0.008702355363155612,0.011813336130984377,0.009545499873717169,0.001439208119618206
2024-01-31,0.04448450530784118,0.04835387632512076,0.0073652184867073625,0.006972769892858709,0.01781528904416583,0.011527580627778351,0.008518872214554614,0.01161555531766293,0.009421770426843721,0.0013907933380708417
2024-02-01,0.04337494091308351,0.04787171776101101,0.009615388695966906,0.008121831022734964,0.017428122121621946,0.011257775179769175,0.00940565813394237,0.011234788507221507,0.009426209143129112,0.0013556393088884325
2024-02-02,0.04226695947409412,0.046746441026494,0.009938603964703129,0.008063289493322608,0.016687080457874637,0.011080164047192602,0.00948091817540999,0.010593152601282987,0.00929250192463867,0.001329028297750218
2024-02-05,0.04115704646835841,0.045666563096780195,0.009840934015149088,0.008202977646904159,0.015970044690181116,0.012221613572957363,0.009814182299007821,0.010124887953490386,0.00945812309347508,0.0013647974465616634
2024-02-06,0.040310066020059085,0.044673054564158626,0.009306371330975798,0.007885278217284072,0.01529617787880606,0.012060520973859498,0.009377728984929567,0.009658732234067715,0.009381214912229778,0.0013335327339755456
2024-02-07,0.039393908834431876,0.044423612174474734,0.008829559332314794,0.008524455817072132,0.018873849032956067,0.013872386537076892,0.009020904028444928,0.00953835709185872,0.009318094791201987,0.0013254193686382096
2024-02-08,0.03913952375406321,0.04374153614042097,0.008756751249821799,0.008212893513795174,0.017972231495098464,0.013492989068327927,0.008777991279813307,0.009072427341478768,0.00919218863402281,0.0012893070036032617
2024-02-09,0.038593227774005305,0.04285468744972472,0.008285171563389163,0.00806678359484783,0.017552658573486632,0.0134251674830725,0.008555551523593264,0.009471596336884916,0.009097151743530471,0.0012678169303132361
2024-02-14,0.039184127960225294,0.042494304297354776,0.008058311173227202,0.007775356534892628,0.016893819149531853,0.013020381967448737,0.00845070308267754,0.009028328295194005,0.009067648222899141,0.0012324861683505734
2024-02-15,0.04672353080210567,0.05078563816671492,0.00787491471915449,0.007514411120264249,0.01637169766447508,0.013383725244604443,0.008481242632445407,0.008678986073733188,0.0096505971706843,0.0012201326979502036
2024-02-16,0.04535809117775247,0.04959809464947511,0.007710739249638448,0.008814980117725581,0.015702508489462464,0.013188869084820677,0.008294344922907412,0.008348656604926985,0.009560974181851815,0.001188914037833296
2024-02-20,0.04406983711768486,0.04844079150698846,0.007688902420339826,0.008482934412700933,0.01664031185370147,0.012939955657256632,0.008173846280020908,0.008194643499087599,0.009450352017737269,0.0011602260140942337
2024-02-21,0.042853464175596594,0.05075980174438603,0.007745787070553264,0.008011668070621668,0.015972315977300297,0.012652043523769125,0.008060025551662934,0.008199927678431269,0.009464252654918593,0.0011229584832441624
2024-02-22,0.041888806433865965,0.049738392500363784,0.007422120910108893,0.007725073288253808,0.015792554976490555,0.012507922112066288,0.009408402008810934,0.008550226666844563,0.009403771802300715,0.001284861187500583
2024-02-23,0.04093737092454067,0.04848692028378539,0.010739564471817791,0.0077430140679130115,0.015821584920096995,0.01220854026480167,0.009083369346314459,0.00863693211163289,0.009269954766356244,0.0012848306663289489
2024-02-26,0.040126475182360594,0.04762842452256743,0.010045495958147408,0.007455993296280134,0.015165414294694821,0.011895578436589749,0.008804256315814982,0.008305333711243444,0.009321728461691856,0.0012688720162570125
2024-02-27,0.043969526338200254,0.051346159340369055,0.009560984115526725,0.007254408266293962,0.0146312377148189,0.011767063628454056,0.008550797674422449,0.008161129089759083,0.009274142781142403,0.0012265596961033415
2024-02-28,0.044507830879032054,0.050206352243264106,0.008992505107895427,0.007048729421186624,0.014335657972799004,0.011965497113428251,0.008493063723183722,0.007911871433324216,0.009160212514792042,0.0011942460064598764
2024-02-29,0.05030904510991698,0.05011443615882688,0.008499080863123997,0.006865721306995062,0.01436351806544031,0.013052367083492868,0.008304084954851866,0.008506996116763645,0.009047511956543079,0.001190167300889713
2024-03-01,0.049249004038105816,0.04904625664761309,0.008195124725662094,0.00741781520024505,0.01384410027780012,0.012686246060527276,0.009116626630032692,0.008170651755196762,0.00902255349037258,0.0011626104900141778
2024-03-04,0.04800315835689178,0.048267454082074,0.008243711148374288,0.007803702275336492,0.013451429028319759,0.012324762785945685,0.00897376577094221,0.009451603251258807,0.009929152357024901,0.001126060558801228
2024-03-05,0.05282044046980782,0.04905430302200295,0.00789294297035319,0.007606509209433068,0.013017274460320954,0.012418967131270163,0.00903204049072417,0.009001575485475016,0.010198294533971293,0.001119734828368089
2024-03-06,0.05502773319705519,0.04825445226201152,0.008430615466388408,0.007328295170432436,0.01463252180791146,0.012110995230852526,0.00875824273439104,0.00863120163763586,0.010142036673740772,0.0010990416933841722
2024-03-07,0.05402644384294922,0.05048933493987238,0.008138968713962044,0.007227631534036072,0.014893721502153985,0.01198876728604677,0.0085209921503581,0.008398019429322296,0.010066206893442422,0.001071946889412743
2024-03-11,0.05232623570962541,0.04926931425476659,0.00839953158223237,0.007059024467819949,0.01481486356721439,0.011921182072804631,0.008673060922595874,0.00808024174765186,0.009886935701725504,0.0010707422354749071
2024-03-12,0.054643456394804446,0.04947729823143694,0.008676365018231671,0.007091467266960956,0.015458322003060094,0.012108657547193882,0.010499263553991606,0.008361507729544054,0.00996186741881541,0.0010706827345422065
2024-03-13,0.05295581985678226,0.04868473628595004,0.009138733560182537,0.006946772500352048,0.01727070953476607,0.012257460842081378,0.009954072569550483,0.008045858478232025,0.010057855023636344,0.0010389426559242953
2024-03-14,0.05157330742284835,0.04750067330650559,0.008647214377523771,0.007413693270341531,0.016482013863415662,0.011926611558186653,0.009563458413477601,0.009379476764948885,0.009992274343173036,0.00101918259449106
2024-03-15,0.05051515771027915,0.047297255882931585,0.008295467997003083,0.007941659964661299,0.015886839254458947,0.01165046173869604,0.009370962096767844,0.009152678236229912,0.009910609562883935,0.0009900398789982558
2024-03-18,0.04967772716689913,0.04744501642868085,0.008147318937012258,0.008088255867964128,0.015636231974200103,0.011373370275672433,0.00906022423993613,0.008877929947127236,0.009738866528557023,0.0010467956868139467
2024-03-19,0.0489643421172971,0.04941052759961485,0.007937953212738838,0.007708480319193705,0.014993196754396962,0.011192276882750894,0.008801721137978393,0.008491013961334955,0.009575132711324135,0.0010572557503662119
2024-03-20,0.05412692272799008,0.05670968336428086,0.007755247225370339,0.0073891382060014025,0.01486730594028008,0.011834746466471724,0.00860747845653544,0.009121065223402065,0.00944859473780053,0.0010322640512523832
2024-03-21,0.05867184393901107,0.061936938466940976,0.008343445339763778,0.008718694012664684,0.01433581817917201,0.012208239525933678,0.00861134920100121,0.008739327823971911,0.009324627150425558,0.0011489207152367681
2024-03-22,0.057775291730490064,0.06009330406226235,0.007977845377252074,0.008518956813475314,0.01492530760167053,0.013275079586144291,0.008397228732444731,0.008731215512822852,0.00951510481237474,0.0011121914310202971
2024-03-26,0.05636981087768618,0.05969013579463848,0.007595971916243992,0.008049117728339,0.015419838466283706,0.012973004270135194,0.008329987243215596,0.008546322508231216,0.009622518445407876,0.0012045198365614415
2024-03-27,0.06064030062651992,0.0610742620296083,0.0074389154790946,0.0077361301337259426,0.015066106426581438,0.012587216333694742,0.008692815870694292,0.008254554365067465,0.009720671759052862,0.0013106594179901306
2024-03-28,0.05863230510903151,0.05972752633626793,0.007592069529855693,0.007920957894120298,0.01502190061649311,0.012336641752034843,0.008560387361701715,0.008055882697794238,0.009635613128743468,0.0012969383517504565
2024-04-02,0.05681650414766368,0.05807292347303156,0.007263057665487385,0.007635231487718054,0.014699928409500762,0.012108658579773189,0.009386058201826492,0.008319296937288499,0.009844473890512604,0.0012536002252595514
2024-04-03,0.05956919318510735,0.060891509485178165,0.007822244910467813,0.007580947677021193,0.01578208307531143,0.012011283886570367,0.009133287585253625,0.00821824886853743,0.010609235875966913,0.0012170125764965488
2024-04-05,0.05753920577534289,0.05907736996115056,0.007461150682585682,0.007284641834723901,0.015528551095265188,0.011699688875437238,0.010996566244336738,0.007962048961722519,0.010796596030755421,0.0012008530748226073
2024-04-08,0.056117909587972144,0.05733003575395584,0.00714869934333803,0.007475876202566725,0.014904934250763937,0.011483986958632866,0.011069509178895678,0.007838496577575899,0.011033296664330321,0.001224622704040822
2024-04-09,0.056085163035859135,0.0620193783067155,0.006982354822193921,0.007225314900369706,0.014335163000250527,0.011787868908357126,0.010415947328920944,0.007706438916852303,0.010763173348467802,0.001348431231874248
2024-04-10,0.055346761122173224,0.06199765424493395,0.006732359024575282,0.007019103847093312,0.013923663708407983,0.011491699752944706,0.00986992180321438,0.007520516691115151,0.010554059302984187,0.0013089136871700753
2024-04-12,0.05375099687287614,0.06013311749610786,0.007658569144548108,0.0075389160685144715,0.014394671411631867,0.012417826297043681,0.009423015648931547,0.0074258328485039184,0.010446657905886987,0.0012789848885313856
2024-04-15,0.05400861643430679,0.06316457765632938,0.007704553850607027,0.007430077896383815,0.015227501416717824,0.012073633227459251,0.009342794466183735,0.007961445542673598,0.010585191407026968,0.0012933907073750725
2024-04-16,0.05480291827928168,0.06236955404112047,0.008196603606004594,0.007166768711528116,0.01466428353696203,0.011781353574533655,0.009413731102725132,0.008253380832432704,0.010454643974288533,0.0015038607472215746
2024-04-18,0.05300573433256075,0.06051322775362974,0.007930640267592359,0.007140749666660191,0.015627499710647003,0.011525145920054405,0.010427129541350616,0.008371032469646171,0.01041131971445891,0.0015025249692836615
2024-04-19,0.05133242428063833,0.058734200005672955,0.008074851967350508,0.007005603328732889,0.01525536216984642,0.011489693589990467,0.010011815650295842,0.00836230467235919,0.010215873781707872,0.001472950487229084
2024-04-22,0.04971789736666279,0.05702650115301172,0.008557389617915655,0.006945435561404046,0.014925917068884742,0.0114379055718621,0.009987968625523517,0.008260205809099318,0.010086569417109921,0.0014366750982335527
2024-04-23,0.04962444288397439,0.05643363403334454,0.008418890089377956,0.006810740337617566,0.015067938181550423,0.011287869609586432,0.009928329518221108,0.00820351808985402,0.012047952920249218,0.0015004069960298202
2024-04-24,0.048172563383174036,0.0548262566104068,0.009017391002392478,0.006781741452092614,0.01555972273193558,0.011534054154116832,0.009456499895439318,0.007912344096788017,0.011714109839509507,0.001448089451748047
2024-04-26,0.047901936206235084,0.05388552488439709,0.008533128309298607,0.007886146623866034,0.0160713957964463,0.011762121609832237,0.009433203805150074,0.007661565124190238,0.01141469226812179,0.0014491805659320343
2024-04-29,0.046572145648809744,0.052432373402933614,0.00830450650456928,0.007679769155338659,0.017040314193459635,0.012709570321388664,0.011361619538743426,0.007446231402903582,0.01115092383571539,0.0013989012341182171
2024-04-30,0.0452144683306735,0.05146749881164724,0.008001265650515533,0.007426678129564449,0.01639569023429572,0.012348648887002092,0.010842359772550934,0.008077635000332492,0.010931358921065807,0.001383175706655688
2024-05-02,0.0465707599804757,0.053312791676204216,0.009677573559337233,0.00868889257828391,0.015688033415836165,0.012415234309211981,0.010205569113482393,0.007828521651975161,0.011892037883002258,0.0013414585394877707
2024-05-03,0.04595225832362566,0.05195974252992408,0.009241810445329469,0.008759799379430132,0.016535541559063477,0.013774586227349957,0.009949176568559539,0.00759090793683576,0.011566465790197555,0.0013093920238591952
2024-05-06,0.04776388580459035,0.05143616856206787,0.009758729944489331,0.008246071374997364,0.016305434459151502,0.013447008545708083,0.009479319875454422,0.007927713104471346,0.01125593524693638,0.0012658016480653392
2024-05-07,0.046341604948530846,0.05028864217311564,0.009796222812329097,0.0097839873991207,0.01566562412681898,0.013281072860306664,0.009094089954286013,0.007723166180994766,0.011146500578563921,0.0012301252912706269
2024-05-08,0.04519788995621935,0.04931168382731025,0.009220901093772908,0.00907945379939033,0.015043135424993052,0.013027560466610612,0.009855299554268688,0.007767692511086197,0.010879529610973689,0.001220295071061586
2024-05-09,0.04434412323054777,0.04823070643598303,0.008693160640177505,0.008557366824073038,0.014658995654044629,0.012641550760121112,0.00964461992478533,0.007541344660168987,0.01062589434792799,0.0011811976690871133
2024-05-10,0.0438191785575357,0.04729686254580656,0.00837912480992514,0.008235670561448137,0.014508628708042542,0.012484312415482132,0.009790048835133616,0.009244881243743331,0.010515541582107032,0.0011443729475138164
2024-05-13,0.044089147426860514,0.04776979268239983,0.007954155396769948,0.00828832927254318,0.015398301589859728,0.012218031885589557,0.009432673665093785,0.00889543956033605,0.010775884820328784,0.0011092113230225123
2024-05-14,0.04386351122335485,0.04672313528542209,0.0075754984854353976,0.007891034964231224,0.015003808682774037,0.011890849826202574,0.009136558768439221,0.008540037101424341,0.010932954875996732,0.001089369274226461
2024-05-16,0.04324376308776964,0.04619569128381595,0.007388847880243783,0.007583440884596446,0.014437397762525995,0.01180264678115599,0.009024462016968328,0.008320085147066697,0.01077022873810404,0.001060496665293906
2024-05-17,0.044873410311725606,0.045390447450392155,0.007637443993567584,0.007465418781562392,0.014485693644672181,0.011709420338738475,0.008893641753254961,0.008299876991504213,0.010730315568672282,0.0010939471773698769
2024-05-21,0.044228660348901584,0.04613946607983723,0.00731312521180647,0.007991052744875307,0.014201221832149877,0.011429598547108502,0.008837756941060138,0.008048406835119093,0.010918222907492463,0.0010748826691702018
2024-05-22,0.04454674052525211,0.06955935602106698,0.007023858539323633,0.007643422526816146,0.014757807561822862,0.011784159727441578,0.008697180428950048,0.007776461543064253,0.010661695694233092,0.001181310096095999
2024-05-23,0.04358992587269614,0.06745007192628864,0.0068858779195733796,0.00753613089096147,0.014196724570215234,0.011897168476795505,0.008465585504624324,0.007584412171196201,0.010896778893496696,0.0011434908960660515
2024-05-24,0.04282125526506842,0.06531167775679245,0.0074050293100969035,0.007418574484543449,0.014596926016749199,0.011620006224023635,0.008298710993119207,0.008959441054627076,0.011948589345154064,0.0011256969137148434
2024-05-28,0.041715344817581455,0.06340441113939338,0.007500464512688836,0.007842640245072984,0.014523846643955254,0.011436742112494786,0.008665095502802032,0.008568271301482288,0.011612674185911512,0.0010904037606159198
2024-05-29,0.040697898032438215,0.061803818436289334,0.007225084656036034,0.008866715064191295,0.014256796646748735,0.011168786388208443,0.008639693934140562,0.008434365874723404,0.01141780752810707,0.001172806379150637
2024-05-31,0.03984398999627674,0.060229493777966,0.00746921652658518,0.01017952206943774,0.014578919212061288,0.011330111507460449,0.009363372769850583,0.008567548489927215,0.01120630033211695,0.0011471307821016431
2024-06-03,0.03888345586908934,0.058428062984748876,0.0072215680848022705,0.012297101329489269,0.015093280566585245,0.011115231459493698,0.00945797281345243,0.008572830105917114,0.011026727625942952,0.001163132513489632
2024-06-04,0.038329611426164194,0.05671369843901104,0.006976162136104442,0.011897572358234916,0.015579792875393277,0.011134258154588371,0.009228594696269117,0.013909701353845257,0.011041379918296472,0.0011936661847167928
2024-06-05,0.03782120762728575,0.055101583860349475,0.006851953634463908,0.011557278930942326,0.014950557297335753,0.011016938370725959,0.009960148566888783,0.026063673891356068,0.011218999148980509,0.0016909874443498194
2024-06-06,0.037111042152170405,0.05374514528290735,0.009304577283766406,0.012443716923536529,0.014438423453345374,0.011140748902560409,0.011143078848266548,0.027287916712459555,0.011660724356348398,0.002396453504117314
2024-06-07,0.03643385859057267,0.05254769481403498,0.008883371838031916,0.011313904711713998,0.01390805130183033,0.011333743755723375,0.010467056030699013,0.025023579890324617,0.011365088362199752,0.0024638867611499965
2024-06-11,0.036228773962120354,0.05212663335503232,0.008395337679035445,0.01119668677494416,0.013496485843922362,0.01320313901564631,0.009983012717504956,0.023978678239420893,0.012666923920030883,0.002385668765614226
2024-06-12,0.03662670324210391,0.052676904192077725,0.008198974314435439,0.010270342234793655,0.013321195069913791,0.014685180504804465,0.009606083720956116,0.021975045625811925,0.012275469249642157,0.002300248916797205
2024-06-13,0.03601032837131572,0.05142071915936658,0.008418380428214715,0.009564077474195392,0.013363609187714967,0.014564903137530527,0.009336935942436467,0.02018063420533349,0.0122349137578457,0.0022211541018637144
2024-06-14,0.036036338172633985,0.050700699363791894,0.007988295658569303,0.01077739783449067,0.013179078230590724,0.014083163619152935,0.009154000254700072,0.018554271539870174,0.012461270033536998,0.002151787154091547
2024-06-18,0.03553779526330155,0.04939432954047212,0.00762004472679526,0.009931154040077435,0.013037265179110333,0.013778734807071416,0.00883310604037724,0.01709398982022119,0.012415517073901386,0.0020726145469319637
2024-06-20,0.03514699354985004,0.04816385655497796,0.00806669623872597,0.009322978046712416,0.012650811710691325,0.013669218955350965,0.009022650839194714,0.015803043257633088,0.012043217540431977,0.0019967943498511685
2024-06-21,0.03456209751497659,0.047007854436073554,0.00784474750707723,0.008800976181628551,0.013794000142453853,0.013303939342549748,0.00949362073236746,0.014622396014188788,0.011842392696243473,0.001952589318377095
2024-06-24,0.03409887425005645,0.04590751992176337,0.007479805795660472,0.008279556578709771,0.013970920753435732,0.013536318490655862,0.009461312909344244,0.013566742797957798,0.011961084894928873,0.0019650284280787154
2024-06-25,0.03831038011232284,0.04697776193388854,0.007338145127561462,0.009500564874700128,0.013485944854152599,0.013177812339162463,0.009251109967221859,0.012617485439273123,0.01166860101292181,0.0018997153324425056
2024-06-26,0.037929996850447185,0.04594141058233372,0.007077003562327269,0.009323081488896087,0.013062679373935187,0.013169932705838447,0.00943726228589226,0.011935973938077002,0.011477757815244191,0.0018685086039673551
2024-06-27,0.037497274932719205,0.045002668462844626,0.006813334026473965,0.008699745717090729,0.012669700967107615,0.013269461217239478,0.009356353594552018,0.011292033418704349,0.011343336687479609,0.0018098798954360638
2024-06-28,0.03684526839955557,0.04437514938620044,0.0066340307004489505,0.009317903812513158,0.013428035225337403,0.015122643645495008,0.009008141668687731,0.010993143681746365,0.011390251615266321,0.0018185826000525894
2024-07-02,0.036788689552494314,0.043963486304926906,0.006859251928549006,0.008944251790941386,0.01300024468125492,0.01483645945866904,0.00873794307972472,0.010418640598081268,0.011093575914457688,0.0018140606637226805
2024-07-03,0.03673476189619194,0.04311268917790926,0.00726807305175427,0.008681307991693192,0.012649803661939664,0.017288677536204267,0.008899093465785702,0.009917764682012853,0.010836396303483741,0.0017490641148861848
2024-07-05,0.03716014672898955,0.04354267053986094,0.007203354245147443,0.008706836150350387,0.01281724478121425,0.016875314141217953,0.00863055854718918,0.009642805252921294,0.011143953579131203,0.0016878220528567093
2024-07-08,0.04057672747907096,0.05067998583375173,0.007156255094946627,0.009470717884232685,0.012783433698830582,0.018294715775914384,0.00843716412833619,0.009160052024963318,0.01117469741467836,0.001626907694338267
2024-07-09,0.03956901639819266,0.04943522042252077,0.006881071118066996,0.00895332430955316,0.013155718086600245,0.017564469573907726,0.009187957090813636,0.008745029528099963,0.0113997094255463,0.0015723617117977292
2024-07-10,0.039045750857422463,0.048300563686842456,0.0066436954282263075,0.008619492309718093,0.012751703892751477,0.01690182785212355,0.009337898617489475,0.00846678794858314,0.011104492636807208,0.0015188667311214173
2024-07-11,0.03817569664779045,0.047200033936067885,0.007413981386952263,0.0097371392114201,0.012402120632293174,0.016463439761170453,0.008992108429429992,0.008303831663222115,0.010884518618968027,0.001467533849652701
2024-07-12,0.03740845219384874,0.046098687379873764,0.007947007768337906,0.009466004585158762,0.013446627012819594,0.015979623405962696,0.00907367685626036,0.008004896686583732,0.011313576213352964,0.00141650613484067
2024-07-15,0.03665153003517901,0.045102526304693635,0.007798359918523015,0.009120420028757492,0.014946624087731494,0.015582024210080227,0.009027676482313398,0.008108273592956712,0.011022837034649435,0.0013680160061998905
2024-07-16,0.04808513607236736,0.05223169040693703,0.007480065432836743,0.008712121908048572,0.015001434372484723,0.015018375764609316,0.009009187287761896,0.007879335657872204,0.010775174086163688,0.0013215445970022755
2024-07-18,0.046646126270535715,0.05101353426816249,0.007553187296298713,0.009655171609961835,0.015055355485410591,0.014515058897817153,0.00871745029966352,0.007639949382325443,0.011146526700143372,0.0012904791921775135
2024-07-19,0.04565784912019592,0.04973993612962742,0.011179751052720475,0.010148201050645423,0.014489650262820997,0.014087859107026786,0.009029563235465022,0.007761148402752246,0.010929383193740287,0.001250348411153325
2024-07-22,0.04585727722854938,0.04881338612834654,0.010723845447954421,0.009384428959105373,0.014939109222275412,0.013936683608499615,0.008821597446108088,0.00835103798706012,0.011823055898451616,0.0012463951245539717
2024-07-23,0.04465280379237958,0.04795031984708851,0.010786228753965283,0.009353308113531073,0.01486065552823166,0.013497377882511827,0.0086490225917784,0.008043919993056167,0.01149639933522185,0.0012142737891534742
2024-07-24,0.04415714453901651,0.04684815145487192,0.0101402564808643,0.008722424319214496,0.014590820101410374,0.013092488196243925,0.009455018536782272,0.007829670796428273,0.011224396257752208,0.0011976424129731189
2024-07-25,0.04304599990590537,0.047346171304464064,0.01300284662412184,0.00852412555622366,0.01424477061484055,0.012701416994470313,0.009144435952570307,0.007661961739525324,0.01096557293052129,0.0011614254150162028
2024-07-26,0.04190415379829903,0.04830908033676258,0.012230849775776518,0.008045108457948959,0.014478778327312697,0.012552539350183882,0.009190590710699874,0.007449937780780724,0.01219245787593806,0.0011271549783744795
2024-07-29,0.04167247949459276,0.047745029462847456,0.011996154649008694,0.008445457902951614,0.013943991381367973,0.012493853565294111,0.00979948057295698,0.00920418496626173,0.012097636422041102,0.001092877255298481
2024-07-30,0.04096248849114212,0.046685299797351754,0.01115802933507197,0.008002478024384616,0.013956484519261202,0.012391318913664398,0.009598183786569533,0.008778876365268265,0.011753509117716505,0.0010611557105856201
2024-07-31,0.04006904749261629,0.04579115154554434,0.010605076969269121,0.007759820230746075,0.013959212268199232,0.012281554760008273,0.009307409086592252,0.008405547602564584,0.01170248124353087,0.001029335790296939
2024-08-01,0.039851492795770396,0.045011760013511905,0.011357280365929437,0.008635325076543073,0.014684884201915336,0.0123131127903131,0.011004812763869425,0.008139237651969047,0.011525671270718699,0.0010012599419307014
2024-08-02,0.03895970590574969,0.044153936862811195,0.01194142736403813,0.011416965258912731,0.014144999270574905,0.012062753912219863,0.010346226297278771,0.007866698487545905,0.011232171244610489,0.0009776959649244695
2024-08-06,0.04234269278249891,0.04737152286425684,0.01317839472155965,0.012346706850665261,0.014825041241088353,0.011795943500232029,0.010889696229463357,0.008706873709016901,0.010986430948891197,0.000950585337617884
2024-08-07,0.04887954192453666,0.06960280321162769,0.013903076530407683,0.01247476642924297,0.015078182711849762,0.011497436529526586,0.015770663151954023,0.012573610653844727,0.011097872464416271,0.0012369746938995544
2024-08-08,0.047795001753806236,0.06890284592730068,0.013326574739742907,0.011660204444361113,0.014994448280885421,0.011258042616535595,0.014349593024364882,0.012324454665691993,0.010824260687544858,0.0012247302539084518
2024-08-09,0.056522684767720904,0.07593917442085756,0.01487747321910351,0.01176456212402531,0.014412983339878201,0.01108599917772119,0.01317322382866753,0.011848692149085066,0.010944772303696093,0.001184514897781517
2024-08-12,0.05481655928927667,0.07393548534477616,0.013849053212610605,0.010774142123177071,0.014357556331394794,0.010846501339684868,0.01214791990526367,0.011615811518891194,0.010718928704013529,0.0011520402077190592
2024-08-13,0.05364289390619645,0.07241096468822185,0.01282725238542509,0.009968332798066195,0.013842563890623605,0.010700596247949848,0.011555539054404136,0.010911309481419974,0.01077518196852506,0.0011277954390690303
2024-08-14,0.052152163476797464,0.07007449976927824,0.013203928788705577,0.009868974009592425,0.013386295155683396,0.010611022313759875,0.010812938779140312,0.01083186132147522,0.010525759362320022,0.0011174360293223636
2024-08-16,0.05143330904444428,0.06795879461877428,0.0122920447355894,0.009233705525630355,0.013002508304975085,0.010405680385544585,0.010365190183351565,0.01019914797021622,0.010637599037654464,0.0010841135239318422
2024-08-19,0.04981130462705442,0.0662151993588102,0.01326935519763554,0.010388439027963756,0.013914285382951402,0.01061801400242255,0.011961588218173258,0.011137286338419271,0.01172713376794529,0.0010662442127648772
2024-08-20,0.04831669630111511,0.06421191487378852,0.012679524279930054,0.009629747230483062,0.013591764227722427,0.010765828236713692,0.01157996209154197,0.01046539354273747,0.011403193326390813,0.0010592723948142035
2024-08-21,0.046965196213794524,0.062645094165055,0.011818708408653828,0.00942177413880404,0.013190698945126582,0.010977748940255874,0.011148117951481967,0.00997686075232574,0.011124234588691906,0.0010295728608017234
2024-08-22,0.046524154975699575,0.06091800042595035,0.01103304655246964,0.008787792335569752,0.012981194421159364,0.011476123167674556,0.0104754704777695,0.009451461691483538,0.010868014806037234,0.0010641505288626367
2024-08-23,0.045356419964046116,0.05909088496837089,0.010767160903105939,0.008514503101556997,0.013445467529319254,0.011439399816594548,0.009943177452651126,0.009018292533335337,0.0109057800932119,0.0010817898026672897
2024-08-26,0.04710123823560936,0.058907385778457784,0.01091190352406353,0.009351676304813606,0.013012067423426239,0.012902056519912415,0.009695481571876212,0.00861267299760206,0.010970244171531886,0.0010569583172558373
2024-08-27,0.046200405196202284,0.05792763344888201,0.01038876172895319,0.009061960108619782,0.012901420714760282,0.012973885969938924,0.009522695684666425,0.008449525112194685,0.010710352473654658,0.0011229212648975653
2024-08-28,0.04776508569000538,0.06104925339775189,0.009744306759540347,0.008737614125302056,0.012616125428876294,0.012592150363943884,0.009133345214219716,0.008121397580791119,0.010466469226541613,0.0011048125286064355
2024-08-29,0.04643256779933643,0.05959930798117042,0.009448413188022307,0.008829443763770642,0.012530818533429317,0.012355274446608333,0.008847364776108542,0.007846334094794719,0.010336324099527758,0.0010738384545557922
2024-08-30,0.045096052369950644,0.05782878919640399,0.008892026176870767,0.008640927797326663,0.012294775365083404,0.012014468528480189,0.008640027032966483,0.007690430725806878,0.01034014008513509,0.0010410935586234252
2024-09-03,0.04387587220296668,0.056158104990881356,0.009013529788696632,0.008362294511863278,0.01236181818993247,0.012049590499160672,0.008482322829791323,0.007499992643447934,0.01059998211780552,0.0010276097770903988
2024-09-04,0.043600389318397215,0.055872985220659685,0.011763580213210847,0.009297995747791317,0.013144554831883393,0.012469840192520756,0.008344008607699021,0.007321691226658621,0.01037270685327922,0.000999158933301661
2024-09-05,0.04246107956466167,0.05434648851187895,0.010976894824322382,0.008760859272372962,0.013078510231342665,0.013192373811106592,0.008693539029795371,0.007272722490679066,0.010158182989453115,0.000970471325394623
2024-09-09,0.04247107832050899,0.05372144661472413,0.010324357854324662,0.0084613593825058,0.012682663930527638,0.012798173207200073,0.008556950232515315,0.007170149325530926,0.01007927425207005,0.0009449938197092342
2024-09-10,0.04150916607181434,0.05228246564864187,0.009978066324766584,0.008243194790262046,0.012969828919668467,0.013899361515508524,0.008711831084312527,0.007695453585565477,0.009938290052998767,0.0009190057500300462
2024-09-11,0.04051541986056561,0.05096615217596841,0.009462212943699519,0.00783563788453193,0.012605833999660969,0.013559244809227,0.008618784402417316,0.00756175586493971,0.009789137676335376,0.0008946372430292639
2024-09-12,0.03957041365638611,0.050050751961657654,0.009641176091791194,0.00879221140762037,0.012418168040510238,0.01389190048914303,0.008458685017975962,0.007616374503215315,0.00962251166901651,0.0008711499743893452
2024-09-13,0.038754243442176255,0.04881368142597306,0.009417065979588291,0.00891530032842295,0.01231231865180594,0.013506969933049577,0.008637118865925037,0.009631525968002548,0.010043807559311224,0.0008482427122869055
2024-09-16,0.03940492574292542,0.04827846376843325,0.008985607435235115,0.00842333880868342,0.012195531729044527,0.013102464555501186,0.00864439044457733,0.00919522692028463,0.010125427009670904,0.0008578229879371672
2024-09-17,0.040423042829428706,0.05023246300774989,0.008481012315101817,0.008166562480955491,0.011907510166013387,0.012719806960165342,0.008516000718471603,0.008766518000143768,0.009935705712823066,0.000860040033290503
2024-09-19,0.04056552075052567,0.04917177833507897,0.00803886275142033,0.007762615628814794,0.01222304004421378,0.013781601359769446,0.008425314569961288,0.008396218360719904,0.009879875088702016,0.0008386630017784609
2024-09-20,0.041034032120522035,0.0495233035921399,0.008667623476636903,0.007899370584083054,0.012979926279697861,0.01506343403561638,0.008272405250739386,0.008150348926426581,0.009804239011543276,0.0010616185699751052
2024-09-23,0.03999497718347555,0.04916800360291147,0.008311026301844365,0.007776832396144006,0.01312473728596674,0.01606645177162787,0.008396721162816142,0.009015849240113694,0.009927323473519777,0.0010700557244434723
2024-09-24,0.03902164663197342,0.04858462016997899,0.007890224443795677,0.007447109231260216,0.01274091958172593,0.01575178491550722,0.008807527617942646,0.008686225301872085,0.009747683354846087,0.0011354779037362347
2024-09-25,0.03830354282301014,0.04739524692816352,0.0075836111084711345,0.007178000860972168,0.017076485585982022,0.015874473853988536,0.008694764420547611,0.008324953438619028,0.00981965685230523,0.001118564414935464
2024-09-26,0.03789845795659816,0.04702765554860237,0.007312527507557867,0.008046701520797388,0.016410869354257288,0.016387169392542464,0.009555701815259004,0.008034788525745845,0.009664052769097053,0.0010833158644530064
2024-09-27,0.03803826473292052,0.04618396456692868,0.0071713494036650975,0.008593277713849911,0.01980595977333629,0.01635213944699585,0.011954990350355204,0.00822596180342177,0.009548807462855247,0.001060739672540097
2024-09-30,0.03723053451488089,0.04548205509265321,0.006937948267907042,0.0082688664110791,0.021192656401511176,0.015979553859018367,0.011653005749531757,0.007969206403256247,0.009689703511380071,0.0010299595414776815
2024-10-03,0.03815848364749175,0.04553950880059975,0.006916504389127911,0.008068808806733115,0.021273338159241262,0.01552123197841255,0.010962921017682582,0.009041631082729061,0.00954844849123379,0.001041596280671993
2024-10-04,0.03916455967682439,0.05233620590280199,0.007513953144436154,0.007676471744074221,0.0241634441045967,0.014971689089673078,0.010313137447211091,0.011092732469883555,0.00964861942615395,0.0011956820461011925
2024-10-07,0.03866409657221698,0.05140393133378863,0.00798134369292698,0.008672623864240867,0.02430877916324647,0.014621644439432938,0.009773795608983404,0.010882278778940347,0.009533156557647707,0.001185925579424421
2024-10-08,0.0377682073823247,0.05005937535269203,0.00849536577053051,0.008167355919428866,0.023413513613419316,0.0141440288437121,0.010516805518749483,0.010731184483852671,0.00938929122436968,0.0011476993940130716
2024-10-09,0.036955098763728336,0.048799789206196466,0.008606247490543196,0.0077561363247221305,0.036134006484458234,0.013688082460246522,0.009958725555384056,0.010400248698284735,0.009692914921789593,0.001138515130767118
2024-10-10,0.03707597962399788,0.048414686101941815,0.008426039792031792,0.008000923018556377,0.03410805256244678,0.013354667871893355,0.009527018141763419,0.009859069738798569,0.00959236944839962,0.0011205342549343055
2024-10-15,0.036338706581780095,0.04724828350303226,0.008042777625585308,0.008113223726292336,0.03311658518515331,0.013515255052972925,0.009503028828881188,0.00934396627849482,0.009514054910757377,0.0010865432406639214
2024-10-16,0.046736761909562746,0.05177205897254829,0.008039588744613428,0.00924367552727467,0.033647981563015385,0.013187490593115959,0.009902475966369702,0.00894654886697626,0.01003804053685998,0.0010992598734953895
2024-10-17,0.04540303259475802,0.050407776348813015,0.007795178947228457,0.008707579307515369,0.03158763249870393,0.013477460407015598,0.009464198660916488,0.00866757570122387,0.009891963485014503,0.0010649581385045064
2024-10-18,0.04414379955618744,0.0491399918388921,0.007448367155711743,0.008255615644095958,0.02981539821115621,0.013145976726737873,0.00979291605046631,0.008973945766732778,0.009791314938848212,0.0010364458825865006
2024-10-21,0.04307675610688502,0.048021149285234266,0.007245496441463311,0.008405721346252688,0.029896369899526088,0.012849523396760685,0.0106017008003554,0.008660294494614149,0.0097837600570401,0.0010051940490809139
2024-10-22,0.04223236473421065,0.04689603277385374,0.007016234355733515,0.008105233449703448,0.02848005561784466,0.012535642458724818,0.01013094778603413,0.008391570015701432,0.009638400116824934,0.0009755029516518403
2024-10-23,0.04112909848068907,0.046111532944217444,0.006774226389023884,0.00770850187176419,0.02680294097208921,0.012225372273568553,0.009988651698328778,0.009261984595748592,0.009614848120084944,0.0009474505170863157
2024-10-24,0.04035864164594621,0.04671223403338944,0.0075178973929948744,0.007790456999658586,0.025509491966249267,0.011952609945006402,0.00960977504952013,0.008854568939275696,0.009810300559944725,0.0009205852408170335
2024-10-25,0.039911086258842335,0.04566915091402703,0.00720885887966876,0.0074520704739868505,0.024364194597490743,0.01172957143757813,0.009409834759045001,0.008512150627142433,0.009754147940951382,0.0008997487625436511
2024-10-28,0.03959493448763545,0.04605441187545055,0.006934408808236317,0.007261015218606867,0.02304530102473046,0.011556314329619928,0.009036568968553784,0.008811063550361046,0.009596105367113177,0.0008753967832247168
2024-10-29,0.040806971820041026,0.04690896517846917,0.006737033545504836,0.007522182235234442,0.02178072935635338,0.01191212683694352,0.008993419044703126,0.008677671260607917,0.009444875818001864,0.0008527926372925585
2024-10-30,0.04117481638402525,0.04630932450398019,0.0065274727882822185,0.007249533746878094,0.020669165644842245,0.011604161392258712,0.00895601381076141,0.008455996152933598,0.009502426981053682,0.0008315657508661729
2024-10-31,0.04019346267602628,0.04526444706199028,0.00653239823144223,0.007038464063411239,0.02010730231997003,0.011499144658181817,0.008925932026043238,0.008390582651434051,0.009467046852472608,0.0008148784322046877
2024-11-01,0.04029999313508931,0.046866180832545165,0.009674572238588348,0.009067290331125013,0.01909603010899236,0.011421407922980823,0.008788859018446664,0.008358424606807403,0.01025034045424077,0.0007958798833547123
2024-11-04,0.03948331221931993,0.045787680062318696,0.009177449205445741,0.008751816390132177,0.018364025508974795,0.01140202059175107,0.00880400470219895,0.008122663597237335,0.010044253514696842,0.0007775802045998207
2024-11-05,0.03928020069205426,0.04664126370176702,0.008725036631996745,0.008242226459244575,0.017515810166743667,0.011138322814904568,0.008631382677009452,0.009024422960716958,0.009857841549977264,0.0007666932318075108
2024-11-06,0.038787643359442764,0.045614832957400056,0.009336292488604216,0.00795348858423048,0.017762092913472666,0.01233769631230647,0.00848256835968204,0.009093830256244767,0.0096866843267285,0.0007499365647241603
2024-11-07,0.04490043094253801,0.05408276500942492,0.012510325147274976,0.007766143361050698,0.018175145954347,0.012509675366868152,0.00830739042574643,0.009315838411755819,0.011424899055956794,0.0007502817846460528
2024-11-08,0.04364258670436293,0.05498678908498406,0.012020519017616627,0.01013385467610771,0.018454330856253157,0.012942555319760877,0.011438413349767605,0.009618349589902861,0.011466927709680299,0.0008408774086099214
2024-11-11,0.04249113614893246,0.05373615473088908,0.011262260082486543,0.010023954571203215,0.017828137575914522,0.012985834915375825,0.011962820530348457,0.009165703808273666,0.01120097396478807,0.0008324165425821438
2024-11-12,0.05891674225416226,0.06258041901027225,0.010510255674697011,0.009436907002398508,0.017402098641987312,0.012829740709124206,0.011764634560798863,0.00874020546269653,0.01267094598381843,0.0008397791209566226
2024-11-13,0.0569931213924331,0.06167099432668029,0.009918906356533162,0.00909032459815878,0.018490712607583913,0.01246044513535033,0.010968525171355083,0.009227041449860033,0.012324752823690156,0.0008185789112568964
2024-11-14,0.05561311843579963,0.06002160156868742,0.00930881456043349,0.008632372937432907,0.017597021182156326,0.01212131325798304,0.010311016330742682,0.010086424777868112,0.012094295859708353,0.0007995641617179972
2024-11-18,0.05498651419133627,0.05947699961678379,0.009097562121933599,0.008413874162720198,0.017632602594694912,0.012141291583183333,0.010288605779411217,0.009557076695888648,0.011801723727630218,0.0007824013213768349
2024-11-19,0.05412103198827274,0.05897424067271699,0.0092853946257112,0.008090267262002914,0.016995502480081106,0.011832822505724414,0.010901264181990713,0.009157283407918443,0.01204649735494561,0.0007775117312265467
2024-11-21,0.05255871269341563,0.05796619074036667,0.008786542497166183,0.007902822044146574,0.01625738834704813,0.011685455966201469,0.010257102177576893,0.008740398762960908,0.011745684898887585,0.0008162498777447859
2024-11-22,0.05388387815332671,0.059680328749905136,0.008467581613765887,0.008558633535986767,0.015585939520918836,0.01155185371740616,0.010124857291354173,0.008820611089002285,0.011981069599933074,0.0008011592984687146
2024-11-25,0.052140761405202636,0.05796975895766627,0.008159675101202272,0.008194450920132301,0.01578984651775454,0.01337303632586764,0.010211222248239706,0.011792803345949112,0.01209142432903622,0.0008413548186122231
2024-11-26,0.053823538048964975,0.056553937798503144,0.00777904994667905,0.008107627189729094,0.015187755918437995,0.013024594217565778,0.009737432916378057,0.011744620405638178,0.014297170068278346,0.0008465453065913819
2024-11-27,0.052266088559549624,0.055498520633118754,0.0075903795956919215,0.008686644677865028,0.014586015252485856,0.012717412744922376,0.009385204332750773,0.011036660199194978,0.01378873493213294,0.0008565741880408015
2024-11-29,0.051837965864671876,0.05923916002611618,0.00749766256648796,0.008185342660757594,0.01547524762647263,0.013218454991171682,0.009074719175717692,0.01040110526865187,0.013390747694215284,0.0008504187182536312
2024-12-02,0.050361887215206715,0.05770750012006268,0.007565384168199498,0.007920045472391031,0.01499597898391274,0.013982540821501648,0.008768073881929803,0.009974268721845526,0.013049881510514685,0.0009205147729948151
2024-12-03,0.04908052538862097,0.05612359570963935,0.007305585476179404,0.007576462977831568,0.014568004867600046,0.013819907135546174,0.008572650659718156,0.009681667225258041,0.012757210283951333,0.0009278410347720222
2024-12-04,0.04758516567369398,0.054563058383769646,0.007042984770897003,0.007584574795838505,0.01445798284086534,0.014831614975242807,0.009270296529933358,0.009667462282290876,0.012411081069783116,0.0010595944165910675
2024-12-05,0.04672861470385431,0.05509871405633516,0.0069998711949024826,0.007291079576041937,0.01392583942937281,0.014363880951687778,0.00921728623383384,0.009182883414455901,0.012045338766751304,0.0010495668720370839
2024-12-06,0.04592064120987405,0.05363246221711849,0.006803547407401186,0.0070850254683804135,0.013672551421247842,0.014351623229802102,0.009469012341235426,0.009314631637388078,0.011942915187502314,0.0010184347421442596
2024-12-09,0.04547320750931598,0.05364117693571206,0.006598685491923807,0.007069618632354963,0.013901865109930588,0.015085012508450402,0.009715352662991087,0.008904161152093418,0.01163081574978907,0.0009945877203022424
2024-12-10,0.04491933353486679,0.05616461649583518,0.006935938109601767,0.007210937835861193,0.015487358635436958,0.015840928819053548,0.00963072467269127,0.008591393148175008,0.011494424802772827,0.0009701409997133527
2024-12-11,0.043722358840794256,0.054958567284832366,0.006717299983685513,0.007013678192950833,0.014891588063778636,0.01540705821346346,0.009619108365658848,0.008250061500784545,0.011600815186791916,0.001095520519772475
2024-12-12,0.04429290947063862,0.05515988367454173,0.0071078799925474116,0.007205876807906191,0.014470062370931592,0.014922711238549045,0.009355670134158226,0.007954197493228794,0.011655248549611029,0.0010624996621797945
2024-12-13,0.043258806168609325,0.05367990058568657,0.007245881435005893,0.008450546053481103,0.014352042697633014,0.019128839893600934,0.009145591879358268,0.007866284064595252,0.012037292945827147,0.0010341629332846602
2024-12-16,0.04220903129954433,0.05222411654929189,0.006968863767050293,0.008001853613904259,0.015101288865126059,0.018399517077155213,0.008906596292636071,0.008086566308125038,0.012033876378154864,0.0010076298877035557
2024-12-17,0.04274790496305935,0.05101308425620395,0.006788235543961317,0.00790913209091129,0.014741167455453794,0.01766871113524334,0.008832635735806716,0.008014192270089501,0.011704546165861555,0.0009907932602115006
2024-12-18,0.04160797752778242,0.05022175374119709,0.006677141835640882,0.007548011143399118,0.014215811188330305,0.018667507623621616,0.008936164600438912,0.008928114912893654,0.011390971035355532,0.001020463814791639
2024-12-19,0.04429877288848056,0.052847565264907505,0.013182560943338228,0.010067682724859521,0.013893242520560239,0.021221519468221994,0.008796088981730957,0.008813877212096087,0.011123982110030366,0.0009909296817605332
2024-12-20,0.04369975828785695,0.05365015408274939,0.01223162383055315,0.009704702748852627,0.013432996792796742,0.022710188939228878,0.008870957245925348,0.008877068693832963,0.011338345309825321,0.0012398578210433158
2024-12-23,0.042506187174343825,0.05232571263652282,0.012141693829145324,0.009166554288302532,0.013001042472046389,0.022073607627029066,0.010295764155302964,0.009873422516118412,0.011524514606036072,0.0012445693665126755
2024-12-27,0.04284825879505227,0.05131199804083513,0.01132936584827493,0.00858476952813024,0.012686654376790358,0.02243822142381848,0.010263313993730084,0.00939025219425244,0.01147938357851564,0.0016541667816254617
2024-12-30,0.04172294363946747,0.05041588474936298,0.010600557837510509,0.008733271786534462,0.012936709352089942,0.021622618322235682,0.011111999455622907,0.009129605064457818,0.01122870730423385,0.0018809316940583561
