date,resid_BTC-USD,resid_ETH-USD,resid_^GSPC,resid_^GSPTSE,resid_^HSI,resid_^BVSP,resid_^AXJO,resid_^NSEI,resid_GC=F,resid_USDINR=X
2020-02-05,,,,,,,,,,
2020-02-06,-0.3797085427650676,-0.32177990200669526,-0.09239261322498758,0.08247707707410656,1.1566153416314982,-0.2705286956854837,0.4243078661573791,-0.030747523820491753,0.1966406223158187,0.6062332849356907
2020-02-07,-0.22706785310125616,-0.048268242998886664,-0.20908811680565229,-0.2150333388950184,-0.5958993734368354,0.14083450346527723,0.03931876677020663,-0.1682109817872253,0.1289047466097992,0.7521093734481594
2020-02-10,-0.21244205171633504,-0.53233527513887,0.12530969795075214,0.13942302728108819,-0.691402793156919,0.022339096221433125,0.20469667209564302,-0.3305652561598713,-0.005389954040478993,-0.013956001379177695
2020-02-11,0.18900720296141077,0.08708665618453629,-0.21199407234963033,-0.18675639302222152,0.16220741273322356,0.5046720259041908,-0.11840209693843039,0.04890427406844148,-0.7721682002445246,-0.6343961141733677
2020-02-12,-0.14339373073931855,0.8299828643252678,0.10363106501484742,-0.09396445123169596,0.096310592677024,0.21733085714974018,-0.10249484904684185,0.23268502507657884,-0.044791590669480144,0.004815856101815029
2020-02-13,-0.4618372011221705,-0.5218168016528221,-0.21311973775617296,-0.2857505651120147,-0.5206218039783072,-0.15958002549297517,0.03906008100292961,-0.2145772474682604,0.21077191500516473,0.06457765424199786
2020-02-14,-0.09600102360890447,0.09682846157929775,-0.07799645862791439,-0.017961492824066148,-0.17953895629222857,-0.40785156902499664,-0.019160237731059064,-0.36135470943990167,0.1399997218130483,-0.06159241714570909
2020-02-18,-0.4923505175518433,-0.7002143513995174,-0.23132011221289156,-0.1557256443278786,-0.8462908773024729,0.0026083474245809867,-0.08436442783634508,-0.5058942897103398,0.6312981541277227,0.21959883554826118
2020-02-19,-1.004420317073714,-1.5261995835928597,0.2830095694778739,0.45892616353004967,0.2561318985898684,0.5470061940993919,0.291874462638175,0.7296078905236698,0.29294298948407255,0.583180657662884
2020-02-20,-0.07148502814892584,-0.42388616361884274,-0.19008843758063618,-0.02606269204131047,-0.101296335394288,-0.3868217966689278,0.1881741578230014,-0.09551858684318883,0.36881037524435917,0.6073851435896727
2020-02-26,-1.5704066565812387,-1.9924456318377044,-5.088540740541274,-4.134475942229847,-2.285672020348494,-2.0740198510851426,-2.3026927243368895,-1.9757531271593065,0.7749538301180074,-0.011924528344812894
2020-02-27,-0.07065232665288246,-0.15215068882573388,-1.2356960223343387,-0.6894148183712467,-0.02275564524594751,-0.2726775143296679,-0.009393218357316904,-0.269650961360354,-0.6167705034354197,-0.7208329308719553
2020-02-28,-0.1046193692786005,-0.12370265751676338,0.07862652308726154,-0.8661089042806713,-1.2731700880669503,0.7232938458310196,-1.3052246699386731,-1.739172900622618,-3.728330290869954,0.6942363072211419
2020-03-02,0.5158965728174417,0.07531390537753778,1.661854188518459,1.353351002036341,0.5582154719092811,0.5110151449128416,0.3393512761707481,0.05289785960860382,1.1259951072915175,0.5170831957023183
2020-03-03,0.028483158643831007,-0.3968253176035189,-0.4186173936114373,-0.11211325915083178,0.4463754172528941,0.20536818883256572,0.5805736429779935,1.521807290657382,2.159489398019436,1.858389370459338
2020-03-04,0.09072649179917158,-0.06172997162948668,1.5379371717220873,1.9519674511866107,0.17339389289717214,0.9195489631469012,-0.5482647699426344,0.2413601681866658,0.08183220888653868,1.155129132404015
2020-03-05,0.9214083455978316,0.2532696679936146,-0.6261011706698698,-0.1416396866734255,1.9221894893136633,-0.6597504325838142,0.700968493432878,0.7059174980295301,1.0896947279503983,1.554873587536895
2020-03-06,0.015966343105218047,0.6294189939294856,-0.4804772058193348,-1.2996744786168253,-1.6639561062427055,-1.1266124482502005,-1.1665647747547343,-1.4641061994272744,-0.3323938505655636,-0.8700190179163337
2020-03-09,-2.859522967985204,-2.858021964368182,-2.2418965601353706,-4.553213687267763,-2.318093087061686,-3.6800318158481353,-3.0211505441948856,-2.434649030022987,-0.09689614786787074,0.010217468129886293
2020-03-11,0.11010150384096931,-0.4506787212610522,0.19733327498733674,0.005317306967245638,0.546437051583596,0.28352717871776745,0.8032409230249213,0.37871226893307425,-1.3879827545915149,0.19413784149103788
2020-03-12,-7.596502852422911,-6.656958130259357,-2.2557218958525236,-3.3756910274913587,-1.4307226372002213,-2.4804826187995084,-2.310076243745651,-3.5206066016052735,-1.7576445914976855,1.136239682887188
2020-03-13,1.0421846971230075,1.2462453155670155,2.204088845512021,2.243632221892463,-0.0536837729628245,2.9978804006704065,3.2946610260414735,1.74624734289868,-2.4686884709262857,1.021305995575596
2020-03-16,-0.737798112919058,-1.1889451773690394,-2.292757879375195,-1.8482059469519632,-3.015047708492465,-2.58567014123282,-3.131122021308099,-2.8473234979329054,-1.9908816028226286,-4.252102320091584
2020-03-17,0.5963544525743866,0.4159055519807369,1.1056972775002463,0.8843704055962553,1.1968312156949135,1.6441516405243637,2.5934065383343197,0.022992359000835523,1.9918173587596502,2.0581391026898688
2020-03-18,0.05683238402838945,0.06871137747523051,-0.7581785306875328,-0.9404874171244335,-2.1768562933820514,-1.6831491150809201,-1.4744521339202503,-1.630054622119077,-2.090947602531727,-2.1069438808848404
2020-03-19,1.5697683571179017,1.362575564188695,0.3779614939289759,1.0899179994064472,-0.2731981764020862,0.9429039017654176,0.4032215184884799,0.00927615788705671,0.5694093888159634,1.2528133194948057
2020-03-20,0.1213163600909528,-0.1050606626607025,-0.4651653002436478,-0.17514513901472553,2.1381277948833994,-0.1066368021735954,0.7042632862766846,1.8474532175083018,0.2453033604811711,0.0539681773093902
2020-03-23,0.4093545125919247,0.22629304305661563,-0.19848367389615942,-0.6984507426419726,-1.3472482302997866,-0.6839019253207879,-1.2373580433087144,-2.9478043672391987,2.632633056652008,0.4683078313883212
2020-03-24,0.5661534989199657,0.3507524094663938,1.9418180145192574,2.499828165499764,1.9831252791482843,2.058303245274676,1.0037339996159327,0.9233082856932885,2.528273873301129,1.0869860619378844
2020-03-25,0.08102748731547152,-0.006288766318639018,0.41779305848205633,0.7912940981075849,1.508126186317853,1.1543500310796284,1.3928438467349495,1.6216640520446197,-0.3887850120488899,0.8397157690014148
2020-03-26,-0.047791096648598055,0.04091417136128867,0.7667715233426355,-0.18565480221854494,-0.7184054890686514,0.14632999037945363,0.5217840999148895,0.5153746659250111,-0.4130243830259413,-2.394768543497453
2020-03-27,-0.4012070983368167,-0.31618084919426365,-0.7250637025219866,-1.2922998580042946,-0.21607011228598072,-0.9991082249349015,-2.5076091350512,-0.08301009964088228,-1.2704209243751652,-1.6464431246264148
2020-03-30,0.120157143176567,0.09272800258834511,0.8552261678673615,0.750049653715692,-0.03507476632569026,0.7278893252774853,1.6632648926536036,-0.5306503352387875,0.21426590802662937,0.7788193214965012
2020-03-31,0.09094806250753351,0.11282022316197671,-0.2149380342699075,0.7252147833901436,0.7216074482343985,0.0012175713588719176,-0.3551263735072274,0.9650623703149027,-1.0787268911457348,-0.2367290599223806
2020-04-01,0.3393037493418375,0.20283079831589815,-0.8051693081310998,-0.8396091946203527,-0.7959548538038769,-0.3345066829253171,1.1000277692213756,-0.7272668599858104,-0.2539045423650581,-0.2512813268606937
2020-04-03,0.5327861428176486,0.7305346475335123,0.7739017939354601,0.8035750637606986,1.2611845416354819,0.31440926535219915,0.06753606449763255,0.2631264067809407,2.3274418144416402,2.2428760401096732
2020-04-07,0.5949443880919912,1.342480827853639,1.2150965689880575,0.8898737387555041,1.1155667386007426,1.4725706503238893,0.39221161179518077,1.8237395201863167,-0.0011012038523583766,-1.5451803470228649
2020-04-08,0.3989951446547489,0.5223649259556533,0.9759634754392841,0.6854401239390925,-0.06376776325329853,0.4768417677774915,-0.04913735059986823,0.23111528454219596,0.23221569685324922,0.6273976986813342
2020-04-09,-0.11186493982953269,-0.18726622840310025,0.17006617413412423,0.2638078575570428,0.22089360659118085,-0.6178614231570114,0.4028454089379269,0.8710362701007375,1.186495993071692,-0.9514207354025664
2020-04-15,-1.0979718934421703,-1.081110562339919,-0.0019684564479708513,-0.6525218112854195,-0.2631403807400329,0.4289255582564932,-0.393464443435964,-0.3747765806392825,-0.4140342766240623,-0.16829076146632352
2020-04-16,1.1031317137934598,1.3709631803640006,0.6504846729468361,1.076365830626948,0.5526735548670275,0.3671187654188504,0.8726901004507566,0.7512271267443965,0.37571174137673485,1.364108117563634
2020-04-17,0.06991557159618626,0.019289813675885233,0.908111406569676,1.147118692220413,1.0071700378877322,0.37492092271309846,0.36191888964307833,1.0292282088638511,-0.8248827884614793,0.23728645846977356
2020-04-20,-0.49144352345425074,-0.09158482618408292,-0.8419323574307241,-0.31392213398561813,-0.7383582080110004,-0.20082213496754397,-0.9735342744810651,-0.25319206138464545,-0.4581692432114404,-1.3579364870403507
2020-04-22,0.5598709840010175,0.6792651858944398,-0.03593015243971216,0.38608957602794647,-0.6289106431541815,0.8477843787795627,-0.2769324598258256,0.0415522805337224,0.8558903926297222,0.3254779308225186
2020-04-23,0.5181744111007699,0.053151101431757934,-0.1935099785916752,-0.3929745863012445,-0.16259087841706663,0.1456374858914661,-0.17677208758451032,0.3116562229742305,-0.4482114516365444,-0.8253678914497603
2020-04-24,0.2643518220937383,0.24599189894687257,0.571992977587393,0.25697704777264324,-0.27254678246279557,-0.8089190453060213,-0.11738415938970523,-0.41063076228080203,-0.4900012721927934,-0.11015075133256597
2020-04-27,0.4570395768447442,0.4437276260684369,0.5422496087771579,0.9772326737571275,1.0281053075882245,0.9074411650805121,0.43278941465595006,0.5383910011256674,-0.684056510934004,-0.3278588135906369
2020-04-28,0.034112426627059274,0.03189529338190207,-0.19998740758623182,0.31086541285508335,0.6765880408470214,1.0743523444197864,-0.25172020666941186,0.46750228244306424,-0.3063918903322911,-0.24745556911909028
2020-04-29,1.8878849536330131,1.136963490034651,1.3944970123511082,1.8652185695940684,0.4043367253707165,-0.03257658702440979,0.4758011356421994,0.9395433047901719,-0.22912785811751954,0.23446895659781083
2020-05-04,0.009349651656692848,-0.7083002595610208,-1.8293524060289836,-1.7630945022398208,-3.3384968659516443,-1.4366242558286295,-0.08716296786758929,-1.3441989581199696,-0.7814276665490489,-1.346943424358734
2020-05-05,0.1828566650794058,-0.08210143878862301,0.5022164239975333,0.24923069496217518,0.708327908596274,0.4899178935249315,0.5479267696482124,-0.08709255832920593,-0.07636718418602836,0.22040536734921864
2020-05-06,0.48131127583604555,-0.1568922842293484,-0.04991635441620433,0.18789496279937015,0.7802091556795285,0.14255206668753112,0.05096946726637527,0.5914621483122016,-0.7125494278255494,0.32130185231918296
2020-05-07,1.059332776190568,0.4998197506532829,0.5381897693998973,0.5708093774652554,-0.30558555661995224,0.28004001735854794,0.2246398585933537,-0.18078622686136842,1.2979847331898264,-0.16356448473356414
2020-05-08,-0.22196388942742634,-0.01369009524558886,0.7742782161007282,-0.3366974951912365,0.5200259337842883,1.0466619667271222,-0.4208684122676716,0.36487961541813363,-0.7425351152713323,-0.2453328558925294
2020-05-11,-2.2735850937440376,-2.1267301506841827,-0.2933377575805635,-0.052245647121544114,0.46144007332240655,-1.924242445204566,0.1349920186601346,-0.23462585828232474,-1.300012442955977,-1.0036732461848106
2020-05-12,0.4596056893258666,0.36369154300554274,-0.47788545557428863,0.24851696218167849,-0.217750223619563,1.2079596014755842,0.43875720276886526,0.4521275233684057,0.8893156905426457,1.099786784510589
2020-05-13,0.6007621704889785,0.559713039317159,-1.3630608727204974,-2.580400041692424,-0.6178542645441665,0.04695587729466601,0.10314739160630249,0.7791710770726178,-0.38560995335965753,-1.1102802084458994
2020-05-14,0.6372134793843799,0.1859138822134179,0.5086245751515652,-0.0714756056632867,-1.0468404381767547,0.28279619476162404,-0.7897202943361172,-1.3738026398800194,0.5668309531489316,-0.5091299030446128
2020-05-15,-0.6437388301573982,-0.5465963927763576,0.3459467260356943,0.5028239761793944,0.025903352174450896,-0.7008534644667099,0.6854437344773926,0.19199318302239002,0.4912829808906719,-0.02040700474613059
2020-05-19,0.638051364051217,1.2815413921248677,1.414044052534203,0.9989333002736578,1.7155132696320545,0.6122141392053096,1.0901255820837823,-1.271584052856938,-0.5126948424510744,0.07145100071538284
2020-05-20,-0.27763151668576236,-0.19434199526204596,1.2832342173311038,1.0901784976324744,0.36509309336484175,0.44188857330810094,0.3577860962063517,1.6002083185839588,0.47405687028868415,0.5559798869278489
2020-05-21,-0.8287783119825053,-0.825351608390295,-0.5403588114032682,-0.966097220772346,-0.45489728693665094,0.15308370583293884,-0.597045341812475,0.2477962345979139,-1.8730136009402498,-0.5184589358390429
2020-05-22,0.1321300710343599,0.4803223787232568,0.06401001243911449,0.31038664479262107,-3.6838785104122924,-0.9330700941971954,-0.26233670426541644,-0.32104276103325413,0.26232575365684374,-0.4087457656158574
2020-05-26,-0.5539915317736599,-0.3348203667223203,1.2192873455326894,2.18120529545467,1.2181619624170419,0.6589539546110877,3.044733805879985,0.4905703273582274,-1.0579974751030083,0.7666944322533361
2020-05-27,0.5864920449780946,0.4462896374336447,0.6913479587199692,-0.6204258478883581,-0.28606621009394595,0.15821167710880576,-0.7895152153378544,1.8043127436806494,-0.23774716545691651,-0.6849568617272377
2020-05-28,0.7026055008454235,0.8620469179504934,0.14573997051041115,0.1552114568195164,-0.09434779126576243,-0.5590309427330021,1.0053630493031336,1.3809245255393172,0.27507482794732635,0.45685210455027736
2020-05-29,-0.23026321023220062,-0.027204075157720612,0.19787399542905065,-0.40624378340543316,-0.4251036642415272,0.7497166928137936,-0.8502310889330581,0.509357492326694,0.7466432671494606,-0.47932124400902626
2020-06-01,1.2400464582864998,1.7543791776348128,-0.14372647474420275,-0.19183875692509705,1.4799740173267268,-0.1453933683100073,0.1275834270803429,1.1958974790023,-0.6734927125034808,-1.0488755642879906
2020-06-02,-1.1571691222402039,-0.6697065079100666,0.9257064416204375,-0.04186601287201174,0.7302255477309127,1.0149894721758637,-0.5323677791949023,1.10655718458773,-0.5919945735133405,0.31182599752890117
2020-06-03,0.05367432163211848,0.2587336206289038,0.4001946928330804,-0.19453542056004006,0.2790116645230181,-0.57430430578685,-0.35955428155447205,0.06366729389919336,-2.383342514076658,-1.5302261129083852
2020-06-04,0.36266568524445186,0.05094973171005194,0.266867048950236,0.3247565137041806,0.4660296939699818,-0.35669651910808103,0.7074053848003395,0.28078856461823587,1.282747443472256,0.8518990627004102
2020-06-05,-0.30926666274290393,-0.31339860487052307,2.3775560408495675,2.577447509559002,0.919743791742698,0.5574457237833393,0.03030401708677189,0.7406262577682294,-2.1224704958461964,-0.2313302198034083
2020-06-09,0.26768440922343495,0.2265049874949843,0.3967395118929461,-0.7836408676311439,0.7873829984300679,-1.1227150844834248,0.7856875218594543,-0.38833396657575936,1.5514873400355629,0.15724979369439127
2020-06-10,0.0884635682442075,0.08137354657192417,-0.5557750795681705,-0.48356594427580346,-0.10597072637242459,-0.22751289540548997,0.6312190038084527,0.4588846184591184,-0.2974841492163823,-0.3798861586928402
2020-06-12,-0.6361395944046246,-0.6303115267028537,-2.9503017658772555,-0.05941530085901348,-1.1497494818325824,0.22053678936726237,-1.0986509630007382,-0.08154181382964493,1.294489281179324,1.8323059814994258
2020-06-15,-0.21732190328020673,-0.7938238901311766,0.14865973160177792,0.1632655487378346,-1.646563780014228,0.13837493322341676,-1.3370807399556823,-1.4800698822586538,-0.9006935358066179,-1.0300385182466583
2020-06-16,0.1821646617095636,0.3096840361846585,1.1349367513412598,0.37583473896307085,1.3936048409213457,1.1251086005784567,1.1061290024819967,0.8522401040695312,0.2416247405646029,-0.0841862439598156
2020-06-17,0.03393477625543079,-0.012160190939819196,0.2983372332233594,0.4404573130899265,0.8159796884198302,1.588854597758792,1.4719782367900438,0.5098984722296456,0.4614609099426073,1.3039162627075118
2020-06-18,-0.23295619441392873,-0.17839330375264875,-0.06071811302459709,0.6800368070834164,-0.10278652957956559,0.015881309228653703,-0.3354080127225066,1.5756447258102713,-0.4612495974161612,-0.36046934349769383
2020-06-19,-0.3959073655332044,-0.5544036970935321,-0.5369378044149402,-0.08742208022589103,0.3281252552324682,1.000831013804538,0.16994088823414163,1.0031834122798826,0.6117050178653048,-0.4631674827247143
2020-06-22,0.8698427420884232,1.2605325049946334,0.32569364101638204,0.3957125695313323,-0.4414179793470007,-0.9815185020640913,0.2613149388515077,0.3974946801940845,0.1497754468318753,-0.4687788724859282
2020-06-23,-0.23432037122080138,-0.06710986214203736,-0.15110527759457254,-1.4967292094068174,0.6483690550375981,-0.3955013898169963,-1.0608308083005922,0.7621529458126501,0.02499351516556983,-1.1915294211855443
2020-06-24,-0.9423033524262074,-0.8539180437439241,-2.4538383022173527,-1.9459915758698572,-0.47767127811126375,-1.3892630029108703,-0.011769149538767584,-1.3248590955004775,-0.6999643323485293,-0.5336953927455107
2020-06-26,-0.45625372429326944,-0.6327477289997392,-0.9074688469340122,-0.027991229560470763,-0.6641170447320875,1.1148696310662682,-0.1267338656329955,0.5684948983081838,0.0550237643783993,-0.27871805354538776
2020-06-29,0.08885530622388382,-0.17502656643420456,1.0348574934991044,1.896736871708376,-0.6141141161086806,1.460637052047161,-0.5201604987096496,-0.364664933216268,0.009096943692838194,0.0689083809783402
2020-06-30,-0.14321525893231676,-0.21640582832928307,1.0646449775340028,0.7073623286980361,0.4648245365875827,-0.7373954587366884,0.9382163687089317,0.09006663515786979,0.8205670063870459,0.07099727608381126
2020-07-02,-0.1490396878189364,0.16508896828578234,0.40262101478652684,-0.07115532275689748,1.8026242662880942,-0.2778857677648767,0.9115224364787797,1.8394231670555712,-0.9741981127640781,-0.7653007655343081
2020-07-06,0.4570787330933244,0.859006543600497,0.3686620658545261,-1.001237249332101,2.39426294695366,0.5384657993588701,-1.057615971192207,0.7962776746273481,-0.917824311377085,-2.169550981219387
2020-07-07,-0.4249748139998655,-0.32066988201447005,-0.8825039759692573,-0.5913646992196552,-0.8300449948391362,-0.22135744609153085,-0.23785703400116728,0.24083317661138004,0.5167779432844375,-0.25922996523691805
2020-07-08,0.728873673808784,0.7979548927212099,1.1060188122721495,1.5093707040250932,0.704870333780841,1.125954282408335,-0.13110488837473858,-0.09681110324718856,1.0214357083611503,1.163556419639246
2020-07-09,-0.5636084350226952,-0.4744956912438202,-0.6085280128173742,-1.1621402821444309,0.01472890856913362,-0.6174082843279023,-0.10859034767504766,0.7139685546786276,-1.2752123212695645,-0.5444837760027027
2020-07-10,0.1398777820244033,-0.14562459005495734,1.2157196995075426,1.814144428988415,-0.8206512497470456,0.44526928317938536,0.3452916621659515,0.15093346862319282,0.23558980944237776,0.8799837301851509
2020-07-13,-0.2079493295921902,-0.26624224270211866,-0.8965945731261327,-0.43007884819634357,-0.04197492038803366,-0.749908754909822,0.6994342037167436,0.12706905195659576,0.23129964962031993,-0.5564670468340016
2020-07-14,0.09818002774613291,0.07949647386681631,1.2916998754414943,1.897197034577845,-0.5039895771638521,1.335438036339572,0.04716211956198278,-1.3584108660085916,0.13671138496289928,0.6297227846944491
2020-07-15,-0.14044330477016445,-0.21659926305936808,0.7473191996681162,0.7698791245197393,0.1137625470259679,0.2676790357705796,1.0516486373912377,0.31799636218404637,-0.012606465555075079,0.20639402694826128
2020-07-16,-0.4230645135013683,-0.7213808870591404,-0.7250427055125556,-1.1489563426608211,-1.7933904196589598,-0.7921874045669287,-1.0419927784385652,0.5995625243263958,-1.5195517693245955,-1.325024542316404
2020-07-17,0.07381098958962097,-0.14221308612027547,0.24881767415025324,0.8701550699344612,0.35991369784007515,0.6183104944506004,0.7432640307667239,1.64364387368826,0.3715777386130534,0.024170840801848042
2020-07-20,-0.09254728244267904,0.20208668073054112,0.36388090946740015,0.04376978530325109,-0.3214293945972228,0.8095634913990628,-0.8423144823497778,0.7277843896729198,-0.15586526074864923,-0.8611336605935959
2020-07-21,0.7913774289482659,0.8975852225966334,0.22838529120014273,-0.31271228685787394,1.617839621349762,-0.5212968131673761,1.8554986675202683,1.3687917485472991,1.3522463010663464,0.15228425044753122
2020-07-22,0.4104845575320383,1.549453911633201,0.2314541517583274,-0.7521471875824833,-1.6302182743268063,-1.492008148412005,-2.1664581713610014,-0.49983645073057403,0.6265553526075267,-0.7326637074811555
2020-07-23,0.1916503978575588,1.0307306506505591,-1.2468254208425111,-1.055499681851068,0.5442832731577013,-1.2507513592638948,0.30980993506383653,0.8012245679158819,1.1335445774453021,0.04330205855848577
2020-07-24,-0.19519773951579733,0.2807826887169298,-0.6480573327228826,-0.2113574596042717,-1.37331732171331,0.7193650225754407,-0.3176481125291562,-0.18497916808837442,0.16705721330039994,-0.1438952496814059
2020-07-27,4.89884085123831,3.225946541901794,0.6565075454718159,1.130114547913334,-0.26864544047949485,0.9144441786873255,0.3143590942056732,-0.6152309741587182,1.4196011750187911,-0.25623430793118246
2020-07-28,-0.12553175622380291,-0.3254370614732734,-0.37188228640648185,-0.4893562257700916,0.6422468734799357,-0.7880853531241686,-0.5594116288928538,1.9396427299574464,0.7234319061176827,0.6645293487725173
2020-07-29,0.3430664829696704,0.012313422473568628,1.4668478112366783,1.62148355442186,0.36285225666525994,0.6946106470454454,0.015402628739919136,-0.692238734509884,0.29113323068662633,0.1770807691358877
2020-07-30,-0.104314507022533,0.8080421441667813,-0.7571082988506925,-0.549192068160792,-0.6684217415960122,-0.32026330819829824,0.2914225064369313,-1.1814582659338744,-1.1492573887927122,-1.0052320166269537
2020-07-31,0.425680814870524,0.5608069712862158,0.96484665779721,-0.04121631273558624,-0.15312872776684713,-0.9964785569272074,-1.6400965988750777,-0.019525076202746513,0.9567200695697049,0.4256466883914026
2020-08-04,-0.19305467254665262,2.373609634828801,1.506752331379208,1.6749878062777108,1.3208700291450728,0.814839792601924,2.726645171671905,0.6663141218645888,2.0112926193323903,1.0659445530898388
2020-08-05,1.0465523076299277,0.372209218431968,0.4397158245504468,-0.02284940496214836,0.34832327083042236,0.3517362540263342,-0.9447131515191399,-0.0288057628801774,0.9407278177995656,-0.40873388659905857
2020-08-06,-0.11431445156929135,-0.5147834150846781,0.09060326213439147,-0.2556603835690731,-0.795708618362732,0.3074584237584323,0.021402565175763624,0.4376458108434051,0.18563479936958419,-1.4506227285961661
2020-08-07,-0.4307826102961421,-0.8503793024093895,0.02999411479391412,0.24752446871370914,-1.0945299949672451,-0.3198182287426134,-0.6212127632265855,0.17964315830981817,-2.056489539134639,-0.05300167824728223
2020-08-10,0.5652418042633547,0.6810990389967299,0.4264384751624925,1.231347781518535,-0.29758576614429405,1.2956662319187568,2.1903009258507002,0.7758213317859429,0.48483148137485044,0.3301369350919098
2020-08-11,-1.0601755468730683,-0.8505310777987414,-0.8914736303621416,-0.884881988382741,1.562045052774032,-0.24549913971025342,0.45512815118912636,0.6598968954556196,-4.002574124095404,0.15339385240693518
2020-08-12,0.25264243364509337,0.3411013653688311,1.243515016146429,-0.12802225865685804,0.7646740311919791,-1.1566444531812834,-0.05063735721430703,-0.4543852369395498,-0.22928855465076983,-0.8974648409077672
2020-08-13,0.32995761658146594,1.5931671491134611,-0.48172727442861074,-1.1099837187537365,-0.1352545951648213,-0.4635839678211276,-0.6943444668978541,-0.2822691915798539,0.44323013975340364,-0.618033040238764
2020-08-14,-0.010840945384729071,0.2887321400855639,0.30550338581474223,0.09173891494209546,0.1010159190651011,-0.0827161789068996,0.9063674063051544,-0.9138212154486672,-0.5863650703389064,0.8978495471624153
2020-08-17,0.9759851048073771,-0.5090897592124674,0.046257530447950196,1.1333826525343604,0.3594044894003037,-0.548271122099063,-1.0569280355517845,0.5703514595547298,1.3620927681952317,-0.6342119741585952
2020-08-18,-0.6210027543512963,-0.3746438840673047,0.38046774431184527,-0.3185599661381418,0.1522623635613013,2.1557962499665955,0.48802339688673485,1.7286196032661156,0.3937391326530527,0.2677546746650007
2020-08-19,-0.6754751070197728,-0.9944192415949582,-1.0426585606840995,-1.3142443545108493,-0.7695536990043703,-1.1745071031066465,0.016945531318616543,-0.08204781478983435,-1.7592036464393679,-0.993991375105272
2020-08-20,0.27214867388672337,0.3804185483526469,0.6247301545268671,0.976112465740894,-0.986470791541544,1.1397129969529831,0.41298679619722445,-0.7401551606649232,-0.8269414150904368,0.596193720865284
2020-08-21,-0.7378010462481058,-1.461773937696093,0.4258465657576313,-0.8640367643946105,1.0098638094220023,-0.03308209793559704,-0.17472112165161485,0.6969546606218638,-0.09098684171805596,0.009216156665672654
2020-08-24,0.3420198809027728,0.7613119495430029,1.1275468673693265,0.6866993299021451,1.1933752160307602,0.8070341686961047,0.7403691553222493,0.8958032571494793,-0.4697274634079004,-0.4852316641928294
2020-08-25,-1.2782612312621642,-1.4192990668122398,-0.531726791318657,-0.5193562142536216,-0.6780349748049591,-0.5958767672825931,-0.13450659821634942,-0.8020675220180499,-1.2393497644863172,-2.5328637192228234
2020-08-26,0.2567570414596543,0.01936763122264166,1.3479087328845538,0.8270938431024908,0.06779062549525809,-1.7494940052932855,-0.7860884362829885,0.918218195199835,0.9622929546084792,0.10541982475745172
2020-08-27,-0.5479301962178584,-0.35614500117604536,-0.2377472978392171,-0.9632056003593333,-0.8225480514501955,0.6711997642732053,-0.5192221638086918,-0.25522114136595714,-1.0580080052336887,-0.9622496764403651
2020-08-28,0.31075397343030264,0.42133700664492324,-0.04330101778515375,-1.0331726119415212,-0.051052012660490365,0.018634352617425187,-1.4210037783582188,0.1636988658192699,0.9851710354080727,-1.9900619659419247
2020-08-31,0.030466135073568774,1.5681679630740855,-1.5874282869176723,-2.6155816628569166,-1.3984213429181087,-3.5957842379160554,-1.9457672900422245,-4.1295857483811345,-0.675909053331175,-2.4722104371311215
2020-09-01,0.8899484609218241,1.737684874656374,1.678650433241731,0.9732197494894761,0.5722761858074887,2.1277400366848327,-0.7795763431650324,1.234564514586595,0.4145813433875094,1.6707079025596605
2020-09-02,-1.6391025816316254,-1.6420037650581902,0.9231414613972745,-0.04796336553808286,-0.5708999327091901,-0.9832767099869169,1.1849488987263024,0.022016366181905535,-1.8942725626549637,-1.2450401926100791
2020-09-03,-3.020576137085317,-2.305658290598538,-3.762289189914132,-1.4046421838990109,-0.33849455040569376,-0.8985707399673817,1.2588759278191133,-0.0744335063313119,-0.4055913422144994,-0.10743551647412632
2020-09-04,0.5797348520958879,0.05453960086158091,-0.34667987942115974,-0.3122034480017745,-0.7285691866069492,-0.08326353398663007,-1.3075132511026366,-1.2780187179052613,-0.07846439962174426,0.5587431569131559
2020-09-08,-0.7641105478552025,-2.1642753720433445,-1.6195749945163926,-0.6830208150883855,0.019414137985729423,-0.32658840079723556,1.1478782487841575,0.1309910753303606,0.42794091412921015,0.5753084113048531
2020-09-09,0.25641058336703026,0.4976467329227452,1.1987005012493583,2.9379656022003093,-0.32044570281664997,1.002529510868452,-0.6649350654145095,-0.13337796468539173,0.47162338981155494,0.3767337345681367
2020-09-10,0.16733562399736626,0.5488054492517007,-1.1612024965347882,-1.3870269027961704,-0.7283152494892974,-1.547936361645788,-0.46512896949088556,1.1689239067847337,-0.023216498668600278,-0.8360509406787342
2020-09-11,0.051157379251730625,0.17641132689135375,-0.0051561822213613846,0.31840137639924826,0.6278936645455913,-0.13866407830962107,-0.41906865576435565,0.10723248224699514,-0.895998524920507,-0.1308888856611459
2020-09-14,0.5930364819454418,0.0138703048870256,0.6785425993328126,0.5114065315390042,0.4247629441443611,0.6855155787630726,0.431913527647437,-0.26921091251024787,0.45064091119871685,-0.22411901690713154
2020-09-15,0.2762560933936849,-0.5664698267629764,0.40599167655471985,0.45742768576518056,0.4842588812041593,-0.31821457480854093,0.1709495824655845,0.9475008621747297,0.13758118034019592,0.42810638327226314
2020-09-16,0.43675631764163225,0.002936150792460533,-0.16918469620279009,-0.34269903385066597,0.20428907121789774,-0.14021369589164115,1.1109278026062013,1.0139968729996127,0.23102332927251537,0.6145675751857396
2020-09-17,-0.1861450346054562,0.8615420495294454,-0.8782978797915003,-0.6089930808859502,-1.5447170412744116,-0.3110589610924377,-1.2021536482847588,-1.1478492657238397,-1.4394323873464494,-1.0007098428159984
2020-09-18,-0.037688850991008126,-0.27685850405087176,-0.8122908325156841,-0.4189093403113366,0.4209349613238986,-0.806158371861488,-0.3033604512714169,-0.046954838814952826,0.4282568114420692,0.062431734359183325
2020-09-21,-1.2762861677558066,-2.072595160234159,-0.9407379023492958,-1.0191995365719033,-1.6477145418062067,0.6339094350404983,-0.3067950695864772,-2.450586714026584,-2.6207105885277304,-0.2530366272464525
2020-09-22,0.1754577550488678,0.0632523766621289,0.8211703917321209,1.8708326312711934,-0.6193961734114403,0.33461185957695483,0.37123714995162865,-0.6892482116051379,-0.18552629343127666,0.11706186928871168
2020-09-23,-0.8127694760010882,-1.1929781346415254,-1.9546505456419865,-1.7760266889807559,0.047700491851728394,-0.34776602872232437,2.922159415869951,-0.24643898567262634,-1.858251335973834,-0.3872670421174769
2020-09-24,1.3852132219123334,1.306469955728549,0.4252433371987753,1.2081921605258272,-1.049154011991904,1.8614903364519673,0.9452358690070051,-2.4391575242724626,0.5038438267370349,1.1161436005344212
2020-09-25,-0.22770235684492296,0.03486948174603208,0.9922170995473422,0.44284292611220843,-0.28181805101224716,-0.7993005627653016,1.347718678199951,1.699148228690115,-0.6526864143473804,-0.4808887478840839
2020-09-28,0.014284153008043162,0.06537787419738973,1.101384223063052,1.0536539625127939,0.8493582677820105,-0.7124590455910664,0.11699125661629725,1.2040782081852146,0.538442200955438,0.0017885254835952893
2020-09-29,0.404723786427273,0.19596133204908397,-0.09655007009788653,0.03144529219136522,-0.31239523278460896,0.43043090518615906,-0.21725083512346705,0.2516715199800269,1.098956537774915,1.1716235933601173
2020-09-30,-0.23959662786224545,-0.09766604242912202,0.4533994401835673,-0.43708878995818634,0.5181905375165209,0.14879606634688325,-2.5451397222735275,0.051092902209017466,-0.55789056755745,-0.6599114108243455
2020-10-05,-0.2144699595359282,-0.48946787350172666,0.47349500891226665,0.36958601871597685,0.5167840467940392,0.8294386658973582,0.8390293420540064,1.2469783738700437,0.37007942181039427,-2.4608989378123067
2020-10-06,-0.6316284470481199,-0.7947457356244618,-1.4609987015573302,-1.594379290754442,0.5193889481561395,-1.4022580458318632,-0.029360801693216396,0.8544808644020883,-0.8879242992843296,-0.890461013818197
2020-10-07,0.42477047122468337,0.1504508414220231,2.043738207882857,2.3726673696255496,1.672173545242658,0.5700236812907823,2.7605527539792516,1.290472408668506,-0.09736708629028591,2.725774041182907
2020-10-08,0.5321423478838007,0.33006008747398735,0.23856913156321116,-0.12543004505673075,-0.38872251733477736,1.1697720738905841,0.3032478840811133,0.3371923404418132,-0.22473566084156962,-0.9327232382580845
2020-10-09,0.25914801721736924,0.6295522377502444,0.3194420332984404,-0.5014092429446123,-0.4612390401791938,-0.558535827985247,-0.5836209967357436,0.24593865205935744,1.0109348984338267,-0.8995092237599389
2020-10-14,1.0931788281369101,0.7124541668906956,0.5449403349723164,-0.44793123937644774,2.126309060609433,0.8705912702564925,1.4940146725642713,0.7921568868806911,-0.5826194453420656,1.0674093038384038
2020-10-15,-0.008433387297471468,-0.2785374932185694,-0.5067275428960402,-0.07563859896403476,-1.6726736691736317,-0.21806311258371341,0.3500536745183812,-2.5530561656575834,-0.45200669574073793,-1.1013154734715083
2020-10-16,-0.48250369108062496,-0.6641630154888148,0.051901476999484004,0.32284785052903175,0.6690293134101681,-0.1988306025508105,0.30006535616284363,0.5725842593286553,-0.1621111624445408,0.19985912448830406
2020-10-19,1.1115394276508967,0.6640008136589542,-1.4338899751798044,-1.285740876400708,0.4880791866454468,0.5173446577929431,0.7100188782281736,0.76417697904978,0.23570694357675048,0.19885733020267066
2020-10-20,0.44540096623066927,-0.6370857652011443,0.49985106506168486,0.28147064942963373,0.20888332059815343,0.7017683390106428,0.08281630596692963,0.27842534185718104,0.23443463282698243,0.4063483329446427
2020-10-21,2.218983293893774,1.1644376458727732,-0.14668411792131406,-0.701516919026499,0.6039313166274367,-0.01187439771622757,0.3073974507248248,0.3412268749710922,0.690503085005355,0.20671253568080133
2020-10-22,0.24237549708259004,0.9847947393350582,0.4904487350021468,0.6914010370095302,0.12617633383426632,0.778418745270181,-0.7630323352451817,-0.2666797215361343,-1.3504765618100638,0.06994707911610212
2020-10-23,-0.12098221107427015,-0.2833412293823888,0.3452025118460906,0.12370576818297536,0.46981135684918385,-0.5846453522871435,-0.20823398431411083,0.282650599331615,-0.04584516850995099,0.09080475488921755
2020-10-27,1.531399112109026,-0.3264134705396507,-2.0286528221617535,-1.0581108692239847,-0.13699853688523045,-0.5250094130164767,-1.1432800933236873,-0.04818528758182503,0.5180229047009357,0.8444783706053955
2020-10-28,-0.8611517272594578,-0.9457270568394092,-3.2687072591159767,-3.477961716214602,-0.3995469116056258,-1.926077202405134,-0.05604657404746295,-1.5138387475311623,-2.087200155772424,-0.6386922716120157
2020-10-29,0.4834542528283472,-0.02033405240012512,1.0840450528330428,1.6084765876483567,0.2913492621897706,1.5458875420870184,0.2506150473549878,0.3164675634972482,0.13883954718492486,2.517924194395127
2020-10-30,0.08259172831006836,-0.36239461955957775,-0.7867159045348343,-0.4579238029672434,-1.6876381672290832,-1.3837385814970942,-0.38047346425409634,-0.4686226940796338,0.23866891840086127,-0.6707731444504809
2020-11-03,0.800384054615621,0.22693639221983503,1.7737174383567325,1.2753095846388736,2.633634704496122,0.6764269167686017,2.1667702021206985,1.6952788303292572,1.6866595977715935,0.6115843006816005
2020-11-04,0.3534948390006896,0.7697158526330535,1.1461723793715664,-0.1502430512315009,0.054726013073842235,1.4778706495884057,-1.4376037528249355,0.9605306850872894,-0.552573057443851,0.6413904730976505
2020-11-05,2.5322188865558117,0.45845745824688827,0.702872809409507,1.2634088909028898,1.7437004920463537,0.4742883258050453,1.0044853723692289,1.2582107538504244,1.9461911607205824,-1.0801696726798182
2020-11-06,-0.17942059549055256,1.910253677476948,-0.21634019884714217,-0.5437749343001697,-0.1636247579711822,-1.5892657646089976,-0.4752294040673245,0.7106295996089195,-0.21238172720869022,-1.0131646080394643
2020-11-09,-0.4839502429047003,-0.6307787268914978,0.49075660181979364,0.43600706335671197,0.5759928910876264,-0.10249598878385759,1.1005115180089604,1.2600328191406132,-4.731004987440144,-0.57172045510823
2020-11-10,-0.1525556936093955,0.14060865779455728,-0.13852295311756652,0.6060743056048734,0.6319246164383439,0.887203746167157,0.6487953356461112,1.1419340200409265,0.5801655270069923,-0.1586205196592701
2020-11-11,0.6943697798620044,0.6007309312072246,0.7186697292087904,1.4387041644329626,0.10324290480626937,0.05304876369638244,1.900049814401784,1.1693353946736949,-0.27806949347324217,1.2083398827944063
2020-11-12,0.9226568122674489,-0.12376297328554027,-0.44985169181857176,-0.4511079735414231,0.10423434975675354,-1.3582798248066739,-0.05620692563053632,-0.11405896070565631,0.5476146575531936,1.024115088904509
2020-11-13,0.07405178101037559,0.6080486119825486,1.1826087106999814,1.41047978103841,0.22493667162071973,2.0690920203215897,0.7229157338762081,0.5181827340929754,0.6065089273416987,1.0359886875200008
2020-11-17,1.7778687760426541,0.010839107229635133,0.002357632908786076,0.47446089131898955,0.2546916369336978,0.5481122394009069,-0.1714382137693304,0.5170685160667251,-0.5244448921812658,-1.7518062449817655
2020-11-18,0.13784209607051087,-0.14795460714889858,-0.8602631458857146,-0.02812371993823154,0.3906793862614802,-1.2210998373390551,0.8571770779300907,0.5049354096901362,-0.4315555375980509,0.1524231783567886
2020-11-19,-0.09897582217559955,-0.5270535171075109,0.18560550440040702,-0.11544026540966465,-0.6002175649897806,0.2505044884581146,0.12454614930696746,-1.4673611555294812,-0.6143641795141392,-0.28274416096167393
2020-11-23,0.5737721184012603,5.7396625063643,-0.44141431328201597,0.7811583715172142,0.09396505469013539,0.343682280034478,-0.24294028385171212,0.7696175122420844,-1.2507511379972192,-1.0352588153427358
2020-11-24,0.9379690702744808,-0.17473534754617864,1.4427713203147277,1.1982848528848027,0.3690244948515673,1.81238865430783,1.5191103262364578,1.0193703625103254,-1.2970287935964007,0.24853014639942173
2020-11-25,-0.7100497450426709,-0.9228168593745091,-0.49739623357233004,-0.792878458474883,-0.0840106731081202,-0.7422756778788993,-0.6012561063446247,-1.9317393886307175,-0.30967789826728576,-1.1688215977439695
2020-11-27,-2.3969811453344296,-1.425895069385263,0.24331377237555324,0.8302403712541074,0.7466538597697215,-0.15535487851526641,-0.8504770662447689,0.8021177570958075,-0.9584273114137017,0.28051750655333346
2020-12-01,1.9580999731143112,1.618845421674766,0.5086259780828043,-0.8915099382938891,-1.0168849538723697,0.24038053934120615,-0.1330008281502372,0.8731613475681809,1.2245701350149567,-0.154366540547
2020-12-02,0.22958987942994283,0.09215930956781442,-0.3875021242610113,-0.649750079106541,-0.5012290832918171,-1.414288797108043,-0.6860206296297359,-0.4836795157400381,0.021753227472398953,-1.5886384519313235
2020-12-03,0.17199935019324747,0.31712690893536377,-0.13126105593314336,0.13275202439529854,0.5797610493031595,0.5873979898266518,-0.0434695276075525,0.09116260210325637,0.3871379149350616,-0.020881450942156668
2020-12-04,-0.8434948052177731,-1.1477714027118056,1.1879979965015048,0.6793728607951914,0.5151468948324398,-0.23257762142978544,0.32480114933953486,1.133246952622329,0.09105507172732934,0.7685941112366131
2020-12-07,0.4373153120364064,0.4299082041112449,-0.39377358577920674,-0.5019520349901708,-1.096344250282681,-0.11104469219349448,0.6573985520388552,0.5394841368501447,0.9676755090766439,-0.36414458622921
2020-12-08,-1.0169848488877133,-0.9483893998365287,0.5655128657860992,1.0079260664583356,-0.3622196705834027,-0.5411113577849417,0.735733554488221,0.5137423912080735,0.5523929876420841,0.9166463924479098
2020-12-09,0.10156477865641458,0.3258508328032442,-1.4678550264918473,-0.8919653350153621,0.27721856352842383,-0.48913860772304885,0.3523904835444402,0.5538817324400488,-2.0658100284616796,-1.3134577872458357
2020-12-10,-0.36858817444976083,-0.4000619952065372,0.08235595982051426,0.6396991452338996,-0.06367374799117916,1.877028081602668,-0.6700222335040644,-0.1872530786363264,0.09230142592124584,0.8118159811241052
2020-12-11,-0.4061853353662687,-0.5051324171856539,-0.5380449560161812,-1.4649076054565935,0.05320353696585657,-1.668224074416576,-2.0667297855040907,-0.11084707083135599,-0.04095109096925025,-0.9333445374660168
2020-12-14,1.3937168289336475,1.0029706116995083,-0.5715407149022039,-0.8901281716577671,-0.36750410237733744,0.21624904470054152,-0.0064318733490781824,0.30330432785004585,-0.5704834882767081,-0.006516021910721592
2020-12-15,0.1427855464844627,0.019633363143744347,1.6497381894986352,1.0176758605805485,-0.44975323828710706,1.174005902023123,-0.04335923582500933,0.18565110572881058,1.1263581665523468,0.4772583583085477
2020-12-16,2.0062371136980772,1.0917610939596047,-0.03715320424805266,-0.2809015275547034,0.6879474293805652,0.2874672306876016,0.43503778866754966,0.7754456118220466,-0.03421091127093082,-0.5106221453127534
2020-12-17,1.2519420830286843,0.03282085119809162,0.33771424285100643,0.7638554075298354,0.5191770293955092,-0.029077365359465368,0.8485306487326373,0.17849999345586764,1.1660841939320554,-0.7210989151055893
2020-12-18,0.16833069017488456,0.1751144871334957,-0.645416175474621,-1.0584156568907468,-0.67544324361691,-0.6722016710470838,-1.902626192755818,-0.07790256527535565,-0.26693547175145854,-0.46488190961409376
2020-12-21,-0.37893089379998046,-1.2827929659604056,-0.44253390168358114,0.6019947347991494,-0.5345908584022327,-0.33859129971604784,0.44299075593077253,-4.244096207391842,-0.31516490796510754,0.3015797616711328
2020-12-22,0.8833302113403807,0.6319966603393914,0.2117349247900271,1.2505928476957555,-0.22456504278651715,0.5915887669612544,-0.3767374009735349,1.1722788542842766,-0.3025923106487135,1.5951326989099683
2020-12-23,-0.49786819965810225,-1.4285874455218315,0.5978724986694923,1.0809359202370872,1.104101952839864,1.443916662019508,1.5012066059999762,1.1252349034311262,0.7125088561784548,1.5092684107825813
2020-12-29,3.2205417904612847,3.3805838208414567,-0.08034695233610539,-1.7839220030174758,-0.09557136190185538,1.1742915598569972,-0.5442964935895719,1.0935349431827197,-0.7740391237591298,-3.3306840138162044
2020-12-30,0.748004194626148,0.2356933085856755,-0.09461350487960084,-0.22426495684307224,1.6727940481630195,-0.6596720932982627,-0.6012533002661924,0.11220340652254655,0.3410528152980111,-0.3520056141998475
2021-01-04,1.5308749449326011,4.031679517592837,-2.09190701360787,-1.3514624685031391,0.5066939365722856,-0.9449815647780581,-1.7535264813825826,0.41703053055743783,2.1045908186223863,-1.3232351201687664
2021-01-05,0.913591401857462,0.4618923940331917,1.1005975672366426,1.525513865630608,0.7155106872703346,1.6355289429982505,0.8688042086410095,0.61194654422858,0.5161773956177598,0.7580695342060791
2021-01-06,1.1715254011205305,0.8030270833370001,0.6379137099851553,0.05050827730597351,0.14997620380768364,0.1447256075361944,-2.1644232300061432,-0.3658137512267342,-2.142892180505087,0.1569874686911953
2021-01-07,0.92728849150521,0.05624805979827031,1.5857735785718405,0.9377729097863272,-0.45073163669169203,1.2608524972031583,0.9059113658238025,-0.17098157207596001,0.11701308225837333,-0.09100921553502793
2021-01-08,0.45997086961645667,-0.09308137137264222,0.5910571171643892,0.31451774810015126,1.024005477227695,2.5048513493501576,1.381866990001387,1.4999150770954244,-3.43759588549304,0.28585030352447804
2021-01-11,-2.337085353326416,-1.3145947114005816,-0.8914546721777267,-0.3348276233701637,-0.0068903682967993915,-1.057581022158195,-0.2294544404027576,0.7140660785069771,0.40995152886498304,-0.32379049584469227
2021-01-12,-0.7170633826303363,-0.5166421796017656,0.15885976852094547,0.8510598852376776,1.181130686320066,1.2344507296798966,0.10246011273054337,0.6083041537567345,-0.17867191054132045,0.5231614057691971
2021-01-13,1.1802660043236666,0.7090830586539543,-0.37392587709789515,-1.3758958784201565,-0.5206396965656005,-2.7249111326382476,-1.115932785804157,-0.5730062269191833,0.004157764623913871,-1.4859738250566747
2021-01-14,0.5815018807972443,0.7121824388303035,-0.5362366554994527,0.059529720810174776,0.686481472976721,0.2599993636619593,0.8377345494188204,0.11498958399245637,-0.1930073295644094,-0.016169554856210765
2021-01-15,-0.9954830810552581,-0.5406345199342626,-1.1250276666113788,-0.8526058900499321,0.08744865513945956,-2.125157906317681,-0.38722325548814124,-1.4333419669419032,-1.0067022471744262,-0.37609692907102893
2021-01-19,-0.36837495760049616,1.7452792091877996,1.0289988812422435,1.30938598655206,3.0095953660294623,0.8618578722470877,1.7120249553890978,0.6564430684325915,0.45266887826524005,0.39366031974170207
2021-01-20,-0.3089527896598821,-0.06230614804209293,1.5017316420443054,0.12348208904172817,0.6127614200334321,0.09690983834026574,0.1508687836114314,0.7835168993991711,1.0332611735946764,-0.025206357450518274
2021-01-21,-2.3177900013074604,-2.4677657335477576,-0.45102038977825987,-1.872383610375839,-0.35715471982996194,-1.243789280923151,-0.09697720780956937,-0.9161955246265095,-0.3996057641190528,-1.3199579808860078
2021-01-22,0.8240266412754804,0.8675724271106598,-0.3514895722775398,-0.15226477480939604,-1.056438207388644,-0.014828121417791352,-0.27601224708124483,-1.651646484655303,-0.4415197387472399,0.16172535102705016
2021-01-27,-1.158146462955468,0.040004448609348944,-2.886149088476686,-2.063700168980533,-0.39662698933014756,-0.5376220652635899,-0.16808171308823097,-2.957207820174323,-0.5970253268173022,-0.19588489166786363
2021-01-28,1.184504184764777,0.5517660319340167,0.8186282891834282,1.98443019923497,-1.652461082607102,1.8576018784414867,-0.397872411772094,-0.7554118544813797,-0.2611243397593499,0.5212432998424741
2021-01-29,0.22637130668263492,0.27709367663420986,-1.7053071760147758,-1.2368995756172403,-0.686582083809051,-1.132723948106324,-0.9715507207706319,-1.1967329991589037,0.24803439941532507,-0.5189571352355768
2021-02-01,-0.39357978513780245,-0.21177849378119393,1.0229940534032105,1.1613315300860816,1.305426144170835,0.6096239941510448,1.5619501962396947,3.452309697352715,0.5295671492484237,-0.1991525501377265
2021-02-02,0.7447412563350979,1.0747743318579663,1.0998732338242028,1.0798604913871865,0.9046980858547596,0.1502624012147618,1.6548751049105903,1.4849323763233342,-1.3142324348623506,1.0667633194965682
2021-02-03,0.6265112346477054,0.8964416293416118,-0.1736459100951018,-0.3461242121504131,-0.09163613039466854,-0.15284765857985894,1.0112631676285884,0.3036820552667505,-0.24176130937713694,-1.0902420202496583
2021-02-04,-0.3146810854048062,-0.5858022931042219,0.6781797679421366,0.44294188757195885,-0.5164111441494242,-0.40996354425222414,-1.2224528809019102,0.2894048994108708,-2.3309675269539554,-0.3355342633957457
2021-02-05,0.40563739098186163,0.7763065247190996,0.3283524578415107,0.7437269842264097,0.4588819819072283,0.9165015567989769,1.655568540626915,0.1185892788972929,1.0172860770859313,0.4256512666315225
2021-02-08,2.8066140062854736,0.04688950280708292,0.35766784014219577,0.27626942849895614,-0.11493844298616536,-0.8413111695347109,-0.5405058805084008,0.5815042905645988,0.6843067670673019,-0.9145726628384913
2021-02-09,0.01022954686312653,0.05150430790924804,0.0017265124238300467,0.41217636130554075,0.4817324503924833,-0.0456765216371574,-0.9737253242409529,0.027680933867731575,0.2464069996212173,0.7556236223224604
2021-02-10,-0.5464372967587782,-0.3155147423788288,-0.21378202326117993,-0.16526791619624653,1.253655023406629,-0.4212687419344829,0.09379523781640277,-0.15898361929537902,0.08499218499107433,-0.45500961020665537
2021-02-11,0.7490277583250831,0.1569922470885878,0.016361358125784344,-0.46555771838561766,0.2304965921216983,0.3284973958180306,0.08958307835963467,0.18886274464062194,-0.8796484059469514,-0.3101248536252467
2021-02-17,1.0640085448677752,0.37576307337549886,0.5191781358431756,0.18835700370078545,2.232281821326193,0.3816019823043522,0.5783283943872399,0.22376940807397286,-2.5437709554634793,0.7109191985710792
2021-02-18,-0.2490354876387721,0.49555993681162513,-0.8250432415169118,-0.9793381913050309,-1.1479125525168612,-0.33183806664401616,-0.39010719027118634,-0.7127335281566904,-0.096123251244331,-0.8647382170316052
2021-02-19,0.9434453524959295,-0.01786979674984304,-0.6153948472684954,0.20963863898152252,-0.10218142268399985,-0.2359830530810092,-1.7012664263865027,-1.0509955194226608,-0.1538726995290606,-1.1954042690828937
2021-02-22,-0.5454062660645126,-1.596571846928891,-1.1046432503502992,-0.6835987214376058,-0.772429785280194,-3.5748346923293814,-1.707883625046327,-1.8298336726205215,1.2877934375203663,-0.34421611743207436
2021-02-23,-1.6286600021252078,-1.974796784748676,-0.11682045486769009,-0.6802552975049639,0.5369258899676524,1.580930885265131,0.41864876131874573,-0.02021797714111694,-0.27995624088692045,-0.7003123291221266
2021-02-24,0.13010122080159933,0.3312146523940855,1.165455892574534,0.7707599911540983,-2.1297067647555137,-0.11333286912795267,-0.8121365494305202,1.3026089756611048,-0.5014634613411688,-0.44802903842773373
2021-02-25,-0.8521143563877159,-1.4454136359863763,-2.919612480388032,-2.5797493967675718,0.6909266920546951,-1.6764855230363331,0.07319825005315632,0.5325583456393069,-1.0726501677909674,0.11791179308737615
2021-02-26,-0.1817367518494788,-0.24795853637540516,0.37444968448533483,0.8301904305849838,-1.6428033440594736,0.5251205010466644,0.07837226743742262,-2.314593122550121,-1.408607553315945,4.922126898141271
2021-03-01,0.9929840811559281,1.037367636763884,2.388434218499342,2.3907337838072014,1.2440280702010909,0.8891303737060732,3.9671146411847222,1.4186922770928774,0.18331931117118616,1.7394093985296895
2021-03-02,-0.538379220492754,-0.8187694377508077,-0.8025424136341159,-0.11663357558036423,-0.9258875154957988,0.5984156807325177,-0.8055272368906408,0.3708452802337171,0.13947160174651185,-1.0984188577779737
2021-03-03,0.5436718410524338,0.6203631084722747,-0.9261391541528378,-0.503426114031762,1.4514308991388065,0.057936387152013165,0.13013180850298256,1.3798366840998504,-0.9872698230759875,-0.14898759816908766
2021-03-04,-0.813913364597029,-0.5103863506137868,-1.2835602589532893,-1.1247967394718676,-1.507608240107827,-0.1556881277590298,-0.39098358554983215,-1.1539768387830958,-1.2874090125001303,-1.5520086014125094
2021-03-05,0.06086863123480721,-0.15973598883653586,1.374667506215784,1.4826316646051436,-0.06986990334652342,1.5958327724254693,0.186415344931932,-0.4680040716977382,0.14177671921786442,0.8918453297882614
2021-03-08,0.9527662810271872,2.5518300850817535,-0.3554535936585359,0.03409997340221542,-1.0468664862657149,-1.7646576687515405,0.5078700121124061,0.014338636905303067,-1.0957389674538294,-0.02224433011746792
2021-03-09,0.7084633627636066,0.14326243389485005,1.0115930240211268,1.036336123386332,0.6027861095415276,1.761641353665339,1.3214533005933402,0.8090903575930041,2.1896245444410836,0.7178418152772428
2021-03-10,0.10417583715225802,-0.7285172339801897,-0.14870672853000733,-0.34240719612906545,-0.2407220225908347,-0.35684719439882895,-2.072081950084151,-0.268511789666057,-0.41071555600820786,-2.179173340770101
2021-03-12,0.23989471447594904,-0.35754196744389755,0.599377729598907,-0.21268150652194154,-0.5075824593982282,-1.6368528078805307,-0.20234682347051489,-0.9754385337259077,-0.28611460104631425,-0.4926918780249684
2021-03-15,-0.5726705834122638,0.03301142045229155,0.45573276310202404,0.0980044931149607,0.2495479681516784,-0.06878223331528552,0.4565507160354817,-0.5653092146973484,0.46142506229020624,0.13653987914982646
2021-03-16,0.11247947086434092,-0.04451457049999356,-0.3662206662489361,-0.6749027475363543,0.26935955681269325,0.4614055182267673,0.6905754025621231,-0.3731972463305862,-0.15765963042545045,-0.63773923985975
2021-03-17,0.5341939822115511,-0.002369484438348868,0.17211481792219865,0.3374453365171613,-0.004230638503347521,0.979970392403244,-0.3073691516747022,-1.1738145645605653,-0.23823328030830887,-0.01737794258449697
2021-03-18,-0.5417415724064145,-0.5387346459672381,-1.6877186257124057,-1.790210459263929,0.638150678324226,-1.155769130106993,-1.650570187872793,-1.2741521807498966,-0.038013572913583316,-0.8793786645288622
2021-03-19,0.12025810000265628,0.24343039028068886,0.29889361335485,1.406285536878922,-0.6696135300260273,0.5092261241370641,0.6857998343794108,1.4002788884976813,0.9257751265085737,1.452761050607727
2021-03-22,-1.6176814311417185,-1.3850950127825845,0.22046052592677629,-0.30062303879210583,-0.5431530059433144,-1.2244129356286924,0.6752220920267531,-0.40090519294846216,-0.5809881679285512,-1.017358881260677
2021-03-23,-0.07082148490192448,-0.26442086385550184,-0.8016391312436639,-0.8345178318279802,-1.0269310044048081,-0.6332844801039782,-0.3346684441619322,0.33751350910911687,-0.795462961150278,-0.1091407376682645
2021-03-24,-0.8070930400847381,-0.9415825413579791,-0.28201676001362386,0.6516733345270036,-1.2535756027507363,-0.25975916005527244,2.475910582118122,-1.3686333901140388,0.70767822751085,0.8896365952213884
2021-03-25,-0.5428544869983801,-0.11200647846697763,0.4950595321259758,0.05469051215137925,-0.017611607199929765,1.4968886438211317,0.3806687043626606,-1.3329430103814472,-0.44825801521323233,0.11086669549281034
2021-03-26,1.169277798875943,0.9494077970654361,1.6045485190485593,0.7807098400609322,1.0605997796337114,0.567712606250488,0.39408228592847633,0.926341014584298,0.3195828231601842,-0.15536096143917347
2021-03-30,1.226684322181455,1.246616564948654,-0.2836221413041384,-0.20318627298869935,0.7394788719797919,1.9215474959468055,-1.444669010648838,1.964900884592704,-2.6879610666868428,0.5233291880608298
2021-03-31,0.044627855158489015,0.6466410355800211,1.2346172704405949,1.419083715678921,0.1846118189372476,0.21028866091150522,1.9002788988659025,-0.12823233004416437,2.241796160249337,3.00678583681857
2021-04-01,-0.15600911606927576,0.2996926233084987,0.7175404559358161,0.8166133390112572,1.1590704894684025,-1.8373601885786965,0.38556056075102113,0.5984863360921191,0.26687327065529565,-0.852550256223593
2021-04-07,-1.185274168851561,-0.14664564995363064,1.7338097773831334,1.2854637150318613,-0.3920608358296499,0.6883954784029807,0.7753437752803906,-0.02322237981027265,0.8684521480647912,0.9592817584743665
2021-04-08,0.9249179012158943,1.088633465900876,1.3061267077904701,2.1417146111773158,1.7976355145619436,0.8723882023817299,2.5291786422533415,1.2722351754432577,1.6675884591650818,3.0854837257195973
2021-04-09,-0.13842355033725776,-0.27257727979913826,0.6801527491873389,-0.20260991162989342,-0.6829604638091095,-0.5645224199556143,-0.3255490161567867,-0.14011453820227313,-0.4788999445614621,0.3483196531748293
2021-04-12,0.4912147166622968,0.45449268174360535,0.10267599834879779,-0.15620436741040009,-0.43745789870802215,1.3707913691198836,0.3238922458611031,-2.9879571421799778,-0.3917849042174402,0.47290332557250403
2021-04-13,1.1895620804075968,1.2256771856524868,0.5119718202260184,0.5496119268733052,0.2861602826028049,0.6720829783164242,0.3233639420368861,1.065039761123816,0.9123929605207767,0.6986777047098136
2021-04-15,-0.2145925389705743,1.4917949523627323,0.5967671339415039,0.3052574691348894,0.6688487632223679,-0.14272916569210917,-0.02348907883587973,0.3192476548382363,0.8591172528475914,0.05929714683851124
2021-04-16,-0.8651067829393461,-0.8580018170525571,-0.14463967402136785,-0.07528352396085088,0.13028766572310962,-0.399159215303909,-0.5443322906805838,-0.1699665495678967,0.24205833389175674,-0.9322197730503009
2021-04-19,-2.4068657610572664,-2.2383636473945288,-0.9066185972342851,-1.4561825156977504,0.18914956787169762,-0.48277307493194205,0.28256431263428333,-1.5438581060761565,-0.693300307994467,-0.5320358904796546
2021-04-20,0.19719035232524046,1.0566670996698801,-0.38499405195619113,-0.4607640822921596,0.3088532662131008,-0.5591574815654842,-0.7990729025275228,-0.07234509534918888,0.6794120647436205,0.9301106655438522
2021-04-22,-1.6729954445272641,0.4450632563647699,0.7019980469732814,0.5802380301810818,-0.5247765187155196,0.2103781506970264,1.2964863043223296,1.0423445137340377,0.7623673034304812,1.6506791905320979
2021-04-23,-0.4340307526426889,-0.49314508429482884,0.6053259846881428,-0.13278267008301284,0.46156829576959496,-0.9467943244817987,0.2537537733964082,-0.7314316862089772,-0.66222690345094,-1.0213146522601375
2021-04-26,0.8528173687027005,0.9328469607474837,-0.26735821564302253,-0.11457193554043393,-0.6159213445143094,0.126787599701,-0.8712307393148359,0.46512351496507254,-0.21721666592893202,-0.6885960920018337
2021-04-27,0.20585964622349984,0.6355506194902591,-0.24715424858009064,-1.056497146837813,-0.1272051655641209,-1.0263529869221315,-0.8430198470920061,0.7882573465371835,-0.1897733495036207,-0.1971057118053375
2021-04-28,-0.26602155034566444,0.2945728102871015,-0.6675480101540492,0.8434122195104763,0.07909390328687056,0.6406450720345457,0.4840706080306751,0.8269517857286178,-0.6191106607741363,-0.7765321319702496
2021-04-29,-0.6710132653496532,-0.1670252202098149,0.2858668358476088,-2.140047907625215,0.32816817364828293,-1.7630896757185006,-0.4375107694396682,-0.20307523830758412,-0.6728448767804951,-0.8598453394684226
2021-04-30,1.3349930856173708,-0.1211248595925839,-1.5258284381388272,-1.2345518405625344,-1.9419457425394175,-0.7385145685418428,-0.6947757167079865,-1.8758658822544394,-0.3711390729290551,-0.6863008424305299
2021-05-03,-0.32380494208915517,3.68030695035341,0.19339303037183742,0.49606150468182075,-0.963078170572575,1.0522346246992516,0.7304596673561253,-0.06381500093612986,1.252305259709953,-0.06906066872999714
2021-05-04,-1.6163965485701466,-0.906348814218947,-1.4419098876785559,-0.480941441547408,0.2260960612762358,-0.8972835917763297,-0.2136264102255386,-1.1419684268907666,-1.2304966404621076,-0.8971432830062213
2021-05-05,1.2553728489377156,0.9259836743333589,-0.12378132828413989,0.7349839085233508,-0.43591184884388745,0.7486645211984466,0.9111554503254676,0.5507138365315413,0.3029746838219215,-0.22968729470713803
2021-05-06,-0.45046139828892745,-0.2669489626783712,0.9174466456673186,-0.389308504276079,0.5964373395037977,-0.7584408699252885,-0.8883688743320232,0.5714806415412257,1.631961126765777,0.03998447908211773
2021-05-07,0.1453661727714434,-0.21051918135359318,0.468530701861355,-0.2916613701107271,-0.3074296720209542,-0.053521008667727625,-0.4035883024913641,0.289485265021739,0.48364614438484416,-0.7034042175022421
2021-05-10,-0.7346106076893079,1.618563722801624,-2.0153039496447147,-1.6325891523272096,-0.4459776042944176,-0.7495568062852078,-0.02874544867152549,0.24926015156286918,-0.15166290881823472,-1.2388708655693026
2021-05-11,0.22380941271610427,0.6278713871937898,-0.6936252269700376,-0.36463031034500604,-1.4455773748124712,0.43453512375616954,-0.49780653361970983,-0.40315990370751686,0.12097970618292776,0.738404087362389
2021-05-12,-3.0981460619390715,-1.5505982908446925,-2.547643756524181,-1.1385083452894087,0.4607066545450907,-1.6778650318964798,-0.8865092777946041,-1.3046933417330313,-0.9392056703132461,-0.49181599116588426
2021-05-14,0.15131931222919578,0.8820019979196193,2.050590308493981,2.1618404936301157,-0.5084403075548175,1.855251727225389,1.1805578022119023,-0.11166697740477775,0.833459085750829,0.2374427765290463
2021-05-17,-2.3581517194259907,-3.1676528362326617,-0.3537108767008315,-0.13165568350623458,0.254859848799744,-0.09853195715446196,-0.7542664882884568,1.3703442475762808,1.2576067472446066,-0.6850409846279941
2021-05-18,-0.28282586773707075,0.20798719800050905,-0.6399032362217488,-0.24923740905733982,1.0707728484551988,-0.025237668659299425,0.7197378255959632,1.104080396945271,-0.06767987722998284,-0.06534327699041487
2021-05-20,-0.825641816616978,-2.323666274723426,0.4225219355266669,0.6935165023475447,-0.4766897948225029,0.15709512969294823,0.004128001934310344,-1.4487690213830073,0.5874552085452248,-0.2245563651743546
2021-05-21,-1.4241713035142136,-1.4886176209829907,-0.33379325172432894,-0.9850012249017531,-0.2434235289624997,-0.5410966662965165,-0.7742021990263985,1.3142594300980637,-0.6104493122337906,-0.8998323338821308
2021-05-25,0.30197520181050025,0.9339518321481396,0.34824826128036374,-0.18915193608511122,1.051206734428235,0.3759633694341262,1.3221594683227569,-0.11302067277723872,0.7965613687179476,-0.835586586042206
2021-05-26,0.25469948560142813,0.5435968813392168,0.04630009275769078,1.0927474683849252,0.6030201381573509,0.5144159711782805,-0.3775986249914429,0.4451062351308584,0.04666278005729361,-0.16370313515082505
2021-05-27,-0.43874047965522156,-0.6625464983855425,-0.14691500848427044,0.5319859892324064,-0.3111497760765388,-0.21726208377207065,0.06386300537896904,-0.03557174928299038,-0.5627731923498085,-0.6306222743918534
2021-05-28,-1.2300789424881118,-1.3692276773704581,0.0010124298958335653,-0.11774957207300725,-0.012679345940681316,-0.3092051460309387,1.311605827462021,0.5684606948718213,0.30364558109239015,0.026945020852100918
2021-06-01,0.3028175263086519,0.740231621646594,-0.4440528119923077,0.30748637663038236,0.7122649209272892,0.8330720044244844,-0.8223197960906418,0.5600942506717055,-0.33948088130000564,-0.9754257259311903
2021-06-02,0.3830450664842954,0.2394948362343783,0.6400955287641493,0.6700542196155154,-0.11068958998114556,0.08629727678950426,1.5418817786174466,0.45209866498406887,0.7100262565594999,1.7673828577108481
2021-06-04,-0.3363516826671052,-0.14208072019760223,0.8016027293526454,1.0710958708175047,-0.9070527123185906,-0.568233850193438,2.6582188326631893,0.8517051765910911,-0.794989857524025,0.8269395073201634
2021-06-07,-1.7125565572640395,-0.5360946619374833,-0.4209300544914314,-0.525762346433619,-0.554707713904692,-0.2758339679757676,-1.2958354617709258,0.26248934251184597,0.11570171436137083,-0.6381379334843839
2021-06-08,-0.13313805080436844,-0.4457033376408398,-0.2614507339303954,0.10555953737156487,-0.13405942465478465,-0.6644854918296561,-0.11581080837298413,-0.3629380510750913,-0.48995361360901996,-0.49141086539126333
2021-06-09,1.7482315277592555,0.34154460971738937,-0.059898083563636725,0.12231665890500126,0.058591457527015146,0.0073648111615030164,0.1877793620441948,-0.6492701686095491,0.22273367108820286,0.7670137586936738
2021-06-10,-0.332081767225,-0.7662484031828907,0.528507633021888,0.34684566934424377,-0.027003679926581408,0.3934327955891643,0.567017950237968,0.6959100547342351,-0.009612143555612417,0.02085595699437318
2021-06-11,0.19803438810183652,-0.7112136648296469,0.19483199247554303,0.3888588654459296,0.31527240780443233,-0.4950411732981323,-0.0434680418746956,0.4066142565060165,-1.0336947748419112,0.10671176094434384
2021-06-15,1.2402077085691834,1.2362121693133628,0.17160687795595103,1.5075370447583365,-0.42353023710391163,0.5115006931073701,1.651206758000041,0.7279359562785631,-1.1645601100438687,0.8435230918508199
2021-06-16,-0.8716892599687942,-1.3064259413346055,-0.620961741706056,0.6946898842425943,-0.4326770877617775,-0.600685821769547,0.6543538551802158,-0.6709519324678932,0.44969336360677337,0.8221908350065896
2021-06-17,-0.0960374619704778,-0.0020858745374884207,0.7846567244131514,1.181771184157579,0.9055043229401566,-0.13323962294994068,1.1957766309504425,0.08643107602054924,-4.429426652997226,2.47980310422902
2021-06-18,-1.000325445079534,-0.8106688909639266,-1.24996164151987,0.4401957930601439,1.191268246012233,-0.14007917491185232,1.490563963949456,0.5751728134734524,0.13736061219981252,1.870722251657317
2021-06-21,-2.1145155122494286,-2.2834334288630216,1.5901204212161477,1.7662247217485476,-1.031383803221205,1.6912928785357326,-1.220334002546315,0.2059666230987044,0.4322413430314908,-0.4880868000846194
2021-06-22,0.3133979799842103,-0.1722908603549137,0.4875931579002006,-0.48908482986342205,-0.5321030400708299,-1.593380993328003,1.008140462504429,0.07255606623189313,-0.2931504865139797,-0.07627550076700565
2021-06-23,0.5306326946127127,0.6478088000111591,0.07637486456517328,-0.4761062289562461,1.6150242070217908,-0.8721326180900929,-0.5613414637469673,-0.5522829910032435,0.4355425977314837,0.8131917220680668
2021-06-24,0.3403304426711284,-0.11747559000680634,0.48719466247430887,0.05408802058398815,0.04077785523920413,0.5660577064269575,-0.6614949470933574,0.6422567514954413,-0.4530337965158114,-0.4180268647435675
2021-06-25,-1.5503803225779575,-1.2744067960222367,0.21650847347180852,0.14429310101268658,0.9499072743653664,-2.178484038363102,0.2781637414048972,0.38379877611193075,-0.06546133682086533,-0.2999397866066238
2021-06-28,1.2286369505648453,1.6145611911283742,0.23335044180520711,-0.8623943837961274,-0.07434169556767041,0.08603971261265335,-0.13754052007710174,-0.5394628911077269,0.12402934168989774,0.0613818574131434
2021-06-29,0.5552091231331002,0.3716713777462718,0.039695957890505104,0.6731232413906126,-0.6677558595231935,0.07917028560097313,0.3829610617678811,-0.6399575213074639,-0.8176666555421931,0.3039544700869024
2021-06-30,-0.42500364605615615,0.5312198133221282,0.05717526627548192,0.5653787978957803,-0.466670774392552,0.07717294361130064,0.9313664188288271,-0.40752270568524934,0.36329749838692726,-0.03806830176529918
2021-07-02,-0.5385157972269125,-0.7683019760574512,2.4091894193405774,1.2537563148406619,-1.151605931580798,1.9284511661667838,0.9639866307323495,0.3818360371904832,0.8853674358648158,1.2807577397757852
2021-07-06,0.04095567783632111,0.8592027750219643,-0.7110802290802521,-0.9498234874677679,-0.8793974943278282,-1.0365393221004033,-2.0417056399984737,0.3137229492837918,0.22788781404779812,-1.1999902781032623
2021-07-07,-0.16034224065591932,-0.08164685076512035,0.9844178445324425,1.7231913470212838,0.12024197804649671,2.7350492270432194,2.095998026012937,1.3897134116566598,0.9360141150695617,2.1551305559027383
2021-07-08,-0.5729143094649715,-1.281189841370144,-1.0277380304963635,-0.9142935911309631,-2.2158608900841283,-0.3475070801152578,0.3903795152111762,-1.4555468286316506,-0.08517759331137484,0.20897010693816231
2021-07-12,-0.003929533738934652,-0.6905796248881916,1.0423468833695464,0.09343653474449035,0.5638248935076573,0.9861828321649279,-0.58752022047263,-1.0620186085982457,-0.1746691904348585,-1.5574697657015397
2021-07-13,-0.32084375554292216,-0.7477086723947272,-0.4277855014001849,0.307484761035705,1.1183668333011298,-0.727064907215536,0.16769909975500782,0.9826209910229228,0.22146044189875155,0.17691020673967517
2021-07-14,0.020792298475878653,0.2959395196378108,0.19779552931737515,0.0388665804118598,-0.33783954080474726,0.021060859376647065,0.9650733185891874,0.4227246698034693,0.9299156576757635,0.4788029050981475
2021-07-15,-0.7730136367473982,-0.7442904032607885,-0.8414698948068146,-0.1941730131803204,0.3214451384069424,-1.7887109142969349,-0.9981415472852404,0.1147561158288685,-0.0969909278446993,-0.9244325681306833
2021-07-16,-0.2906287180070739,-0.32623697263405366,-0.9398759677517252,-0.45179136079897547,0.08286956981707763,-0.23997010128844803,1.0065872080769438,-0.023786819790895395,-0.7598408309516764,0.2671869624694556
2021-07-19,-0.4577674425583929,-0.5946083917563793,-1.8955112129735936,-1.3185732659663485,-1.2876827312942998,-0.6683104398647773,-0.28147960983982734,-1.5183860432391076,-0.26417103718954515,0.4036061732917375
2021-07-20,-0.6884289861262074,-0.285823206541095,1.889676274014003,3.087917699676292,-0.24505240232487083,2.313723057748922,0.7192158576825143,-0.5116668138182887,0.5689893632709301,1.7228248170024825
2021-07-22,1.4960775748523238,1.7193286105839642,0.15143896742864066,-1.0919557347767008,0.6918382626516258,-0.8093091687329851,0.913128674947428,0.5190424693208056,-1.1947248369232333,-2.5924665218268252
2021-07-23,0.7065766709202105,0.5970524553472739,0.832848069119383,0.30093582402886165,-1.0945158716512915,-0.4002727295407056,-0.2589855397664718,0.16344593579903566,-0.25110554093239756,0.007278968157346458
2021-07-26,2.107374907712599,0.6330384091257478,0.11931644265231947,-0.11223256240313262,-3.068011769479153,0.3525327346758169,0.1626074453414297,-0.4319888957157834,-0.2237791851171278,-0.05223735165030263
2021-07-27,0.8637246367530343,0.2875071686653976,-0.7801852107234745,-0.4025858878714756,-2.413542820245798,-1.0838254599522843,0.0124557218385776,-1.169015901673647,-0.24350712177651668,-0.7047077801519496
2021-07-28,0.24019018683770793,-0.09035904565864904,0.16699798751723338,0.9405850002374809,0.8703478591285018,0.8133733004358652,-0.1312485072483151,-0.06454189347483759,0.24567155182628753,0.8616152536751165
2021-07-29,-0.11098640283439369,0.4366573457445493,0.1799273153543719,-0.36178301716936884,1.464891610047503,-1.0501736117200071,0.23351957409263396,0.2743885230945959,1.6808739454213035,-0.5218480773725812
2021-07-30,0.9383964543550989,0.43037626747949387,-0.9538964910200254,-0.9761186765151428,-0.7770861565776402,-2.389536809995521,-0.8566235569068681,-0.5583912216513685,-1.2951132385581923,-0.6475659697912871
2021-08-03,-2.0717348404863243,0.12621294602234479,0.7258618268671692,0.9259634947720906,0.4989664358081358,1.7371579688056107,1.8595727347608728,3.4338004644250315,-0.08908491292776473,0.3173871948503992
2021-08-04,0.6084047474293778,1.3331579150287203,-0.8362220708119422,-0.1262279720035292,0.37832138621240013,-0.636071176827624,-0.2855817118347783,0.5509761178590726,-0.19770864341159533,-0.5876220746064476
2021-08-05,0.4073995057199684,0.487336094779477,0.5302351024488617,0.271488222988728,-0.47905392462544844,-0.4178993619514088,0.2630854618194948,0.0796700624386574,-0.4104498816899825,-0.1866344391658124
2021-08-06,0.7441625634586799,0.22090068435297217,-0.08559298165279633,-0.04536402775377312,-0.12617869557251643,1.1575241921030766,-0.055377704841462844,-0.6588482564826136,-2.8449970360287833,-0.5446320935582085
2021-08-09,1.4960263173756445,1.6004056882392268,0.4537390818334491,1.1221791938359749,0.5703677469367934,0.19482726166410058,1.5796302620067473,0.6518656910315458,-1.3726966719254794,2.014961222518819
2021-08-10,-0.39444591480168484,-0.2952859724949276,-0.048222753970338324,0.2792412215837714,0.7220898345273804,-0.42558188959835896,0.3972586408041718,-0.005040353701997389,0.19523964245187136,-0.15818101966044268
2021-08-11,-0.09391560306821524,-0.031716508575716,-0.021577403446906247,-0.300362255624043,0.07460273120380118,-0.5934951579866834,0.06528686580243756,-0.1606235469404042,0.9942863348903197,-0.18925019902874488
2021-08-12,-0.6671160692011119,-0.9427675264875967,-0.19724595601030417,-0.9874298606683144,-0.6550352189150077,-0.5992970368622732,-0.906939473346631,-0.06118568362060467,-0.49605073572617603,-1.6654915686964051
2021-08-13,1.3531580159645697,1.4760750028697105,0.40906738991638003,0.3350589957019647,-0.1517639885485318,0.6696202785890532,1.3092105527639029,1.4389317767717893,1.4538887328454986,0.6808921800536332
2021-08-16,-0.8113962222552995,-1.0514114430851143,0.15625734026045052,-0.39505258980933955,-0.5821335336592169,-1.0995615851101839,-1.1029519148655376,0.04811437135861812,0.46372968645863494,-0.24351395011215052
2021-08-17,-0.6524629857207662,-0.9597316684498152,-1.4670356133764904,-0.4180453064040588,-1.224820345367066,-0.5940773605714356,-0.7943114880140311,0.11774919019669129,-0.23537517160480217,-0.4372311498286394
2021-08-18,0.012824366456283404,-0.05969798104872013,-1.2236300298895357,0.5768088643193627,0.5894381454589571,-0.1112817944053483,1.4782508366109206,-0.09782347320512691,0.05861472306503503,1.097226846986015
2021-08-20,1.8297032679424408,1.377186637722865,1.211419282085151,2.5388216670926433,-2.7185216082879617,2.062988131604098,1.114171916222688,-0.9984981809190859,0.0001962070782560266,0.273176654719225
2021-08-23,-0.046760577599591825,-0.007422845780419221,0.7081026167536028,0.41127699265366846,0.4917752317268422,-0.7790768576667172,0.3093176105153212,0.0020407942229975803,0.9609693387021726,-0.6964140166957871
2021-08-24,-0.8531316138937938,-1.00318358240959,-0.2685443562489791,-1.4078437299773097,1.256281298290171,1.1057848768999785,-1.1599097558895306,0.5563312421636739,-0.1762311144864077,-1.0591010272701136
2021-08-25,0.4066368336532289,0.1523576616567105,0.2267565096034287,-0.22654292740327545,-0.07334677152585467,-1.14978999643433,-0.12522321718234847,0.008622248105242704,-0.9398230257536975,0.15764346503183588
2021-08-26,-0.925674102981195,-0.8822653718933687,-1.0233178770275422,-0.5911394477633801,-0.714385146155993,-1.4192438483980685,-1.0836035564643818,-0.2203629295106752,0.10612231860057213,-0.2838314629855256
2021-08-27,0.7770617507547531,0.8416239486971121,1.127538394427062,1.6130260452295047,0.05726022146195415,1.3019513087584103,0.6001720645151776,0.5564098419512988,1.3561008413337376,0.26336299334682256
2021-08-30,-1.09097592755995,-0.5793922552427729,-0.7102190771577446,-1.6944741456487447,-0.23569446083233556,-1.4338694483879741,-1.9168186490085357,0.507526293705742,-1.3043210140907275,-3.8208900590866666
2021-08-31,-0.06951469942171451,1.000267225574729,-0.4470149386294473,-0.19493096265499507,0.7936166684040477,-0.7175522622684881,0.6476519374985055,1.4339051110133272,0.14965371721973073,-0.37342808696059254
2021-09-01,0.49300477587131164,1.793591042207427,-0.8370176855798244,-0.029193585835974332,-0.07299574243729359,-0.40794410970835854,-1.096080876220105,-1.408634312537007,-0.6884395074317492,-1.7718356273011837
2021-09-02,0.09831985244156885,-0.3525394229963587,0.22360487137544052,0.5015735017045431,0.14334972113221708,-0.9221371295248117,-1.312945395052788,1.0520298523414273,-0.29779971738014827,-0.06466165837403146
2021-09-03,0.21554305038729182,0.5517427970004841,-0.05015209807434649,-0.3997074730214132,-0.5022227904798323,0.10509272149040567,0.17173304790179425,0.6504757445219793,1.2394542298732192,0.26198382192549025
2021-09-08,-1.8074244365762566,-2.237869650884669,-0.1593275997535274,0.8884783810408164,1.539415248104705,-1.6191916884028976,0.5098973888628047,0.6819163118554735,-1.7348904659322848,1.3904066495689955
2021-09-09,0.1455644406023667,-0.3730163758713807,-0.025950927741875598,0.7869436739448402,-1.2149085248795883,2.7201449260341604,-1.1352882252928052,0.6880254503006406,0.7740698662032961,1.5856283217446279
2021-09-13,-0.8228850498989009,-0.8962337932978109,-1.5609028832729577,-0.8032759494191442,0.03449685432537442,-0.43159941557248466,0.3549750529962835,-0.7420031477676996,-0.6422848448856917,-1.0397724111753661
2021-09-14,0.8777192695546824,0.5796603040839464,-0.8752309947101653,-0.9371731534761403,-0.8121016449922884,-0.42350046861305884,0.2310975605218301,0.06899681099017706,0.6220603611301938,0.03878699764276083
2021-09-15,0.4104702797554858,0.7816217221136865,1.198327924791422,1.2721501745910997,-1.1835813750032533,-0.19281626111870054,0.5897346255010717,1.1573191283344642,-0.5447182521198424,0.41000321788337435
2021-09-16,-0.34138060224407096,-0.40272501253326337,-0.6745304410291795,-1.4269604053513725,-1.1756025681407893,-0.9037850679086181,-0.04376265604771207,0.2965925853054762,-2.3364069833941272,-0.8956005052704761
2021-09-17,-0.3068967921101843,-0.9862950641070272,-1.0628232095444152,0.08853282147831319,0.8150190218048342,-0.664859678243738,0.10047347970379414,-0.26960732011405847,-0.13864086810352255,0.4965558395162991
2021-09-20,-2.3102774348169444,-2.5376175174405344,-1.990546529020413,-0.913541940688446,-2.1293343937577074,-0.8318925573697565,-1.7874202582954504,-1.432967696435234,0.7223390063069889,0.5259533181522283
2021-09-21,-1.1034290285345154,-1.1468465388599096,-0.21677901444342126,0.6948764306310693,0.31586314481170213,0.9438518516792228,0.39733772527199507,1.036571355673508,0.6157805727715434,-0.1895017464503914
2021-09-23,1.8716115229083468,1.9014467923547145,2.5065345250129663,1.3003567238694247,0.907238034784752,1.5533718327297326,2.177340425975313,2.153461536960415,-1.2055286026148164,0.9357763885522989
2021-09-24,-0.9097978021874743,-1.1290685566661938,0.004657649149395299,-1.3783978062547564,-0.834475629671709,-0.27005244998438377,-1.3820253925016928,0.0027954018801203007,0.021045260063524637,-0.18872832250509564
2021-09-27,-0.3331216876375889,-0.09837699129604886,-0.34356899633034915,0.11576150091751942,0.03309384762890427,0.42786911510260106,1.009573735387113,-0.16993256311805024,-0.056229441340679226,-0.1587645499424824
2021-09-28,-0.6000273081254471,-0.732009055075129,-1.9263995051337846,-1.6762984720932674,0.7814063632435153,-1.1444734600287754,-1.6995376266962416,-0.8475462465897325,-0.7776048597436662,0.025984557938965324
2021-09-29,0.24516800377035686,0.1910185037725381,0.3962055311873707,0.6694490851639554,0.7517808618512729,1.0439700605024071,-0.13043333992093162,0.15635416727098123,-0.3828723814813205,1.6469025254279268
2021-09-30,0.9629843333051419,0.6750687986094006,-0.8624629195025281,0.3258294049233533,-0.07280953539174784,-0.11329586243002487,2.984916538597617,-0.5421887015151295,2.017293262362087,0.7037315206512607
2021-10-04,2.072760138559763,1.6490906127370655,-0.3908349072572057,-1.3968914961613603,-1.690796043789564,-0.9175293151692339,-2.0240704868576094,0.08790146339771199,0.2985718496353669,-0.8469154517016049
2021-10-05,0.8289767780550232,0.5442337453763586,1.3385408480931587,0.852346131765638,0.5725807808210968,1.171064085565697,-0.04032121611812862,1.5740142138832518,0.12928029567598717,1.9751725595186382
2021-10-06,1.1516537784830179,0.136872808057367,0.2535538195625757,-0.06168240141778259,-0.39598674435977615,0.22793971050549627,-0.5218827614026447,-1.3852039067931459,-0.0075805796380588805,-0.08074158968016044
2021-10-07,-0.5212349205627536,-0.05156767187228373,0.8851660313950037,1.424528933343769,2.256901811848735,0.2879773535948552,0.949910872277131,1.1238983101468134,0.06528299550957495,0.8419143208429549
2021-10-08,-0.01677286559353023,-0.21914875815593166,-0.16831093589252585,-0.2470012875457752,0.369751456084817,1.4257100576517923,0.41868810667329986,0.6437508320255975,-0.04270950901607795,0.27312950967937044
2021-10-18,2.4602716507399243,0.7294761596949865,2.199586172235807,1.6144114564111993,1.4806761946255982,0.2754584102650591,-0.3604703951204383,3.873681621176445,0.6646529442568112,0.7750182926543392
2021-10-19,0.5035523717262468,0.4725730001120123,0.7116444343275764,0.6735621989663664,1.028081261301492,-1.2282704732782475,0.2956786648184792,-0.10851111506186682,0.5336643599335298,1.0341499650528503
2021-10-20,0.30716791444628067,1.0041991628637497,0.08865297439413482,0.12816975237666753,0.6734091948572634,0.6642500938882208,-0.4081352165460423,-0.9062622212653507,0.6137202450814555,-0.5919021210051172
2021-10-21,-1.1083940724410573,-0.6276317124972558,-0.18231893427863172,-0.6121947541251542,-0.5349838263097958,-1.7536437812737538,-0.8514234657613607,-0.8468987273056329,-0.6411786406763834,-1.5463245238900396
2021-10-22,-0.4661235971193741,-0.4882176537390688,-0.11988414605545895,0.4584604354611791,0.313353246709395,-0.13360586804698163,0.7283557869527412,-0.333014586940564,0.8468480844762347,0.21397854701070465
2021-10-25,0.5676987869000971,0.9454074186312769,0.5400048595483216,0.5236628248849645,0.09672418503874729,1.2380964538094217,0.42345478925026875,0.09327868967959942,0.7184487553224144,0.5624289956088738
2021-10-26,-0.7981578980538928,-0.48797716607656705,0.2175656423333026,-0.4518579319032829,-0.14578896936199665,-2.093809387112925,-0.14183309464316182,0.7295010549414109,-0.6821693696074255,0.41797389767698967
2021-10-27,-0.672954804003099,-1.088061262018219,-0.96597556976069,-1.545872432852974,-1.2764357941220328,-0.1012917722440014,-0.47848290373492985,-0.6682104314537488,-0.03138596554121877,-1.055704999006074
2021-10-28,0.5745874606781535,1.4347970880034946,1.1938483952538095,1.2512517136731727,-0.02920771842605488,-0.5304783516812137,0.13237520276729134,-1.8102982044423948,0.3872675978103434,0.7525952320023847
2021-10-29,0.31432344858345307,0.3002021947521941,-0.2527671013400734,-1.3704781843928147,-0.727955357353143,-0.29001406993138446,-2.2567577477455734,-1.3216136786001789,-1.520401548608561,-1.3261604560438407
2021-11-01,-0.42756278416628607,-0.47882203296887144,0.2818414578075462,1.3599133498685005,-0.477822759398707,1.0395129314939289,0.9563582191512306,1.2893100788520406,0.8090090691384246,0.5972675426214566
2021-11-03,0.4491723588307577,0.9349266300099475,0.7286189373274167,-0.04146892285668911,-0.5693918513034133,0.27858095904611047,1.0282416413052184,-0.8060818433826615,-2.12808964528967,-1.134535898393953
2021-11-04,-0.6469595336477175,-0.49273573149817995,-0.06658641379533352,-0.2916416792854646,0.33391409947383244,-2.7180489337090608,-0.2859678992296327,0.0028767674317474925,1.1163627951109705,-1.4211344536555268
2021-11-08,1.7136382547550677,0.8637817311002827,0.03804793797337945,1.2809737030795665,-1.6255849498333077,0.35974497144392564,0.9591469065644072,0.35570628899611334,1.3583564950808498,-1.215543829374619
2021-11-09,-0.32690453986647483,-0.521109439618529,-1.0956519676916756,-0.30621804386588464,-0.07012826958072636,0.16725200216435454,-0.8508677124846185,-0.5775106740413449,-0.23216140196986834,-1.3276273035748984
2021-11-10,-0.6014557274562224,-0.48912203424872314,-0.7393448338748293,-0.3907002670468328,0.7982228351320807,-0.23928102077011193,0.7194015385864243,0.07761800881462506,1.1063788375192576,1.1486312531242266
2021-11-11,-0.0533766913288191,0.2839996502800773,0.34167477947101965,1.3884383703693692,0.9591305324190863,1.1196360556871998,0.3111122169152903,-0.610928529081566,0.9669502039429454,1.0084707447068797
2021-11-12,-0.3722993436159509,-0.45047382480789155,0.6823359654693227,1.5700811974934785,0.15577001370847082,-1.6888714586427698,1.3028432583050689,1.0858953415788994,0.07261929726163809,-0.4108264924654932
2021-11-16,-1.4014057055822258,-2.1662184054641087,0.5902781535314409,-0.6755243638079265,1.2013645646881361,-0.2726234304431034,-0.8814516111676761,-0.5515213224023461,-0.6138585631082429,0.48912358418381424
2021-11-17,-0.02340938887318756,0.16072099395333989,-0.4564567241455327,0.09413678428238484,-0.17069265625402016,-0.3588319140613775,-0.06445108232585044,-0.6795343666409684,0.7755515649155292,0.0732323276125357
2021-11-18,-1.3530511731795525,-1.4703266687072267,-0.0432900316229333,-0.029905525599557434,-1.1381209444890439,-0.1308720766419833,0.31545035165719926,-1.219615769843261,-0.7376437970782423,-1.0264210626830133
2021-11-22,-0.3100815318092105,0.2540876045237303,-0.7464132043157626,-0.7532086145207416,-0.9909712647641924,0.6089145344792745,0.21625109201530512,-2.1345033332099206,-2.8157228182774303,0.17371477585422684
2021-11-23,0.39648381959229423,0.9732844612022965,0.34865015363708046,0.750537742165003,-0.738350932798837,0.6471212028328813,1.0538023626197173,0.5120127919873786,-0.8810571773016465,0.6110470893572071
2021-11-24,-0.5691000964712514,-0.5665461817431204,0.23013002493360346,0.2470353848321105,0.1514955854857105,0.2936742098990988,-0.05783754696829073,-0.5564221189811938,0.008131026974051086,0.047618043827958534
2021-11-26,-1.1388182487198766,-1.0637876559226385,-3.626626435116996,-2.519902450668857,-1.7445064993206538,-1.3358158508787732,-0.9571730930084399,-2.225455639387678,0.08139627540543562,0.27428339398202806
2021-11-29,1.6351073991615743,1.758834941316359,1.6629422062274053,1.047303435147544,-0.18994482630050566,1.1055028895648158,0.5574197733621996,0.5831920876806472,0.356052582632476,2.6048440505564927
2021-11-30,-0.34767914604691025,0.5799329762070814,-1.5095737276935084,-1.9316233289437685,-1.020965075390728,-0.5481159515882191,0.296382178939197,-0.3628461795119591,-0.38161495566645726,0.29661212842280665
2021-12-01,-0.016989537524717196,-0.3109002562862779,-0.9226076380358443,-0.5276115342299245,0.5290749211290123,-0.4780207793222432,0.0018224836370465348,0.8764066881494731,0.3549116622249395,-0.0654710366086956
2021-12-02,-0.38457071894328065,-0.4502589874371516,0.9224587026299869,1.31332019994928,0.3325079766970858,2.8254230033966516,0.05087680916517427,1.1076168819574435,-1.1627608414419406,-0.2121025160625296
2021-12-03,-1.236227012692189,-1.37233625830956,-0.7238806470532877,-0.5046178812346732,-0.10708110272213175,-0.1944362148439316,0.5093330262564594,-1.211051271260024,1.001074610948548,-0.22623730025628422
2021-12-06,-1.2370741983406766,0.48939433520050973,1.070182658573517,1.14290935609017,-1.0295375515813117,1.0917035660009728,1.578005030275183,-1.2768366256675436,0.029989029578552137,1.2837779585385143
2021-12-07,0.0006104133542850756,-0.2878637154579618,1.6217395416021814,0.9498311814479863,2.197700420028561,0.7655958902066482,0.77943330565276,1.4379954676972102,0.41361630363387336,0.7627327172295572
2021-12-08,-0.16893431477248513,0.38478491680578136,0.15339849774072037,-1.1160245910782007,0.03204381778206871,-0.47404504416622384,0.243671014644098,1.3347344609722545,0.01829387534329294,0.03619078515876387
2021-12-09,-1.3606580462481566,-1.5762126417659585,-0.6218787792973811,-0.6177986519921078,0.6865649531521885,-1.7450235112853552,-1.1329652361158253,0.10318271503423537,-0.5582529672272251,-0.19414985166869791
2021-12-10,-0.21747672877442847,-1.0388156591220485,0.8685098923821569,0.4511843192072516,-0.53363461975592,1.1913570070317492,0.21177794286920015,0.12415685222615983,0.692479298583983,1.1548023005633847
2021-12-13,-0.2916301086753134,-0.6895670191907795,-0.6790551594481833,-0.4629321340132935,0.006778612272521717,0.2074888930965246,0.23595955008851652,-0.695259019679356,0.28493245422933267,0.5523090888067371
2021-12-14,-0.11765208058258249,-0.2956003586152465,-0.5636926001047927,0.3147536561257701,-0.8121147007756524,0.4026405688015846,0.687065510403159,-0.18400040360102018,-0.7960554061724858,0.597744843794408
2021-12-15,1.0730298805770382,1.226485829409563,1.5485895770809033,1.3899714581239746,-0.4431854841413391,0.43546524776236706,-0.046808560114120976,-0.3966494507122374,-0.20078850473342624,1.2038215814461544
2021-12-16,-0.6261144121988712,-0.3558242879734223,-0.5881410751694186,-0.2119195443170618,0.35797629381465973,0.49961239923382,-1.2789482730820811,0.2666402781983118,2.139684932688927,0.8591974870477802
2021-12-17,-0.8285587745090928,-0.5486215618882906,-0.9654230399096639,-0.592458519191607,-0.9380425028233597,-0.5214349464713356,-0.09628321637772834,-1.7655616937435743,0.26670873422703384,-0.3195114518333039
2021-12-20,0.19338501948827894,0.08156066185875967,-1.1795521530894637,-0.34396424180062457,-1.602972096938714,-1.2847641438017812,0.5171445756015088,-2.3912888227786806,-0.7791230911754985,-1.0197218652861284
2021-12-21,0.8481895854487507,0.2142700058571445,1.050477664688145,2.101720003445925,0.4625603253453448,0.5148555871663725,0.7490018419749283,0.4106691515668107,-0.6643024564025306,-1.5189486774401215
2021-12-22,-0.2739954741748946,-0.3617991508182548,0.6344018751845032,0.4140128383571257,0.35082652271490267,-0.2060503759907197,-0.6177087293100794,0.7488347250748455,0.5930995858123772,-0.46710248747437033
2021-12-23,0.8891695728915194,0.42223941804774795,0.17770221883013693,-0.20728848279700346,0.06857514837425527,-1.3622641843437133,-1.1228929718011507,0.24522949851794135,0.17408935724492264,-1.3770022665997914
2021-12-29,-2.527171451590352,-2.9462245849055617,0.31855268338321313,-0.7645119117126191,-1.0597871921531807,-1.2831855468812308,0.484189843378848,-0.20186646575331704,-1.3300966596047852,-4.060273311292959
2021-12-30,0.18977603505219912,0.23231224401416278,-0.5965584757912707,-0.8323405770115893,-0.08798520164952976,0.98487154919699,-0.6536052293867126,-0.3630568489870738,0.1328754387431156,-0.7072483055217255
2022-01-04,-0.7115190727461874,0.2074834032253879,-0.014166989523482118,-0.8769348838006976,0.43787320124731177,-1.0963300660413544,1.9726916848847929,3.032936012117246,-0.1975483668356588,-0.6892662284229653
2022-01-05,-1.1572301750292997,-1.2918036021916943,-1.9854367381908198,-1.2975652764939503,-1.1625682670174375,-1.3778000987957992,-0.82961322500026,0.5478580843198313,0.7157806553261488,0.4978644918314764
2022-01-06,-0.30605421885440887,-0.8131605239781429,-0.2863099286403228,0.4226661368192197,0.4666964351806999,0.4890835510113717,-3.1049765917624064,-0.9604489743467048,-2.19986395652123,-0.4644723764151947
2022-01-07,-0.9003196085236831,-1.329782189111565,-0.47638176085426076,-0.2587867637361138,1.429628569616577,0.3768817284683145,2.0833349040396003,0.19911042439323517,0.36273727914470844,-0.07802485301149953
2022-01-10,0.013388326369181745,-0.7546187097168865,-0.42852624155129576,-1.1225359909406027,0.6154948156192573,-1.106159620316169,-0.49825598213465616,0.6180496406603602,-0.15464429562938406,-0.6910998313995456
2022-01-11,0.33596630558926804,0.6859764849749657,0.5509539309770934,0.863444260407409,-0.24444752867443428,1.1496987404189163,-1.0517872702045088,-0.08621325311233471,0.7415932010121653,-0.9902226053126513
2022-01-12,0.48140911408213716,0.5379547422978677,-0.14993141423420073,-0.5613739199783854,1.8333984726094426,-0.14279477037792287,-0.07296782343670467,0.38141595008728396,0.09351518410111896,-1.1196171828384012
2022-01-13,-0.8291822957375865,-0.800917167609622,-1.785028119130528,-1.3364763986110224,0.033115822110595085,-0.4943081044145419,-0.5418402070128548,0.11121891863969864,-0.3882132171871938,-0.09922225588329445
2022-01-14,0.2472497535301911,0.260779085265282,0.2217592817998562,0.588303013300317,0.004121797312663681,0.8362405324987753,-0.8507477234723616,0.11238742317316255,-0.06953209889513333,0.7742199473573328
2022-01-18,-0.40773410124680837,-0.8946263339004957,-1.6364200676223626,0.01618266650125301,-0.5043135021499885,-0.15136661704443408,1.5674831428679852,-0.5182543936159937,0.10603483711148524,1.292973503727011
2022-01-19,-0.34179160523310576,-0.43934771323332583,-0.5235396702696837,-0.02791277100369128,0.44174786142954847,1.7062193077986623,-0.2231471176672198,-0.6133430626046488,2.207935084834123,1.623480587327111
2022-01-20,-0.8069803428995057,-0.7611936625009827,-1.3761120875150958,-1.084297142643547,2.3559556540557893,-0.9661281012429689,-0.5066774757803054,-1.4510095478741272,-0.2869556988915107,-0.7635644375419395
2022-01-21,-2.8828896300953764,-3.190315623525072,-1.779790972518455,-2.670260677823515,-0.004025331691154128,-0.3281779684017275,-2.316020550207116,-0.9065054133998898,-0.5921844648209996,-0.019420483277143283
2022-01-24,0.03135277142186607,-0.8142512583023465,0.11315975165172203,0.13074314935653011,-0.8463089296491159,-0.29792596252154535,-0.1440868867743279,-2.918916211773282,0.41834659559990683,-0.20948706142628934
2022-01-25,0.16542990128943189,0.05272657955399439,-0.8262109393958761,0.8200695202352274,-0.9198268819955813,1.702088879944034,-1.6678075413921798,0.7627727088126784,0.8342338117909134,1.0455868714583967
2022-01-27,0.10748373997090782,-0.25640467095704494,-0.3658194981575268,0.31583685069641854,-0.9787252211258874,0.8725195112229013,-0.9324046181178899,-0.5958411749962506,-2.9013533542233003,1.120691395107137
2022-01-28,0.4028622658967081,0.7853962216544216,2.502425268634358,2.0821538169944134,-0.40831584570091156,-0.5213682788223939,3.5611571336797425,0.23211761586845592,-0.07638694669199586,1.3941496131888447
2022-01-31,0.2896538340824708,0.7517429347370351,1.04460969815464,1.2698377542920456,0.6216232824412962,-0.14303204905693995,0.05410174206583058,0.9323161920565057,0.24226667685932543,-0.789691359972268
2022-02-04,1.5708613649004968,1.5487269929886724,-0.6272358297374704,-0.3069821405902589,1.8610743664242124,-1.3952209210195297,-0.3987353260973902,0.34371605020625445,0.06050399418830724,-1.8060346668863108
2022-02-07,1.1311345811341023,0.7253394074396566,-0.3180219892978994,0.2675336610931508,-0.022301863995333345,0.3395020503154008,0.6301621904201969,-1.706658142492666,0.638363739465105,-0.0394724779470736
2022-02-08,0.06193153839014056,-0.2050403387772253,0.5869750826230383,0.013689941314571909,-0.6191761238137325,-0.6530230973771629,0.31484778566133914,0.2022166534812342,0.2719268799379346,0.035776921578345784
2022-02-09,0.040041584614311565,0.5130367991315251,1.1206692752767857,1.4200743291776012,1.4207561387390681,0.07605324508286922,0.8027096994297334,0.9787980036621631,0.43377490782994027,0.1297575194857813
2022-02-10,-0.45762055076807223,-0.961895776320504,-1.3693912053994688,-0.43972705656662614,0.3266575441872109,0.28815230704970907,-0.013525633385612081,0.7799770118425753,0.14819451552452423,0.4888336286841691
2022-02-11,-0.49410723693779585,-0.7977981255335321,-0.7454200635307597,1.4658255113884362,0.6478270041621194,0.9241531132576415,0.17602918265028444,-0.41275357040594407,1.129618483967032,3.404633432896988
2022-02-14,-0.04850051967361935,-0.11845777068888665,-0.5461396054037938,-1.1993855324680232,-1.1002422562052454,-0.05941999489113549,0.29903872125664305,-3.3170652486962253,1.0937714634691649,-0.7312273685626783
2022-02-15,1.161927485810379,1.3998534174689161,1.5472111077280308,1.029876705866896,-0.2254661834821165,0.3168663354079333,0.10419385584626978,2.31646450405781,-0.2880109134027665,1.2004494919712807
2022-02-16,-0.5921339466891027,-0.5110026653282038,-0.48191024025572415,-1.1808480405287118,0.5485053252795019,-0.9629188331763713,0.14292649110407027,-0.5581939202989674,0.09204000135470732,-1.837029879955684
2022-02-17,-2.1392698438751094,-1.5823018727473304,-1.836095740568754,-1.235627392614477,0.07305312628846412,-1.4877299341954973,-0.6259044548693301,-0.22929908756087924,1.3622308573391402,-0.4631450028117894
2022-02-18,-0.34112371295533445,-0.6634947371438595,-0.49912739030470715,-0.6199263701043198,-1.3635795864950964,-0.012702027669509366,-0.8920611473142419,-0.14907232037114398,-0.13254213707414345,0.041772370805408035
2022-02-22,-1.2314381055780546,-1.1441104272203015,-1.267283572170138,-0.7571327882362746,-2.8419746370264134,-1.3967245828648926,-1.448477327344491,-1.2997383860175362,-0.3817716827410173,-1.944014354527916
2022-02-23,-0.6078191370818286,-0.39026758851447724,-1.185311730478666,-0.5532977770061144,0.420032123021463,-1.0847107881295677,0.1615972733711414,-0.07818996515367682,0.24631274146887158,0.31605423268694316
2022-02-24,0.536108189978035,-0.04877513177440814,0.922493240699641,-0.19738122898948116,-1.8303159382792027,-0.9255673631706564,-2.918924596206413,-3.5225504313747984,0.7949417923557052,0.008096428427896296
2022-02-25,0.6710475271422457,1.1786480302259894,2.07428625601725,3.437096260954605,0.26315409648869453,3.1421123648320886,1.777710957910689,1.7185020476299857,-1.0623900916896565,2.6224801458362763
2022-03-02,2.632776921989268,1.117898579338392,0.25760781695255897,0.3241550706341627,-0.6809828322604653,1.6721093568478398,0.660204582327156,0.05498195120704787,2.2618383109790465,1.0867334975772724
2022-03-03,-0.7478662155234959,-0.83605317957161,-0.4777123713890903,-0.6433339694990089,0.18425728590715454,-0.8134310537012941,-0.14919072096181973,-0.47397568167563475,0.3644782355849562,-0.5069415178518272
2022-03-04,-1.5430667026029543,-1.4320080655089118,-0.3261166377713356,0.9154078753978957,-1.2826706370156047,-0.8766852535470269,-0.7011304184138986,-0.663487112254819,1.6754099899346446,0.7238217714991261
2022-03-07,-0.43544352384524976,-0.7662616052564859,-1.5928837125249933,0.41435500396476266,-1.8942191356340903,-0.7251810052998753,-0.9619677188184604,-0.950667551795156,1.7709586663537173,1.506276409636335
2022-03-08,0.42320694781968465,0.575159210192097,0.041453188694605854,0.9875068450711907,-0.23876422192196448,0.8079134963463122,0.8132296569091311,0.9427179040440938,2.4614232903208437,1.8037858650896694
2022-03-09,1.4239055943442949,0.8577489531824273,1.4802946815499993,1.4076171589141895,-0.47168048906304,0.6275732240211377,1.447737327514328,0.9714476146106463,-2.076345027450561,-0.45898506412823636
2022-03-10,-1.3859640704734606,-1.0746512692484604,-0.9181658369546981,-1.0978846820904018,0.16902159860807328,-1.2708999864687265,-0.5126881286704162,0.23091678904421267,-0.3034860335063309,-2.099226433631263
2022-03-11,-0.30515780006368604,-0.3853475241432402,-0.7012828772083234,-0.5684972628865668,-0.7978557842157358,-0.8939349328230703,-1.2141728263152303,0.21265820017699263,-0.4066398604128619,0.39138030402797663
2022-03-14,0.44685417822950074,0.2130591898824912,-0.1495142500943222,-0.8131144796692877,-2.7353799925947913,0.10833060604490859,2.3840132708441386,1.211139559294858,-0.4549580495944918,1.0566991810889719
2022-03-15,-0.28064469791724217,0.036436105353495264,1.1928394386742773,0.2762440116439336,-3.0822381105123813,-0.1948155592380313,0.21949863099770064,-1.0389556566732199,-1.432949512241623,-0.670748531762389
2022-03-16,0.7422623707013993,0.8899386416770372,1.2505396335475212,0.5466846316576807,3.248621046179022,1.4583543581744458,0.7418429364999427,0.9196740358123392,-0.9894908732955673,-0.5868826011710019
2022-03-17,-0.21933705752497704,0.11580553650301259,0.5410543612110793,0.39509591683385775,1.8761717722490587,-0.20924413195623273,-0.5224260576785417,0.8935943885547316,0.9768258484033915,-0.6463823167228758
2022-03-21,-0.0264122488107403,0.42560906955066347,0.6456574750449782,0.31864103485619183,-0.3613051854514636,0.8528693918070773,-1.1668866321041096,-0.760814719153969,-0.6098318857162804,-0.231160949160029
2022-03-22,0.668769391921144,0.4780959832844806,1.0994066974497578,0.6666913556508476,1.0468632466417769,-0.16865697578958622,1.286339856685326,1.0158843956819408,0.0018947893494229715,0.9482071898942518
2022-03-23,0.13550535955382506,0.21082799986105158,-1.1282861022074175,-1.1922983030872776,0.28987435261562405,-0.4169465743767673,-0.561440438388376,-0.5120068155058668,0.3741181761033594,-0.586714806016694
2022-03-24,0.592097760371413,0.5105607654173008,1.3469921141159578,0.4218781754701404,-0.11638099423709446,0.08114031573264062,0.18632399554748394,0.2542502361960756,1.4168150257853245,1.219994709342933
2022-03-25,0.05075068436731798,-0.20013456336406396,0.08052001189070031,-0.41158609081363345,-0.9412331359411409,-0.18264848574386217,-0.21446069930980496,-0.5859233878823523,-0.5808510887782433,-0.6542671321587068
2022-03-28,1.3062081837649815,1.3794076201820753,0.40721540617095864,-0.6174933098464942,0.4664850549342752,-1.507559370743989,-0.027775573040330393,0.191280515217653,-0.6657932037643997,-0.1560596242908804
2022-03-29,0.006504819165537109,0.20365357266308454,0.6233139785729823,0.4684059588576217,0.30531261679365856,0.8225004112085386,0.5657962404528263,0.14857100702806325,-1.4495857120510984,-0.738192303223796
2022-03-30,-0.3910114446948883,-0.33852733845804006,-0.9671051908317155,-0.9626630743166009,0.3546478941762211,-0.31926609259518685,-0.01914256741052645,0.3518555605421131,0.4449463289559349,-1.114502009401072
2022-03-31,-0.8110784179338252,-0.7547950644453378,-1.1667587623289826,-1.0056370225683735,-0.34619615951421795,0.15520457341067137,0.15532899092594196,-0.06376262466327808,0.7665583071821225,0.4435354587795963
2022-04-01,0.3250734159974149,0.9644323721453221,0.2865415342300832,0.5748560169499094,0.18137598786537035,0.47064261254474876,0.16575242882448335,1.100229732873689,-1.223242360990733,0.21526444816137297
2022-04-04,0.11942108105820352,0.3293757850797172,0.7043394138002702,1.1026538865777427,1.0483121517459584,-1.3109374979725146,0.4356133166442386,1.9884575815120917,0.46253368869292993,0.2353231457475796
2022-04-06,-2.1768163169243904,-2.571999548825381,-2.6512943034809364,-2.9031973618663316,-1.2346678860837121,-2.3472499167250276,-2.341329127363453,-1.7896231054890805,-1.1004655082149533,-1.7935099705774145
2022-04-07,0.21819413777033508,0.3649313139758598,0.6210469948147356,1.1458358626514147,-0.2426660494016862,1.548767352411483,1.0014419113387765,-0.2925960050651818,1.1402472625050168,1.456640979408797
2022-04-08,-0.7246711443592699,-0.3671428781930268,-0.2529236070157342,0.2122544045021524,0.13229238121426298,0.1425336778856165,0.7213488238017054,0.5356376161565811,0.24368742555486744,-0.12060546117538493
2022-04-11,-1.6144139412084668,-1.444208223349336,-1.2619203351694492,-0.43946351942955825,-1.5889554876614163,-1.423081149044389,0.48971124313635356,-0.578797612511804,0.07030012285766087,-0.01750936605093638
2022-04-12,0.23295349462209924,0.17612856031258722,-0.35484193287843957,0.009307091361214371,0.21741695076032522,-0.5507127029890254,-0.10422300359177297,-0.86600949069426,1.0844316722465202,-0.2795422790514537
2022-04-13,0.5814054363614847,0.5135877044684348,1.062163319992456,0.8922466096226839,0.3681302740239738,0.29223064797373816,0.19989412404046414,0.00590902814867938,0.6861739707566039,0.9697307223926932
2022-04-19,0.14704358782657614,-0.17274190635703027,0.32276501739527064,0.6890824933088642,-0.7638255035483889,-1.1164959486809887,2.5872823518954435,-2.644585330801846,-1.0292631927047524,0.38331409037473824
2022-04-20,-0.09743739796442377,-0.24687461613707803,0.060491715103427615,0.10654657654444619,-0.07988878313888771,-0.09730393212711673,-0.2118014191572129,0.854477962245069,-0.017449579195697996,0.5084339543738767
2022-04-22,-1.0887809739831988,-0.9306938111940714,-3.8915101959948952,-4.6984960681372385,-0.9605621132873082,-2.581371339822531,-0.9615013916837459,-0.06849009395227544,-1.2278812482406025,-0.5789380882146863
2022-04-26,-0.9776939129843942,-1.1619245849627715,-0.9564934139382582,-0.5042036330927153,-1.845371626099656,1.699237979215306,0.6614854905451839,0.3107207515327315,-1.131823264529374,0.802796435198849
2022-04-27,0.6850406230091146,0.5218522067348986,0.23485152488231997,0.6635066239650799,0.23545905950793306,2.029912474630687,0.010366111154147917,-0.56774778298996,-0.4592132082840454,0.8909838285173001
2022-04-28,0.14441046006797711,0.13231035374895142,1.0196353404321041,0.8963747532935011,0.7308195225282359,-0.30803231625803956,1.1034417125805325,0.5941381734173429,-0.29167234785648677,-1.1735122020675424
2022-04-29,-0.7613602993219893,-0.9694382282876137,-1.8827761142159407,-1.1197174125799019,2.4327049259321445,-1.1555493807187789,1.3555326404261505,-0.675307627382131,1.081566971513567,0.3672319803069419
2022-05-04,0.5651405551543001,0.7493458253137995,1.6642493180734321,1.3612003541915112,-0.5811987157350728,0.3285343963280523,-1.7474132715010278,-2.501736488965655,-2.2250458565067253,-0.47639617633694487
2022-05-05,-2.268540823150732,-1.6504706882735594,-1.689329965330485,-2.3833275431330425,-0.48338071432885726,-2.214138709647874,-1.69709610033546,-0.4940896510043597,-0.2332358086559236,-1.7635268028529718
2022-05-06,-0.22672018532036653,-0.36203495905883687,0.02745496672597745,0.519694141345113,-1.6891207104908885,1.2843905543086058,0.30686825758423725,-0.7873090058231863,0.867111149167078,1.823832384676037
2022-05-10,-3.1399875764733207,-2.6989297940412587,-0.7642718946957276,-0.6626473889429024,-0.3769595122850379,0.7942528079591049,1.0869855585298243,-0.045414077846900984,-1.01195227823049,2.559213984337942
2022-05-11,-1.2378510329675814,-2.1809167738489297,-0.7331701588920736,-0.145550854924489,0.4754551886641736,0.24082404534803653,0.32584046600099403,-0.5453351869051812,0.43234595775172857,-0.28265525132462466
2022-05-12,0.053313498204286894,-0.8725445789677454,0.003361775656089544,-0.5416091798084793,-1.1296112244048548,0.6997999132961831,-1.3309794795683652,-1.8548299887966875,-1.233172560184344,0.36734760736186095
2022-05-13,0.10063368192068602,0.333084555875983,1.0765228625180654,1.5857773469243628,1.5036965323282978,0.5628802808114193,2.4605335539368687,-0.16068947270343711,-0.7799656670855971,0.035171167299354274
2022-05-16,0.3127900399608721,-0.004696854905290685,-0.18190949419978344,-0.22765762024577477,0.18638700566894967,-0.12154541391284596,-0.6461121052251801,0.30087859336934325,0.29509900430249175,0.08642090633413436
2022-05-17,0.3708464703734126,0.5182105460795802,1.1789592349932263,0.956668485894003,2.045814736135848,0.47219925862610046,0.24244319781185866,2.553257637703644,0.5485943032154269,0.9269585205955365
2022-05-18,-1.2452919951943704,-1.6103535007250163,-2.319521154380144,-2.101941974319161,-0.1648623561762608,-2.8572188642419962,-0.38251179417293857,-0.5361886008036506,-0.6616159701746938,-1.359892289560457
2022-05-19,1.055883709453655,0.8273418013428226,-0.02250261671172806,0.9178984356676566,-1.0345569365963618,0.8392141956761199,-0.03489949835578657,-1.621512582424916,1.7473625304655545,1.2837468140210235
2022-05-20,-0.8241870993443022,-0.6147699308733762,-0.2285173132258293,-0.6093309113893726,1.288291778862817,0.03256786918161524,-0.5026364379619596,1.570453462851021,-0.45651908947588693,-1.1889511122471301
2022-05-24,0.26389691526194836,0.08854590802709962,0.5041519214894568,0.1904565490073094,-1.4455023050108058,-0.1783847943658051,-0.7092272696997258,-0.5332538999791336,1.1777243481935664,0.2641938186372789
2022-05-25,-0.11968326183343891,-0.38248329106963064,0.4031378794232831,0.4923753953009175,0.13514953091176285,-0.0031904615523738857,0.08893144121983694,-0.5180437119023167,-0.9807361437233546,-0.1793977355437255
2022-05-26,-0.242660228363,-1.3680693035739964,1.023214043129683,0.5645561410860107,-0.1096979771313644,0.6362469353692374,-0.4522379938791742,0.6044525427522522,0.03228653704474313,0.017241421531352986
2022-05-27,-0.4661817872589586,-0.7941280757433882,1.3515924971258135,0.7074900871513444,1.7074330952612133,-0.48692239950350114,1.0501197973389336,0.9015675376793681,0.29489546935086386,0.3796449698560469
2022-05-31,2.11286847424312,1.8943842666837598,-0.41586662692013976,-1.1019481985768527,1.7165497367569336,-0.5393031257176344,-1.0505966537928613,0.8950680251664358,-0.6033295776595183,-0.3995340167634989
2022-06-01,-1.2230657914028153,-1.038526318937625,-0.3837426454453046,-0.12891747563972217,-0.21974305872299402,-0.20559517415007258,0.5526491545274403,-0.27028358692657484,0.07659585256777217,0.2196141081111391
2022-06-02,0.350708612028393,0.014414651668787345,1.018728628216371,1.6483142876499732,-0.5134754991219002,1.450804973673788,-0.6845524566875824,0.4297004685060855,1.1278487547158966,-0.09725762424864337
2022-06-06,0.5218267212033781,0.16585470857985504,-0.7331101869113104,-1.3508086801180457,1.5203712917322554,-1.4482772072790646,0.11650145734978078,-0.2447226104159466,-1.3024376537539202,0.3510101396305279
2022-06-07,-0.14952443960027476,-0.45698984196152326,0.6387768506704539,0.4974254213569977,-0.1969309009968515,0.22210369984778192,-1.157883187237394,-0.7450394469570174,0.5145411712205096,0.423327794716193
2022-06-08,-0.6941866186582392,-0.3029715699303817,-0.8604152869605814,-1.0888424939088095,1.1099763395178122,-0.14144987216969776,-0.283666202721094,-0.575666562239399,-0.0068726187433508674,-0.628749639558995
2022-06-09,-0.10446385380222001,-0.10421122815626384,-1.5746412837919457,-0.8328218990264185,-0.2945117923993588,-0.28396690102119154,-0.9022170629721059,0.6820124386555165,-0.14380147571334154,0.15947897728844942
2022-06-10,-0.7471492896054277,-1.3543881576241885,-1.706622689142407,-0.12457113779064234,-0.07627856730325962,-0.7421043587023506,0.09640581190665636,-1.57351082841368,1.2654072916524293,0.33016594928319914
2022-06-14,-5.616355944555261,-5.525170183038405,-2.0450177183984066,-1.757143906204935,-1.773746048995216,0.7474518862508979,-0.9748156010223964,-2.310754844085591,-2.8473293697588016,1.3750552192321948
2022-06-15,0.13790196670625865,0.11789338869669534,0.5010821606058886,0.41519814250238074,0.5160984944755201,0.3026685667392291,-0.7802978661818268,-0.4174977205742936,0.037445281509026276,-0.7651568851598352
2022-06-17,-1.1747367293882909,-1.3830736243430537,-1.4305112414147207,-3.2276292179624586,-0.6270975336357388,-2.507582553211855,-4.246539018493535,-2.1076618580520807,0.8602592989475906,-0.08799595341568359
2022-06-21,0.10809157873285193,0.31553618508579623,0.9857983021434604,1.0696650454641006,1.3288969694382444,1.2681564563601473,1.3944565368409882,1.4689275353879163,-0.13262257048448037,-0.2440936748498721
2022-06-22,-0.42007341617427657,-0.7346492991385216,0.036058567953883396,-0.8724780953693521,-1.326686912442502,-0.6121047484252213,0.10908081217880217,-0.8418664336444188,0.16286357388314102,0.8256886706844578
2022-06-23,0.6575199419220955,0.8867287095861712,0.46189040096099787,-0.7571910561525418,0.7574620859875606,-0.01982721818926621,0.9822321864315763,0.635228595178638,-0.3920689603848059,0.19699903961326803
2022-06-24,0.05694981382897615,0.731786262923732,1.4726519253786716,1.257884747843311,1.1628728759786198,0.7391893860239506,0.5992062385494136,0.5495118013255131,-0.06363112544695713,-0.29743351317497396
2022-06-27,-0.3203522766667797,-0.33626778754632736,-0.09738743361600775,0.27821917731176815,1.4073687935577008,1.2507894395976267,1.2376075547090226,0.6702379332743398,-0.20035682416875983,0.45652857347871756
2022-06-28,-0.2973469699004773,-0.5060466763269766,-0.9484952618598499,-0.13695677827129457,0.5885490878019276,-0.027533417134786645,1.1578404488813825,0.21519327882808392,0.004874276738523337,0.852496261554716
2022-06-29,-0.034834997374117334,-0.4364840426295612,0.35690787732601414,0.04049390373258177,-0.6222703726890833,0.20650161639278755,0.09645401038150403,0.3251848185258322,0.5314536780827328,3.022099650586554
2022-06-30,-0.29716375166994463,-0.4339773582699059,-0.6496249721167265,-1.1532027930130144,-0.4861758606225665,-1.7105571904145314,-1.58668322558432,-0.3463718875075808,-0.7943641402603947,-0.7355999801072018
2022-07-05,0.29570620313915796,0.7423383744687367,0.7236148205480956,-0.2758532165345618,0.02338166744251867,1.411452116045137,0.8881896218579,0.15205599090857713,-2.3501594388788543,0.10161291864400827
2022-07-06,0.3408990911836594,0.6107779110115423,0.5288293947834466,1.2445725195261912,-0.4197430154807275,1.0703506166837826,0.991873737029275,1.4664875907454489,-0.9025648647384656,1.677859739926449
2022-07-07,0.7584603674416847,0.4518653152525505,0.6798577447820351,1.1833513913920592,-0.0820329187432994,1.260381676842738,0.4158049432632721,0.3551657187139865,-0.24288233263626796,-1.2967524473051408
2022-07-08,0.07935731821102116,-0.18902809665671827,0.062249138665058046,-0.47256976880194923,0.4301226319440066,-1.0121820913896806,-0.2198648250326319,0.6314648461295931,0.3033363534278676,0.6023137027923842
2022-07-11,-1.4810402023221658,-1.5656145470096143,-0.8115811598347563,-1.0575747270532145,-1.8510654892320053,-1.8874661001204542,-0.8399638283605628,0.03049598329111359,-0.47333108475683844,0.35620245634643644
2022-07-12,-0.5439498858605596,-0.7735483847227991,-0.616327960612569,-0.1977477314549361,-0.7082147531169222,1.256875656035335,1.5358403747552714,-0.8601972878812476,-0.22976006641088761,0.5094043744330169
2022-07-13,0.7378168042874552,0.9181046974638197,-0.4047852952509613,-0.09056291263186565,-0.13110193037629592,0.3249101420132356,0.14220424461784695,-0.6492236550567285,0.5657612999205361,-0.07115360661175851
2022-07-14,0.3460535841627275,0.9464643482606592,0.05915206812133237,-1.5219703518210737,0.14170625962750072,-1.145888923837894,0.9317033626292389,0.16921051826809458,-1.3202493505858024,1.3064360339944396
2022-07-15,0.21471746941908282,0.4392750574803541,1.8291212376613966,1.2128346256931468,-1.4615362369021947,0.5471860061478886,-0.8269833002800104,0.7532942194641262,-0.06974051342201645,0.2170024091155736
2022-07-18,1.3406382331189466,3.4603066985630004,-0.8682542301880402,0.10005587762099985,1.6531669125708484,-0.045226561630435196,0.12085109380015649,1.2425256825231348,0.15692902257299002,-0.7304759921225898
2022-07-19,0.7396099438006267,-0.2550630529723673,2.4825287358962482,2.012322027878129,-0.2948986756189065,1.1613088951260382,-0.10691576214502958,0.7274984293307313,0.39229320825408576,1.2424904161116157
2022-07-20,-0.197962040684426,-0.2415014681815247,0.18843934112161886,-0.5556321196190228,0.589189908142543,-0.3393199921488611,0.11677400010702557,0.8583600164385505,-0.8825629585006419,-0.7954823764930874
2022-07-21,-0.056351506262843125,0.40414160688206424,0.7251805954400914,0.41882785711404924,-0.8731536420432017,1.0462464967980138,0.8009270304617139,0.662909834748882,0.9246761868570651,0.5483637021665584
2022-07-22,-0.47494920199271123,-0.3935209132003487,-0.8707962910606363,-0.7458471745660674,-0.06929174400828757,0.03711762756367684,-0.8134163586566676,0.3513917703225234,0.5117908233420719,-1.0542940614997558
2022-07-25,-1.2401346809551705,-0.8121055398384666,0.14060637269106457,1.0901900161467977,-0.042648166086368795,0.7798468147276674,0.34220812170870857,-0.5579742416069868,-0.3895259465435295,0.3609417788081754
2022-07-26,-0.18381192676211344,-0.1073436013170845,-1.065335695195883,-1.4526471173737052,1.0551975333524894,-1.84986527336531,-0.6064216672826102,-1.366631369376872,-0.3181878828858912,-0.7576683414902622
2022-07-27,1.5367464143919134,1.6395637146019155,1.997387357315682,1.5854961934677967,-0.6742463276878091,0.868822313573273,0.4232479378632985,1.1461659368531756,0.1990091942434495,0.45867450962638745
2022-07-28,0.7082732355397564,0.616118930103024,0.7086593209383407,0.46514348219000673,-0.14161111010421767,-0.48670426436319025,0.2873470966279226,1.8024108263395502,1.8775327174454903,-0.04876587997000284
2022-07-29,-0.1369382969111107,-0.08566228719988972,0.6436923976266208,0.6510841609304314,-1.9085306031110205,-0.5358690833228339,0.3688071605981308,0.9073653406810762,0.3191157390674367,-1.4023053524563114
2022-08-02,-0.9016652440999758,-0.9122938294678203,-1.206928362258187,-1.3672590988679654,-2.0294147892358185,-0.3303124028920848,-0.3732299877985003,0.2220729394846524,-0.3546892904179042,-2.9383062978588654
2022-08-03,-0.24216179215882713,-0.23263138367828087,0.6821456407056907,0.06718730294666378,-0.009910939080929486,0.9692157538878017,1.2103073147947048,-0.30072524512879195,-1.2461914011558834,-1.3706705259833332
2022-08-04,-0.09989862252308887,-0.058973121374830725,0.34999293770171763,0.4842524969471489,1.6648950451061202,1.5507596438405626,-0.08410715132077527,0.5767097694313131,2.2922034238970923,1.8100401331775802
2022-08-05,0.584375999473926,1.0181156109307847,-0.13096300318883516,0.36509835405983676,0.12353218967182644,-0.44817627579783925,0.34540172490281745,0.053327298889989126,-0.7578958315134166,0.07168665373352588
2022-08-08,0.5112349332042769,0.3405292109058402,0.10991641743542385,1.2014286924359443,-0.25175737411026633,0.6638510533891525,1.2955790168955994,1.1242198585327856,0.9287390245558778,0.8318437426068219
2022-08-10,0.13287662506293188,0.5918201883421885,1.5871864862720308,0.8398663364192444,-1.222452472079089,0.5995870237812257,-1.055369968530206,0.20163569027518347,0.5766893863724221,0.5302546665271232
2022-08-11,-0.17525894053363458,0.08136985413716269,-0.5735253484199514,-1.026425643352909,1.0822040114341411,-0.9941280079041954,-1.3102548889328665,0.01242126868780164,-0.8791210554284605,-1.7799246832162339
2022-08-12,0.5462667641001471,0.6548582315295993,1.8807061197064863,1.5036607772052597,0.6676360566227616,2.666627277902522,-0.2687969026175879,0.9632957384968998,0.9898454842328708,1.6674251464734673
2022-08-16,-0.5879196311625078,-0.7427537500338568,0.3014397255116441,1.326899175647943,-1.1459112618947547,-0.3375793610664334,2.255831924829376,0.6693599518406692,-1.3854275195834271,-0.24038696119568662
2022-08-17,-0.7447332116807596,-0.5479558319657789,-0.9709941492199019,-1.2672959805979418,0.012566227455046907,0.26650648338875854,-0.20458935995215305,0.07479810648078734,-1.117310233176924,-1.3689635597429881
2022-08-18,-0.11122734727850007,0.09915525252948736,0.3203574710297615,1.0166363586101788,-0.30666139722761976,0.4081969038212787,1.3361332493631106,0.31551956782468416,-0.04885892311183958,0.6241426464137014
2022-08-19,-2.6252546372149217,-2.299068016636553,-0.6851951083215626,-0.05528152398430336,0.40281748775921583,-0.8544334740127723,0.7931260024969743,-0.9131090710106637,0.026592183094083437,1.2525317618265717
2022-08-22,0.5201058348684399,0.05568448110445802,-1.7029456543956716,-0.11368813844977838,-0.2288392308364061,-0.4031888149837838,-0.2906606250100967,-1.866457001059814,-0.5793674629105207,0.42133169699061873
2022-08-23,0.08250254153164603,0.31171501306840094,-0.23927200978795296,0.3414036482665842,-0.5650402458571634,1.0078623381910634,-1.3268000068247745,0.4259217078600991,0.6059719268358104,-0.16251924038387294
2022-08-24,-0.1838740516158222,-0.12738701177117082,0.15268603896825492,-0.6408842344504766,-0.8753946493229467,-0.6100091070346393,-0.1756783318406085,0.035828242595807434,-0.020243874071133577,-0.15219977514795058
2022-08-25,0.1627227906040855,0.3091772984207176,1.0825255740820197,0.822961117889184,2.543547499091494,0.32722847660206106,0.8629322602026513,-0.791650309174977,0.4361183955310782,-0.2557848731341982
2022-08-26,-1.5252190901507625,-2.061099573443349,-2.837293641102538,-1.8966924660487767,0.6824288769929103,-0.627287738071965,0.07714995672149201,0.2860051095825066,-1.154224453705907,0.25032890543536285
2022-08-29,0.026692135613666595,0.41120376900850325,-0.3623581106063371,0.7684218127210274,-0.35906494593520355,-0.5045729715534197,-0.5122318759205234,-1.8244011589543936,0.08062510638226596,0.22169261282955907
2022-08-30,-0.6088754178823252,-0.36294082083113927,-0.7171589807222579,-2.062288000258988,-0.2137410584471834,-1.49157925581409,-0.1328401317521021,2.8823599200842915,-0.7959994748062477,-0.029071702285083555
2022-09-01,0.2267813200086984,0.5047333641726706,-0.6908634921153477,-1.0998296406481614,-1.4913441026125422,1.447577863718792,-1.7265308122805008,-1.6588008269985342,-2.1021079120095236,-1.7340224188082793
2022-09-02,-0.17639707922402956,-0.12608260281443065,-0.62472313787385,0.6803114149273163,-0.31254895702635643,0.9867932514851754,0.45647690195634744,0.08724591203746461,0.8467046016309144,0.5672676244002061
2022-09-06,-1.463927437697631,-0.22409072735526328,-0.27013653088478495,-0.8474226160273476,-0.7550926344687287,-1.5233094509063065,-0.25151184880406624,0.5771260508771181,-0.45307171046862577,0.1917252642388923
2022-09-08,0.5317025438845555,0.7166408400200894,1.7462657683340728,1.2743740274914894,-1.2879864781092678,0.9600993548631036,1.1463317955212178,0.5022438175092119,0.22218802853522296,-0.5882447928676894
2022-09-09,2.3961619303192236,0.8366313965887625,1.0261576363265006,1.226710227442098,1.7669580819353408,0.861394192266592,0.5367039355907132,0.16543220439319772,0.4825468191489078,0.16502180667645508
2022-09-13,-1.178808173135517,-1.667638452049316,-2.5796952765330943,-1.510428498148984,-0.34912023761981315,-2.3819247149139735,-0.7250955077205626,0.7785256451146227,-1.0861933543032263,-1.5376577341910231
2022-09-14,-0.024373445759773935,0.557533279874684,0.29006552328428936,1.5201423657900208,-1.3218092984533967,0.9929128522449338,-0.11676007227360903,-0.1492270215567602,-0.21235079831141968,0.9274825027426546
2022-09-15,-0.6269119348657127,-1.9280694420234281,-0.7264527709657531,-0.7299213666475024,0.16940017708608324,-0.6624707282146081,-0.13611965195869924,-1.033269281366378,-2.0074298134031503,-0.6581994714110097
2022-09-16,0.1474377500249878,-0.4136798742377616,-0.15071391794232503,0.15691954730349425,-0.2216776593078632,0.7486058456747028,-0.09771611906812808,-1.6197510508300554,0.7416636500263439,1.552716443210128
2022-09-19,-0.32835103898319284,-0.7361571284541598,0.26264981436131224,0.5985853797294147,-0.7823360048994754,1.1290002176037246,-1.246288097026202,0.22650376005200118,-0.5015022682813693,-0.6804942996127704
2022-09-20,-0.7863362837986791,-0.7120346554761575,-0.7614239313803114,-0.9537674737502763,0.7984416611359353,-0.494115954450043,1.340069162854292,1.0465438904138895,-0.3644618970194365,0.009666731576673589
2022-09-21,-0.4288923077433315,-0.9891967478971015,-1.1595620983531647,-0.020521954975567285,-1.1260837314735226,-0.5725352716471399,-1.0300811006665056,-0.5761786361972036,0.30994535638827203,0.16256030616994532
2022-09-23,1.2511507966393198,1.200745314313477,-0.6710375417830436,-1.2795917841641054,-0.7565260188145707,0.4726912239684412,0.4899902286307512,-0.7309158579438597,0.3986461120929625,5.408703754995611
2022-09-26,-0.06789382414544538,0.06701181815834603,-0.5864697874681628,0.15986305824994887,-0.09646787503581186,0.3320789116006331,0.3910607678674118,-1.7575240063140027,-1.1110558822780545,0.4157577204517331
2022-09-27,-0.06766319869417131,-0.05300322812167972,0.13967380909622615,1.235753517230158,0.35382150628218045,1.2414587558800656,1.905962779421859,0.29676518616130804,0.5955034397816283,0.8388778464702448
2022-09-28,0.38629477302632503,0.0556916498905812,1.6273926803214624,1.9078631939132573,-2.3328491052354763,-0.034679857952411325,0.19028246989389155,-0.837387076309732,2.088267763563455,0.22116367223945266
2022-09-29,0.05701336261576016,-0.15572470163981406,-1.7993834958528432,-1.740999630881735,-0.49129444062045957,-0.7075977739805054,0.014485226399191949,-0.7004368737456116,-0.44848437709553346,-0.8070788535256705
2022-09-30,-0.20500999345975449,-0.16325116293091452,-0.9078246589380488,0.2632979954234763,0.2844708404733567,1.532870563531481,-1.468688666015103,1.6789874670062839,0.23632361843761907,0.08602831197292139
2022-10-03,0.22732995870561204,-0.125247485554886,1.586487378434333,2.4299118935606163,-0.47539517225226685,3.2629754926339816,1.2967114875759984,-1.2063127030620655,1.6870453708170268,0.05890676399156732
2022-10-06,0.4457919585588307,0.3760996190511766,1.0527756084259776,-0.43429521863883896,3.6849921595729223,-1.3154677865608406,4.463374063450328,2.5188232416443306,1.0593317327105827,0.3032178948547704
2022-10-07,-0.3716163632073532,-0.18887655387976496,-1.1238530131495181,-0.15784995770912683,-0.28850303724862814,0.11803089210410633,1.2742609765068407,0.5165173466423905,0.13529477733355375,1.9562569466877022
2022-10-11,-0.7290486527710828,-0.891871601209977,-0.7405747541052036,-1.210680765408927,-2.5208628484128943,-0.9241002659028577,0.15110477394015193,-1.5554845799446007,-1.1057531717383666,0.1333612223597802
2022-10-13,0.36304620985637587,0.009015373860889356,1.093448508810141,1.4989941016676878,-1.1917166042392873,0.5771658981349345,-0.04479202773400552,-0.1307731696422736,-0.7271553310588501,-0.651482737015039
2022-10-14,-0.3363069045052163,0.07498281351543289,-1.3732386107242334,-1.3017086840810093,0.5178786708426084,-1.2825914518216186,1.1301003873684008,0.7278652888776707,-1.5648845689824276,-0.07721524996119938
2022-10-17,0.5800929829422472,0.5442971400988057,1.4989658780068515,1.5742762811986155,0.20570046781074694,1.3731009309425972,0.05320366211574334,0.7516555087522988,0.9875914021753187,0.574316331456863
2022-10-18,-0.44858444775678863,-0.4881895785048421,0.4003274069726131,-0.22449959726675942,0.7324966966912135,0.2717951765694899,0.1895222412790341,0.5514198052560888,-0.6675711979854384,-0.6994179402102172
2022-10-19,-0.31332013325803315,-0.47583274367900863,-0.31545767087449966,-0.3178892965462538,-1.0740425797470898,-0.09985449473352309,0.09821869999629619,0.14614327425370358,-1.0690477168986494,0.21442720416686334
2022-10-20,0.07911968159608429,0.06978562713699081,0.010095885210021364,0.4623814806731329,-0.2395451557522809,1.0574538297293012,0.583961305050248,0.9783753267202744,0.8854288865494834,2.127618347566701
2022-10-21,0.08201505589077164,0.1693538354190062,1.3053301454988278,1.0048858604421875,-0.29686143004495963,0.522663014214492,-1.1249176213334713,-0.20935669377426214,0.8560924307561291,-0.5275512441921165
2022-10-24,0.1281145072502596,0.6337320191370908,0.46774425583056256,-0.8206681936755496,-3.663907519539287,-2.4148842194759044,-0.3551917634212658,0.4246871724421559,-0.4524174562584123,-0.8608236541034138
2022-10-25,1.2677165832398172,1.9350572779423554,1.1633100427993346,1.2490369576578082,0.09010946148566669,0.7890484945776938,1.1126788701832977,-0.2459454666314586,0.42774670113790764,0.5680021484809321
2022-10-27,-0.025098699786352856,0.49442600574670015,-1.404044284703401,-0.5017736282062008,0.3689650082376113,0.2496696584612939,-2.590187396760371,-0.5221520417062888,-0.3863461025344833,-2.1425925165900503
2022-10-28,0.5808795454723726,0.6046608871017105,1.652924107661255,0.9758755331792328,-1.3602524707693715,-0.2407348755868634,0.20269759767906798,0.720304477266228,-0.7813817031680289,0.9731652542453829
2022-10-31,-0.2846599815873193,0.10432032187959818,-0.5372895104170878,-0.17621770899010594,-0.5760370421823502,0.017889927541887223,1.4251375946949634,1.0104040670623877,-0.4765091308565049,-0.5825686750881867
2022-11-01,0.1242908180759459,0.14730033868481307,0.07216126975426744,0.9838618322459449,2.542091268511864,-0.4008066939683944,1.771783940699109,1.3492891033545023,1.068478483090152,1.2529518735082088
2022-11-03,-0.43662964989272945,-0.7527020498343681,-2.074240387214242,-0.49020084339363756,-0.1816588392071525,-0.3074923859400566,-0.36441859274032834,-0.4339137510511555,-0.8747799331222265,0.3606913552572811
2022-11-04,1.3790347263841238,1.496862314418229,0.5149650143676671,0.9909619536817436,1.9847609079055628,0.11737577297114202,0.8548597333861728,0.013676963012525798,2.3265868853078224,-0.6112201997423083
2022-11-07,-1.149207772249907,-1.3108037684873668,0.026600326108990296,-2.1099949015742916,0.664456135403746,-2.1993957631467635,-2.2681530532381795,-0.5437616781314243,-0.5468293228130279,-2.0097916525592563
2022-11-09,-8.248330542728576,-7.717853806247813,-1.3090647469440146,-2.0043542228125273,-0.7864152752607823,-0.5072850351735381,-0.6872408038978011,-1.2097756510138546,1.0650013867460468,-1.482886373332535
2022-11-10,1.217842060775276,1.5684048096064083,2.872364774419532,2.646826421174321,-0.6744747775049208,-1.3805173723705015,0.4434682126475425,-0.9914442629143089,1.872551825811748,-0.1923847621888326
2022-11-11,-0.5233906111360455,-0.2183220283819749,-0.07303713606814308,-0.9356367743546998,2.6163107915687926,2.0371505887755843,-0.8170080372292892,0.6878944762227055,-0.16770892378960583,-2.2195009875680687
2022-11-14,-0.316975531032779,-0.3786942783746083,-0.3814814013201174,-0.7759164332578729,0.5523053118537026,-0.18867473994598558,-1.2905134423994646,-0.2120851547507758,0.3300752560409496,-0.004757900011173443
2022-11-16,0.1147870257188887,-0.17341724086310292,0.31079038047103563,0.5315723121284937,1.473675295554395,-0.4580777814804406,-0.5768093277472297,1.254760487345529,0.5333292997847432,1.2918238918113476
2022-11-17,0.067658383487071,-0.10708113901166375,0.07768752637683589,0.33710251015580966,-0.1903110816599216,0.601414814395166,0.94639280364481,0.08142610833666067,-0.18282720046659315,0.9128789212222044
2022-11-18,-0.003241367948698729,0.07111191672533328,0.24410541901714283,0.2409073654722326,-0.07025835263912958,-0.17054642870012462,0.8286486450988703,-0.30315575086471036,-0.4554806917604548,0.026037671694277256
2022-11-21,-0.8253637918813512,-1.040900010396753,-0.25980014268555485,0.2511897678544912,-0.7773918191740645,-0.010310692288790396,-0.08616222236143037,-1.1197395482616996,-0.7980491860845277,-0.053915290989643684
2022-11-22,0.3872728913832413,0.26139900598193677,0.979293865866475,1.5539213758872266,-0.5015039941451226,-0.8524425899464416,1.6760773410063017,0.7554920098190335,0.24260467643404982,0.45984873729783277
2022-11-23,0.36649076482813026,0.4427282082038254,0.3297666020848187,-0.2785932289940471,0.33517520397220396,0.18141523848680208,0.19948089022241872,0.022915434308768638,0.30208496344901137,-0.07746268053521116
2022-11-25,-0.1135399262834274,0.11062323376758519,-0.10753672471686246,0.14915515342102031,0.06519229101728385,-0.30535515430321236,-1.4307910488772506,1.477846913200525,0.3507932874396569,-0.20160848321759833
2022-11-28,-0.31728629774309275,-0.34111059884028544,-1.192676185764404,-0.25707400347567877,-0.7457649872620802,0.8053160842638123,0.3108761544817136,0.22954988577118215,-0.7650956067454746,-0.010435991175528092
2022-11-29,0.20997401411884595,0.4596941942147807,-0.17028103543084,0.7825808648413918,2.63099586900234,0.5930239688998236,1.018964202605188,0.22079197246900678,0.40428794290643916,-0.10464906200743705
2022-11-30,0.7226391537950856,0.783327570074464,2.33382366205993,1.479868639144701,0.882364590096645,-0.27748776127459146,-0.09550380436901243,0.8044426817703103,-0.20329248553281823,-0.10840976214221487
2022-12-01,-0.30042632887703113,-0.3016139793543782,-0.3258438283026768,-1.2450616602800817,0.13084485762685474,-2.0718221353605384,-1.0479165209214927,-0.2640834482324151,2.7239918021248726,-1.0322686588188061
2022-12-02,0.07577694052481072,0.12389937443323584,-0.22855921401003973,-0.21294258335801478,-0.36092436225508373,0.38870325324792593,-0.9689673570759494,-1.173617905787012,-0.43621659543729707,-0.4820547589337583
2022-12-05,-0.08896479616838983,-0.3913890479820946,-1.0884380867432641,-0.8207973486758159,2.3328010735903173,-0.7540242811420306,0.5282796438164646,0.3227714660973435,-1.1596070431306973,0.7505376480583775
2022-12-06,0.22241135330783351,0.17729441045878705,-0.6401059883533884,0.340980286484038,0.00321649565407092,1.04262556738413,1.4844010168630088,0.23263747782334845,0.559983018268817,1.4319667464238435
2022-12-07,-0.19649696313231393,-0.44115475147614297,0.24723666274494507,0.9393433971846011,-1.146000270352268,-0.2861337526965824,-0.1526654416481327,0.053475279613554264,1.273660150892562,1.3585910494700286
2022-12-08,0.4178874373966917,0.5335184093790837,0.4377549706783688,-0.22658866521167723,1.518610144520072,-1.5806624199124548,-1.2140582882409598,0.033675510358347455,-0.0098966245343284,-0.39888688547943907
2022-12-09,-0.14581702873173902,-0.2606353463858519,-0.6412193835764888,-0.5670858489835302,0.9636076872497014,0.4423570209051132,-0.18459705800762277,-0.9616422007866198,0.45339421381273526,0.019895745879273657
2022-12-12,0.1034139158300633,0.1067965775337754,1.3473454902665853,1.0495619519478567,-0.872487975978458,-1.1203439421424184,-0.35524673770758625,0.10155704606031705,-0.7910135427189888,0.3550040624254978
2022-12-13,0.7904124202137727,0.5948679584203792,0.7850399316678156,0.07587033248749074,0.3735050672523146,0.32003732077271835,0.9082456210411249,1.1361944384951401,1.9215802039855392,0.677126505642615
2022-12-14,-0.05337465926325699,-0.25772536326239015,-0.8088783743383101,-1.8716344295497205,0.059593785173972735,-0.5601576994873282,-0.8978377715484344,-0.15079639759295868,-0.5877260397774762,-0.8509877983137286
2022-12-15,-0.6117847106290794,-0.6328483669394032,-2.1187016991602228,-1.4268502567404173,-0.7023880721258782,-0.1614381532164026,-0.7248716741456659,-1.8566476330949384,-1.3888053554303512,0.2833982328022001
2022-12-16,-0.9500089201431235,-1.4455009372985148,-0.5157654461687606,0.33655465705064835,0.4550598155814403,0.09265421782195339,1.7692119088033842,-0.5950062813574787,0.9165948795222999,1.1193992130425623
2022-12-19,-0.3695933459279315,-0.09277693156922835,-0.8178992985550977,-1.2279048287350318,-0.3266824142761821,0.8431851123253228,-0.1099497166581424,0.7477036450499824,-0.2818293229687924,-0.5084270836949499
2022-12-20,0.6190285488285965,0.6676348914166477,-0.08887520541335493,-0.00017302716710164057,-0.8348102212136204,1.1479038107628976,-1.9271656443252867,-0.5999399361846223,1.16528747893824,-0.5641939687814299
2022-12-21,-0.14549522989083738,-0.10806786286321571,1.2251614908093087,1.0983672495082273,0.31142899664857726,-0.9054393850759185,1.446687135358298,-1.3872470626699618,0.015246678750144843,0.12580057337133652
2022-12-22,0.0639009071894964,0.06540652273768031,-0.9522972197472505,-0.7987257183344253,1.8747198319510288,0.1766366852074781,0.3227076433297359,-0.24348099062701267,-1.202460243977769,0.8124964888319602
2022-12-23,-0.08583906154704928,-0.031489137143164675,0.42019049334891395,0.9650948488559267,-0.23677059376765072,0.9578670084350842,-0.07286865768971947,-2.442456383225538,0.3872796826796942,-0.08702493876085168
2022-12-28,-0.4648001885332307,-0.5833660379206892,-1.5014853773966028,-2.1907943567376336,0.8790198839110528,1.7764242048403807,-1.1203851455486153,1.6581442279593774,0.4452861683991078,-0.45457391768596583
2022-12-29,0.14296508630319404,0.15008208007689663,1.3599974403952282,1.3176655332842149,-0.44963673567090184,-0.38606676803353496,-1.0325584064679696,0.37535827569267183,0.6232079007447396,0.22193904852799434
2023-01-03,-0.019762396112587368,0.12314846901584495,-0.6305476192169664,-0.5635404747141557,1.2325559870801166,-2.4759156561040823,-1.942161488183142,-0.039423581918107534,0.8136984917987353,-0.6768029411276397
2023-01-04,0.31288960310664177,0.6663284082969064,0.6026615149743023,1.3551375608554652,2.018027478418208,1.8697154323922487,2.477777651254113,-1.1175078572443937,0.7032694804761709,0.2509039644351258
2023-01-05,-0.12549012483880823,-0.20288866018206234,-1.080600445993868,-1.5633152117666045,0.6092014682943578,0.5107752519204645,-1.2843701501602551,-0.5446854948671631,-1.1028307165230673,-0.5976523691203688
2023-01-06,0.1637479193487446,0.2515417463475841,1.7038455701262494,1.457124313531263,-0.19616797813355627,-0.186909369803476,1.3404592347591116,-0.9302764368922437,1.4057183463882716,-0.17895460422550521
2023-01-09,0.2683287145088197,0.7221777600641003,-0.3930574408366122,-0.8007379835003458,0.8063421315807828,-1.3878666473879895,-1.5131301955172054,0.8807958077397283,-0.04328472609552681,-1.7896501636028086
2023-01-10,0.3829315684568165,0.15387279906300572,0.390595385484167,-0.1794161419876347,-0.24097354697646517,1.0424227929981378,-0.5015037385088151,-1.3592713359494424,-0.2071043998479332,-0.47563409425851344
2023-01-11,0.6362509424551782,0.6320393326821943,0.4439918440524018,0.1698743184349472,-0.0705134095729257,-0.5438032839157017,0.33657871666824835,-0.8948422112891187,-0.5248380816976436,-2.4624216684908755
2023-01-12,1.5982841680291693,0.4120546893011353,0.2379987173034613,0.7332683120024729,0.25971161716629326,-0.39715823499110836,0.7371831733168851,-0.31800491800710595,1.0114983011144618,-0.08617044912115987
2023-01-13,1.3763191051103971,0.3199049546124704,-0.25873019604792774,-0.31351491673449927,0.25413831813549453,-1.428451899945672,-0.6716574178857646,-0.18520807323707011,0.4903538809124087,-2.0860217588066887
2023-01-17,1.8847676763523358,1.8951154205531258,0.3940992238872699,1.2251393515287614,-0.031082618638824142,1.009049270067305,1.1987158858730407,1.2729286679619194,0.020212124906010914,1.822653267153839
2023-01-18,-0.6584113733316703,-0.843214948577772,-1.827210515337474,-0.6161758663721056,0.3003320087428716,-0.1112795885709984,-0.32912416721461824,0.41731752554912516,-0.3541563292093796,-0.4657726112105856
2023-01-19,0.42744286485520677,0.4231395156431186,-0.8040986728307193,0.45376957259500983,-0.11550866082513782,1.133558615086997,0.8986761441600388,-0.5854211011534396,0.7716821277901148,-0.3540714409817889
2023-01-20,1.8214113966385508,1.3360961545518488,1.409498968882131,0.28029146611580247,1.2534849149484004,-0.6484238523696343,0.3330157181869454,-0.9000705174095404,-0.07287787943195688,-0.7324687845004766
2023-01-27,0.4454266652421626,-0.8240907563363883,2.165521527847885,0.1433418001929938,2.2760050990948124,-1.0118366077728207,-1.7851642533263108,-2.581139652431476,0.3233311991514556,0.6598543441609607
2023-01-30,-0.27728743409440615,-0.47162202718268526,-0.8320558203886248,-0.9038219513825848,-1.6696102440167948,0.20617025370551603,-0.019950908796910107,0.23607170178909745,-0.28724227798838947,0.16409198100918684
2023-01-31,0.31057544563578665,0.20649038812800238,0.9938955551712788,1.8776825977946612,-0.4971412079414223,0.9708299283812989,0.5987577581065323,0.08119643944777981,0.4019574935702481,0.20277028291489696
2023-02-01,0.6647606183203646,0.7276642517439664,0.8130144572856162,-0.46812216870272017,0.8099354543090685,-1.025744588577657,0.5499254783625193,-0.1138536430549264,0.09492907254537897,0.6537285430031038
2023-02-02,-0.3425666865251073,-0.07473491136634484,0.9161646187698469,-0.41952761619393586,-0.36124149447705034,-1.5385069549060963,-1.1275198257333554,-0.20029120411279824,-0.7935475951619002,-0.2929849438820532
2023-02-03,0.039699191926300774,0.3062425373663403,-0.4796472529403992,0.8408092963019557,-0.559676038050994,-0.5908117559658724,1.7479662786483745,1.9170477901476135,-2.690262976332054,1.2771155458382841
2023-02-06,-0.8082609260682265,-0.7113327759578969,-0.3369868161305529,0.18652440316976285,-1.171595293711367,1.2294235258720327,1.8141431908888572,-0.36758642111166884,0.31519076167384125,0.6339088073592173
2023-02-07,0.7366113101451203,0.8489711315072627,1.4929211241780604,1.615759680749383,0.6535737505729554,0.013965802914027044,0.5113723865998455,0.32969790742174854,0.8257922782498175,2.028533402725043
2023-02-08,-0.439822026010474,-0.3801325067789037,-0.8675751970524002,-0.6876587280190941,-0.0359538411503441,1.7486074392863025,-0.6726236712666406,0.8083775644802688,0.2215334026984033,-0.11423495292501903
2023-02-09,-1.4867255232093535,-1.627866692395661,-0.7758849545154275,-0.1450450562044154,1.024105368553428,-1.2668031877296406,-0.13535611216771645,-0.06817098179116375,-0.7203627240349393,-0.3748719262090927
2023-02-10,-0.2872608884825402,-0.5607926762273667,0.00851828607423922,-0.1205468826678114,-1.459304471916426,1.0267391430778272,-0.9265678022407426,-0.5072697338633242,-0.37374421257683377,-0.5544617586122508
2023-02-13,0.14824326967266405,-0.19384334738845485,0.8825851738614604,-0.3880322033287708,-0.09075491437603998,-0.4837104261255605,0.09387489474971444,-0.6913561230316824,-0.6529087591600411,-0.1516069194846697
2023-02-14,0.509635307106402,0.6802796607246038,0.014589071680309417,-0.14682748813657073,-0.08042850123962297,-1.1849234933170418,-0.49825821165483136,1.0862384026181646,0.16537598433650363,0.26831064678638
2023-02-15,2.596763009841383,1.6417191275365899,0.49980979739577747,0.5431399633480608,-0.7721715638481518,1.4349831903494827,-0.9149256573298471,0.8461346467108692,-0.8099608693500029,1.055691408871328
2023-02-16,-0.7414090491671432,-0.5432086552372285,-1.5467305266737057,-0.5152161340308714,0.46595142130818495,0.3974060650950507,1.598803279907559,-0.15425353189973068,0.22247709508394753,-0.6202294335181204
2023-02-17,0.8677771207504118,0.6230253225094802,-0.3319045398691239,0.09566811844271872,-0.9253593919374085,-0.3737538193647444,-0.25848827346453207,-0.7894923766167806,-0.1934933689223149,-0.2603658266578933
2023-02-22,-0.3566472510918035,-0.7085509162969762,-1.886671073625996,-1.3667256736940723,-0.9108224533980382,-1.6011463181707115,-0.23397982077983798,-2.561419210679927,-0.3219466818582915,0.648885981577738
2023-02-23,-0.2904511932502379,0.020783561473578793,0.34800233929612373,-0.03278122982894587,-0.26007849528171095,0.08798219740070176,0.238558105860341,-0.3561654225157139,-0.9046178701342475,-0.20088292749338746
2023-02-24,-0.8951194712501218,-0.7258839250419016,-1.145741152241493,-0.2279850764421011,-1.4015006152818312,-1.3158064709545256,0.04404886606619933,-0.6248044314463892,-0.86448429374708,-1.099157415461813
2023-02-27,0.39332569949953505,0.3644815459140967,0.5011819169786627,1.2172910533190084,0.042548733724163665,0.8654655919978165,0.28979839807670715,-0.14458716998967444,0.8086847280193823,1.298436164214601
2023-02-28,-0.5304972471380253,-0.5551130302977115,-0.5807089016095741,-0.8914359646969049,-0.814271920570669,-0.7044418596781871,0.00632833044719353,-1.0110383606087396,0.29835562281731937,-1.2786815214626908
2023-03-01,0.5030449111737197,0.7297757769768621,-0.4901517956213359,0.8010370805677572,3.0158629571931304,0.06418208302085007,0.03955464486649611,0.8236993599451852,0.43905883369827053,-0.1534712068589316
2023-03-02,-0.3022492730319513,-0.3669306585517488,0.42366565898643205,-0.41475205376830976,-0.6562758214178633,-1.4176568984212192,-0.6739710056893723,-1.202324536861585,-0.5778719156899894,-1.064486648857378
2023-03-03,-1.370635213476561,-1.2430144089615902,1.4874520862861746,1.416487089005962,0.3594227995396653,0.4671601967112282,0.6648435619829444,1.5228172450834598,0.6985511498880552,-0.37204399424422147
2023-03-06,-0.16429672025664085,-0.28188785848321285,-0.7013636024350879,-1.262838692505598,-0.3545372851994572,-0.07011864835032156,-0.5020499261315692,-0.20379318039656052,-0.8867600992631209,-3.1014393337392345
2023-03-08,-0.7754724530129032,-0.47429292004458967,-0.9555122791655807,0.679846089391115,-1.3992479468989567,1.2358215073317647,2.7012754830589345,0.6441810331170585,-1.6339514413649456,1.2705184388303141
2023-03-09,-1.7823874684652516,-1.6188953121126808,-1.9262199017274793,-1.2145846295861282,-0.4451435146393184,-1.4447066910497086,-0.15579252623276035,-1.24829406852122,0.7348467007479248,-0.45699901599102566
2023-03-10,-0.22776626775844808,-0.20327039459366203,-1.1239153722403121,-1.3855072074490817,-1.859277571321923,-0.5684251982491596,-2.1348030412737042,-1.0802554620458757,1.8035708720243517,0.1362162186966994
2023-03-13,4.460281488490721,3.5589722326470854,-0.20527259997950018,-1.507358235987235,1.0471054981188406,0.2415580085810548,-1.1381435733364194,-1.7207128575243409,2.3417336935997173,-0.2968088679318888
2023-03-14,0.41327210592506847,0.26797019974809555,1.7754550498077974,0.7455427330393923,-0.9936865717325576,0.551517422538553,-1.134292753449429,-0.1577627701947056,0.17915746502245938,1.7473909905878813
2023-03-15,-0.293299650677126,-0.574486939467755,-0.628039349817342,-1.9622913181189632,0.8181697321864994,-0.1887831769510441,0.21973355714614234,-0.6319937062327127,0.7406930483623227,-0.4780427819491853
2023-03-16,0.5145083286735698,0.25118208228888106,1.6374414980662373,1.398279926601365,-0.703471379508956,1.1772640994298247,0.05920112089473544,0.5199964620218926,0.04214068299680218,1.4818807325721475
2023-03-17,1.5077441614986815,1.1276028724854823,-0.8405980505938367,-0.9096844822878034,0.924482499185029,-1.655388471615944,-0.3705935288914109,0.5166090740649338,2.1667621497860687,-0.4001372325894472
2023-03-20,0.15560247971790953,-0.6661757782698198,0.4968993809558012,0.34031522270148423,-1.6689638095338721,-0.16059597265109354,-2.1573168704720844,-0.9192051125890022,0.24647947125810488,-0.4008169777970701
2023-03-21,0.2157046329230298,0.6713635216301685,0.8955908466106866,0.2946833799591262,0.7263440594379149,-0.4684698953847047,0.6648032177834998,0.6818270384610815,-1.7804699719568875,-0.0832715607572991
2023-03-22,-0.5520895012475547,-0.7527420790805723,-1.1252950404263486,-0.18807534094636752,1.125025699554858,-0.3291739661692658,1.4542324542560736,0.40779198250014526,0.4454379525238355,0.5170781943013486
2023-03-23,0.5993748749470572,0.7272277378920124,0.04822356041781747,-0.5281920700236697,1.241471119514496,-1.6786211052873314,-1.068908606850962,-0.8051837349507043,1.706891568921625,-0.6901859622254661
2023-03-24,-0.6476818868577057,-0.8064173128622084,0.1552274081628608,-0.14656851740020074,-0.5272729423671129,1.0549826967995275,-0.23670729642034397,-1.3590591930487925,-0.7245189090630765,-1.158487215193692
2023-03-27,-0.2603412004546674,-0.4491750525679439,0.17448862546985058,0.8375202328255107,-0.964008099701548,-0.04438609786020532,0.5093183743043007,0.2867831810368583,-1.1344759748087543,0.23125214219805112
2023-03-28,0.027339658676165314,0.5404953207533107,-0.3268796503269431,-0.6278609302242906,0.5741301414620306,0.2558143828097512,0.7260757546210045,-0.49004738092296113,0.6216763898603996,-0.6012814103611196
2023-03-29,0.7330857716130738,0.14252861173333853,1.2772668840352763,0.4186913434737998,1.2134636742236777,-0.08001318308429187,-0.5185687772466862,0.7437290556624123,-0.34259361454859777,-0.2950877711707553
2023-03-31,0.03962436632021823,0.23798487101296828,1.7324498747761568,0.8047556145501782,0.5736258753572004,-0.9349567174146252,1.4646298497698116,1.7699031781571792,0.01155251190611967,-0.3641338215985822
2023-04-03,-0.5336348142228842,-0.1848263752673467,0.33477323560236383,0.95860131196237,0.10114112880741684,-0.5907460811112958,1.4620473142779207,0.2713724531650817,0.6709039298622415,0.3132781630817941
2023-04-06,0.09517345039777027,0.5849501783234395,-0.6976899016637113,-1.2824453317751208,-0.41711455559343763,-1.0510745847622989,-1.1252591490940669,0.8949487537939618,0.9028242894318428,-1.2095276366042707
2023-04-11,1.6454518858779228,0.15222475999417326,0.0753223897858801,1.616946296308093,0.5367021399679055,3.919109763962416,2.0854478080525363,0.753953659248462,-0.31739819873806313,0.08177905976274195
2023-04-12,-0.08443574686977943,0.27249243763422065,-0.3472802974514919,-0.08174156388941661,-0.49890429750813453,-0.25929929007315405,0.3915424863892887,0.6167517546598942,0.309734939474662,0.3402168179814325
2023-04-13,0.11447331862679043,0.9344948861844047,1.1583340768008,0.20132796925561586,0.014956298879611332,-1.211604930662694,-0.9708160867499271,-0.1459075948557401,1.1855579224242645,-0.6369358349839664
2023-04-17,-0.7828441716680431,0.5777834385029065,-0.07061436725137421,-0.41656830491667857,1.466794599500468,-0.3885922403569844,0.4571696715000466,-1.1011285243227904,-2.2587090662341054,-0.6821423823966742
2023-04-18,0.7138414343068683,0.264430212043316,0.23902056031376887,0.6600620194671531,-0.2921451649692192,0.4942794090956408,-0.04640670633743477,-0.17567311223291693,0.6306964608117813,0.7479110985257053
2023-04-19,-1.2196461687864886,-1.954568875017911,0.07314475169870645,0.06591491238914139,-0.8717541146256813,-0.6198676716273211,-0.3246201871441552,-0.22851744481208708,-0.43698952265943247,0.4655184749398283
2023-04-20,-0.42410465897242994,0.056408174702602905,-0.4417547351240428,0.7243142457512524,0.31012291435940353,1.3628679156569499,0.6144133588417056,0.30644326002558153,0.7035229250173183,1.173499238659741
2023-04-24,-0.704126563784355,-1.277638754862353,-0.28124502871034973,0.44750998106563356,-1.8197051818777183,-0.702165743813903,-0.7027528776385782,0.329277341890681,-1.12647032944293,-1.620959365337773
2023-04-26,0.6756247681241252,0.17750288539092454,-2.7691128925544004,-1.3713429967799746,-0.6940623082839094,-0.8689237323555473,0.643622224046151,0.3270831941045002,-0.25517765423265604,-0.40428421921017804
2023-04-27,0.7359593485031595,0.34129962764654687,1.4539935527567869,0.6321069424732457,0.11216784326211614,0.05145717259699024,-0.19625290004532797,0.300967575286619,-0.10272573349560311,-1.2607203604979684
2023-04-28,-0.15053163783770798,-0.2609148387666474,0.6330636676570167,0.33659930918799813,0.20469464908328464,0.05222508400854482,-0.13510238435623717,1.073811915601513,-0.042460261736836584,-0.091298353965483
2023-05-02,-0.5908287080979309,-0.32849343837481315,-1.0741017392922014,-1.9018823569794234,0.1621831597056021,-1.286658512757874,-0.4771122627840101,0.5409017008963646,1.0706027076637998,-0.03403912162197255
2023-05-03,0.23342931069376122,0.3253660873480507,-0.6339777566522982,0.20524677819499307,-0.8547627942255368,0.4930402651302337,-1.7778714919489649,-0.5534862655476092,0.5963997996949452,-0.06592385462104877
2023-05-04,-0.18425952706035478,-0.40438802203247604,-0.6838520450068597,-0.5857646420356841,0.935936398862498,-0.31128929004896605,0.3821319833481089,1.1927075483726417,0.8283888164910098,-0.08358500574037875
2023-05-05,0.5424721292609003,1.3050356231103941,1.561774873257755,0.6533953828320876,0.3094648635290516,1.5175250371118498,-0.5470543210385013,-1.6294710925875342,-1.526851967128505,-0.4704174971660902
2023-05-08,-1.7406604115844488,-1.77542638951414,0.008445448600223488,-1.04144052011445,0.9481338425442843,0.12353176046371542,0.004136099011766737,1.280048541179039,0.3550917905281799,-0.013040944646870741
2023-05-09,-0.05679506831217635,-0.06168722620722263,-0.3923076677314699,-0.0316236417332949,-1.505309170312132,1.2997307055612841,-0.6356265501580126,-0.0009877924912778337,0.4552810026190347,0.25948090688417674
2023-05-10,0.01944069253319215,-0.06191362262637845,0.7440982140117137,-0.06884177636703154,-0.1474354386499852,0.13198799482929413,0.47464051753109154,0.7264147247727526,0.04598109584656179,1.947027125096925
2023-05-11,-0.6879670194960341,-0.6725386267381614,-0.43584128085734747,-0.8864756584452474,-0.3018062306542057,-0.22610404132969744,-0.5526851681489964,-0.5142593888079601,-1.017565193437447,-1.179875586073358
2023-05-12,-0.17654480510630094,0.11421349002164792,0.010275754017768545,1.3690973655414764,-0.21498607721033547,0.06712783877390015,1.5783456081787928,0.308379190656968,0.14521823804192766,0.9460344194612558
2023-05-15,0.3697177248444361,0.06902007456750517,0.40359966074887393,1.277875310653269,1.481057077879558,0.2668570967581425,1.0723656398376167,0.6670238378432919,0.23146770879105408,0.4812790703017424
2023-05-16,-0.1821587639648316,0.02333284576482566,-0.7099308862470014,-2.2285271059947878,0.05973431357591305,-0.8969770516263259,-1.2763747238302492,-0.8257732377307802,-1.4437300198604057,0.29441831991500944
2023-05-17,0.33384063639274036,-0.09986688617199009,1.3799769864400493,0.29138753355864117,-1.514544542975674,1.4476257577656635,0.19925397676347512,-0.8328794458579905,-0.3877440985146133,0.07738470036968961
2023-05-18,-0.5932449373791021,-0.3001391265578741,1.165463309482162,0.06340318183107987,0.655107425946472,0.45046961303057537,0.743932196594773,-0.23770170200703428,-1.0645307492111276,0.8662828917146904
2023-05-19,0.10889666928935879,0.14390449906048156,0.1387666178813508,0.7786907344026286,-0.7647102535105116,0.9167115690497316,1.3420478391879467,0.9095026535250492,1.349482543411753,1.628227680926119
2023-05-23,0.35183907149156396,0.5059323861482029,-1.1628456351643652,-0.9141088354263217,0.041775327874938116,-0.40427548945894515,-0.489805642379929,1.1387324109657813,-0.23497175860208996,0.4902465377041136
2023-05-24,-1.0312677319408767,-0.7996672019918636,-0.7525036897492455,-1.1040258353039445,-1.0437594533474723,-0.589105081266842,-0.043305357238408046,-0.456099153579719,-0.44086690045687604,0.2931033488039728
2023-05-25,0.04527705647110755,-0.05552565302355438,0.6561192957133456,-0.3697657549475356,-1.6008786598753013,0.4348212199948997,-0.2709063264099304,-0.13382854608240102,-1.2373166794930561,-1.219779410566604
2023-05-30,1.2702695858076187,1.1591439340110217,1.2067343037263654,-0.3040950249365005,-0.6484426094268035,0.0016904780410548883,1.142588994285561,2.025670419246096,0.5195497065970924,-0.9309648776940868
2023-05-31,-0.5253198388432578,-0.39972085269851604,-0.5720968114701458,-0.8820582048130094,-1.1808934262491393,-0.11223537765068854,-1.4933338118065496,-0.5975287460879507,0.35952799342202824,0.5385977230893833
2023-06-01,-0.49268488460615006,-0.24627325028410813,0.9965366220084632,0.22899588769958173,-0.08084003072947143,1.7201179572657406,0.42199678917528427,-0.4393085840513805,0.6290888285599776,-0.2156360749974139
2023-06-02,0.2827219376801189,0.3945225500747826,0.9889652903507754,0.4227472332074699,2.427633142068981,0.3071330410803412,-1.186599234496598,-0.38657443355982285,-1.8140831583392223,-2.661617213921559
2023-06-05,-1.7163930236681069,-1.341577327164669,-0.10130550859573072,-0.5670241179035753,0.6369558333112583,-0.6250599948482991,0.8377179055213742,0.5268907626915726,0.3635714641682436,0.6344275447834453
2023-06-06,1.5482944381121055,0.9016260785664942,0.3437370048858531,1.0860916014544004,0.06255712503506364,0.8143251866804863,-1.3975527395685499,0.09266283879174042,0.42537656362198634,0.46969659357560506
2023-06-07,-0.9150684730273992,-0.7526683885286715,-0.5173376538535612,-0.9247884101142126,0.5593422027576321,0.32617018542855414,-1.2167685421637562,0.8365363296737559,-1.1624164938915196,-0.06076224003298582
2023-06-09,0.08002031632205726,0.013592956159781124,0.7967622051799387,-0.9646025565831886,0.40121117336992673,1.0611644196036114,-0.5119818282093233,-1.3575638061547628,0.8583977763544286,-0.2681873766703678
2023-06-13,-0.6675196041976958,-1.5072968114666405,1.718640626868406,0.3258158567502342,0.3227921054113112,-1.2532673109024683,-0.6045174652204892,0.7217186320726621,-1.0719354864216097,-1.0200709039996392
2023-06-14,-0.8999940115585454,-1.2974780823283039,-0.03592100223782829,-0.41092551166774804,-0.4330581835985827,1.3506074580832315,0.0003271292852059936,0.09670358097205867,0.41085071922991395,-0.3828093105978268
2023-06-15,0.35582991891916804,0.06432918050046907,0.974157394993663,-0.2394379661273828,1.2979211782381195,-0.8157081559964359,-0.5791985598319443,-1.0038193005312714,-0.21194492820536898,-1.6357415457376034
2023-06-16,0.7064729887627315,0.5812074193939665,-0.661861340594485,-1.6554630609960796,0.553788363127253,-0.5021406005251368,-0.38109110045946215,0.6561782297622927,-0.17761326410478973,-0.8737051883895595
2023-06-20,2.001104822500132,0.9363014090320295,-0.5187291193011396,-1.3177918672561084,-1.4989021896062635,0.06813197651292581,2.1441206664797825,-0.06295440183206061,-1.1402770756648528,0.31506093255601514
2023-06-21,1.3911112500194887,1.1548752361311363,-0.6851161429710948,-0.15196645304657827,-1.2208802079457683,0.6592700305096336,0.33279165649024406,0.20051914637402266,-0.1473164747811068,-0.03243004331965637
2023-06-23,0.452956290177638,-0.07264067651422224,-0.665055170875152,-2.490091714928591,-1.1121846223247258,-1.2980024020174508,-2.8304067273651787,-1.693449407126911,-0.8752468691590897,-0.5588200344671158
2023-06-26,-0.35921982071701086,-0.46434842123668546,-0.5314339973697588,0.8747541451497601,-0.25770519424794675,-0.18073093121932746,0.9033551866719756,0.17834843873968323,0.2703139477673922,0.32362954293154506
2023-06-27,0.2985487857388488,0.3025497454811223,1.4259264266323701,0.5300323106722242,1.2698523782356677,-0.7489140721811571,0.6137300141684765,0.8274374203035323,-0.5364358661860932,0.04043202465970708
2023-06-28,-0.5498388014545869,-0.8607053743073149,-0.11986234577550782,0.685465126569028,0.1134803276962633,0.10230195871645682,0.9146555776480908,0.9714668483033354,-0.1506980614039683,-0.16401566267397816
2023-06-30,0.30960394584108597,1.2525509429988404,2.101658855046291,2.0403989746105307,-0.7673511244899449,1.6834506197497354,1.0468711487163698,1.51396388871123,0.5293179099344361,0.4377323910178015
2023-07-05,-0.03817162258777756,-0.3612704850252366,-0.21821481711502383,-0.4474150682480647,0.5862042846729888,0.574147226698181,-0.49342994236883403,1.1306917002102386,-0.221643054593663,-0.6148848928415239
2023-07-06,-0.4645206705828536,-0.7271855947493605,-0.4022563762753756,-0.47633297098176774,-1.8547800109646795,-0.9017210870421679,-0.25632787200863466,1.0753284585130378,-0.15752943768347805,2.7641089338693985
2023-07-07,0.47208523281411935,0.30114931811722406,0.11844033652503501,1.0146242063751156,-0.27898353704635437,2.328787296799903,-0.8392121844953107,-0.5737225783335984,1.4368287605744925,2.1704352011825416
2023-07-10,-0.036470025890107796,0.0034034574520491845,-0.00499800520244163,-0.8376772591670043,0.3581887694110276,-1.3513391603749638,-1.6489907934565813,-0.17622409432776384,-0.3084403903339393,-0.9094979048897355
2023-07-11,0.11104293701544171,-0.13344750341440154,0.6305237073370512,0.09976008765378132,0.6055688674767118,-0.13491561630654927,1.4474219968747764,0.29637337510263556,0.17766628562754302,-0.5733015920708106
2023-07-12,-0.3207863878871601,-0.19804229959550992,0.6732061666356252,0.4313500228465704,0.6378669043523917,-0.5194110229521924,-0.019148359450265648,-0.6733917522463746,1.1572841189273864,-0.7814831943981928
2023-07-13,0.8551978695293059,1.5120208175741057,0.3875192367774032,0.17669858828099533,1.458055909808005,0.07468556034398019,-0.415315358956506,-0.5451072385361163,-0.3989765918085474,-2.318830466065814
2023-07-14,-1.1502869633408257,-0.8671957957963992,-0.17317429626799105,-0.7091985387416304,0.2201434520248519,-1.2475560333832563,-0.6057292330556725,0.9647775427934434,0.032653614110329375,0.06602359600739503
2023-07-18,-0.502480771775202,-0.5749109302633266,1.5137613785822654,1.459895776071379,-1.4460661002258866,0.2347037807819737,0.8884595482052314,1.1737185347221306,0.9212116562580851,0.07736909402950375
2023-07-19,0.009179244626528514,-0.17972454906778482,0.23729124936107202,0.2877925069885068,-0.1908255097301754,-0.13738983504629557,0.4770829389613287,0.45222030769608484,-0.020893529759508055,-0.008912737291726182
2023-07-20,-0.18193722372927515,-0.057564068815172675,-0.9953254465977119,-0.39033267942842287,-0.1282298483540766,-0.005879559583771092,0.6471289975314981,0.8231575275088664,-0.5786419917170745,-0.15830533751184817
2023-07-21,0.07384769234204144,-0.05927997859916092,-0.005084857443808583,0.7278626276131548,0.6283474888796707,1.4285360685600015,-0.2787699795989902,-1.6223635716247449,-0.24905783531872772,0.029361339195756696
2023-07-24,-0.872143813301421,-0.6647867835578339,0.30811176581589483,0.47432271502309553,-1.5711293188616262,0.2678515551288804,0.5604591592325135,-0.6829061714478631,-0.40382224854479043,-0.6252180703392429
2023-07-25,-0.06732407214323581,-0.030064483034433997,0.0058189180437423944,-0.9692078453423538,2.52944919482168,-0.5904969841948158,0.11394232840940215,-0.31572460215258435,-0.19250260667803334,-1.1367487463713912
2023-07-26,0.1366162176401987,0.15486037166027478,0.12982939475793767,0.32897669854192985,-0.10882274217952415,0.8011996460214298,0.19218790487667692,0.7275048400337931,0.5193537574378015,0.7084937221345685
2023-07-27,-0.206695144746713,-0.23640389942614914,-1.0295438129997074,-0.9318333781827298,0.779375913037445,-1.8038442528927394,1.2441543720850152,-0.8343464572045578,-1.375824038325772,0.06058812917987254
2023-07-28,0.2264804408729226,0.24122971231647525,2.044619981268074,1.5726307803213915,1.1403493774682731,0.5155773192884845,0.5076581667610481,0.4220756757140888,1.2970945543476324,2.3594879121200303
2023-07-31,-0.21090348862764308,-0.38423727943408037,-0.0744357647343274,0.5573392885712161,0.3523289810726295,0.6331613408752405,0.7429999733188777,0.4101410614028836,0.3268812802244986,-0.7305589495106347
2023-08-01,0.45014427642111526,0.1297878334316566,-0.4334291833932731,-1.091193660325523,-0.19906965221261386,-0.4435795441398735,-0.3815700490924839,-0.28377617140358996,-1.6838609562810527,-0.1889481240441836
2023-08-02,-0.6434703160775405,-0.5325618076898053,-1.744971489942304,-0.9997236385133411,-1.5566596728261617,0.8526406132945035,0.2811983682366684,-1.4450752583948383,-0.1269084034283602,0.32524035230915643
2023-08-03,0.150205846090958,-0.005228475989378272,0.21775125852404364,0.5998500991630892,0.08497354825788714,0.47342094511290267,1.1391054941512713,-0.40389785453698857,0.18973633367333764,2.34877641150467
2023-08-04,-0.1646931539574328,-0.17975408874020424,-0.6134177059757701,0.7247276199509955,0.4874789210686569,0.9912092821549007,-0.032771196016005165,0.8937911316445594,0.4162135546641489,0.1715025572001242
2023-08-08,0.7583850526064236,0.3175848760266036,0.4426818026805883,-0.08788318405393375,-1.2153991133882966,-0.6013919259790437,-0.5021010814661669,0.19474540527032932,-0.9320016101411412,-0.26755717405186313
2023-08-09,-0.2628411861967679,-0.0786406713743967,-0.8075793933988513,0.9967944981834151,0.34834026748299596,-0.3903921331793083,1.2463700244212375,0.4714274559872386,-0.3966367493393871,0.4248112103527679
2023-08-10,-0.21245401798899707,-0.13512714736079862,-0.011266105145142305,0.3208688557633017,0.0927081688504092,-0.0021126504706490364,0.20483621740104718,-0.7143143915476532,-0.07759741750688587,0.026705010944372953
2023-08-11,-0.13071241448375506,-0.16715294212357923,-0.3249466317947202,0.48338379655611663,-0.6654317600739481,-0.45793695301868,0.030643588209183767,-1.0481359328397255,-0.21954117649472019,-0.46577959961254095
2023-08-14,-0.006852511806622261,-0.10192791100528326,0.8662194194399638,-0.6846664570421724,-1.0288999246451282,-0.4840111487442395,-0.6019663258230677,0.09042738141859273,-0.05410707505436354,0.4686561377811838
2023-08-16,-0.83333536757998,-0.5895939311827024,-2.193905383949307,-1.614040013043014,-1.327593882498924,0.6022826317449947,-0.26433526891134407,0.6034365693902559,-0.49580494423513183,1.6596887877731084
2023-08-17,-2.7313763882036883,-2.0361009157666494,-0.8159045051699864,-0.09005291040566452,0.10397432970694212,-0.3718296755257876,0.008567041293809948,-0.7733881627977924,-0.696078273875708,0.1440359207481426
2023-08-18,-0.7758934567050592,-0.4831725880134817,-0.2523870370310526,-0.13149461554273678,-1.5353239556517686,-0.05580144460012968,-0.05469778826333625,-0.7565632558322621,-0.11739458140750053,-0.8932580534185627
2023-08-21,0.061937707955648534,0.040486477618788944,0.8006448251150692,-0.1900137669085564,-1.0950851355497166,-0.8532188926661685,-0.6467019341939682,0.6107460402345793,0.4673417510967897,0.3021952821581254
2023-08-22,-0.1721348533349689,-0.6188813196951594,-0.45485019640649826,-0.7450073264977708,0.6384421537860089,1.416140605822383,0.002358845470191314,-0.19004422304279292,0.059167483614335666,-0.41985166766786014
2023-08-23,0.4033318580518504,0.6191330038513252,1.1790881257128991,1.2000451122488245,0.18164348528848034,0.639869476442321,0.10251190481434926,0.16621738292254673,1.209320861886453,-0.3480477295212304
2023-08-24,-0.5647471035178396,-0.544730178168938,-2.3146756898329475,-1.6981922978232482,0.9946046474913202,-2.8022706141215274,-1.284249612674949,-1.522385011291438,-0.7703623333440031,-3.4524879223254574
2023-08-25,-0.1495167157874972,-0.1582202045355767,0.6260922977932087,0.8836397791810386,-0.2419613425093793,-0.30877478322689145,0.2334726573869065,-0.8183785833789501,-0.32827387891664483,0.3828123126793288
2023-08-28,0.031047718409945593,-0.07963858408946514,0.5330514031534057,1.0406753516380811,0.1022545966794913,0.6607334978329965,0.7341122596261808,0.21493527417127076,0.3716851747392747,0.03433337133133007
2023-08-29,1.9243215946620642,1.1477748097991851,1.33464643540665,1.4029534031277853,1.4639999469660037,0.8484512612551265,0.6721457494394294,0.2003637780768457,1.0601679164925364,0.05721033716105321
2023-08-30,-0.5712946707887471,-0.512050745388329,0.07476907078444855,-0.37431674975884777,-0.14615522682924378,-1.0967040108784347,0.23388899700409746,-0.42902115008799596,0.1260102300133005,-1.1127682689854592
2023-08-31,-1.4832622627278345,-0.9379612583859179,0.028241721635998696,-0.15479888503592815,-0.1944269273605712,-0.42259733684096723,0.37228453524973115,-0.4689898105151719,-0.12529600306131414,0.9840573323648268
2023-09-05,-0.19328655617352355,-0.25377471335195384,-0.26543172670142395,1.171374561501523,0.252308527089813,1.7840230344349601,0.5886529104168634,2.419755244294242,-0.7027844784156461,0.09470788845899544
2023-09-06,0.04756275167921829,0.010880892224205291,-0.3660876891244835,-0.25491620682175553,0.3663938222708655,-0.11130773362091827,1.1682495460680835,0.6459030946028329,-0.04984182594736579,1.7905306577186622
2023-09-11,-0.7390787766373207,-1.427282440498872,0.42252314374816163,-0.46609433267916855,-1.5224227866966211,0.7322619535607631,-1.7313643791916162,2.242336644642185,0.1780185364754316,-0.3510361608928202
2023-09-12,0.6928852508177678,0.5494698331433625,-0.8901851537855272,-0.3569167027413495,-0.41268249390522005,-0.22725803569959777,-0.5706156079322257,-0.21967929789187696,-0.8895505105677193,-0.5309372427955874
2023-09-13,0.36459154663985865,0.14020511379198888,-0.06627668028926877,-0.11160932151001421,-0.17629455011558165,0.2756696800815662,-1.0284064739473222,0.1953349492597395,-0.3178251436246867,-0.608233965917205
2023-09-14,0.3401701958516002,0.25319526825696875,1.1374909862287161,1.9453118298492562,0.2591852256297878,0.35930965866605197,0.7910937973838266,0.22080753190507008,0.12965525366024,0.4153710019949596
2023-09-15,0.06521214619971234,0.18387518634254235,-1.4198563751879927,0.05654821931836228,0.711291073730904,-1.1319502086658013,1.4720196103012262,0.5569006458905726,0.8929562551380973,0.41372442244959334
2023-09-18,0.14280270404146025,-0.1278943143265091,0.09177843186380029,-0.6228279682860476,-1.041861863749132,-0.30729148197207495,-0.9105234004054505,-0.3779253377266784,0.4818644373168576,0.23296843374905837
2023-09-20,0.4373580046816308,-0.27834248197639183,-1.2750746772996966,-2.1724587617661406,-0.11161193969983144,0.32751955860497844,-1.4720146570093282,-1.3975468656555685,0.9194349783423962,0.5411495420270919
2023-09-21,-0.769041395408157,-0.756661331646834,-2.019884815572876,-1.8454478066800728,-1.0537277110285606,-1.6888216157611917,-1.2569120540536702,-1.2115873835265445,-1.7241276971872252,-0.7415135102088982
2023-09-22,-0.11093211741145483,0.009911397915440868,-0.46188671715327745,-0.2512599942516126,1.52643871484671,0.5824871409565391,0.2322384078642025,-0.768883507431829,0.04131400757516835,-1.2829097936886174
2023-09-25,-0.36520419564898077,-0.1346425717448681,0.42236806948503675,0.14007806565004968,-1.2139300744740125,-0.024204712534356847,-0.35834865817856254,0.023099680539435195,-0.4260723728436411,0.3990004042999877
2023-09-26,-0.13198395598179122,0.02563181247988453,-1.471978338074114,-1.31969644360195,-0.9967235985848765,-0.6295911769272583,-0.2481557679429786,-0.08281619474716215,-0.8858110320081244,0.22751341831211777
2023-09-27,0.23199588243987906,0.07961333476005353,0.26828400734499186,0.16505880976037252,0.8538689000202007,0.6198866614405624,0.7518375218194253,0.637308755451707,-1.3185327479816806,1.5915752251017796
2023-09-28,0.7747209611001752,0.8387520836823941,0.4316408085455815,0.5108877450436025,-0.9800781539438068,1.8105111190575582,0.6385716367711163,-1.4814443803016855,-0.7489749000996231,-0.546311094514775
2023-09-29,-0.20391058063413486,0.1577240100395894,-0.37086988163404044,-0.4081724854368196,1.7652503496173513,0.3508732402187855,-1.1930422083398917,0.5632789434095292,-0.7572447034123323,-0.27849297397363465
2023-10-03,0.674039130805879,-0.21331457621862412,-1.3399412523329781,-1.2764539787022948,-1.5394295309614523,-1.5826693584372282,-0.3710289343275198,-0.5426288238475327,-1.1467866379659792,0.9372007611691676
2023-10-04,0.3529506878197024,-0.2742059538766106,0.6077337111910411,0.12623655862407127,-0.53158826351411,1.5265966170323926,-0.12318777957650126,-0.8948681715209242,-0.5309976210571133,-0.9125944391634049
2023-10-05,-0.44790702596776266,-0.6331117869735723,0.08561362344442851,1.1330652859962307,0.2176491708439485,-0.21112674652536775,0.527490589946158,0.9337976531388776,0.12127649475550972,1.2758215160804685
2023-10-06,0.523248093490252,0.43202557604722325,0.9589211669844047,-0.02268981095503716,0.8706564831307466,0.4987612791871019,-0.6728081034887617,0.24674912036598076,0.45077203280704,-1.473877374732363
2023-10-10,-0.7456494736002811,-1.426167518261793,1.2759529240656402,0.4782307326353402,0.6916411414105458,1.255926110317113,0.6022514764487027,0.2023793610813274,1.7613181926314305,0.17070349790665537
2023-10-11,-0.7319308595073789,-0.10674161299662338,0.36407131025918366,0.9460685577712078,0.7690046032641653,-1.0822619488892926,0.538889481210542,0.6753097802623312,0.5489858912960426,-0.21928049110183867
2023-10-13,-0.06294872773341899,-0.3161382472517296,-1.2901533959883535,-0.36787937096347284,-0.22847334438016026,-0.9193214381273392,1.6245987225609604,-0.49975116602484465,2.800553121132595,-0.025665017613643
2023-10-16,2.0714066163035616,0.760429330381005,1.0563406987982966,0.6216014991937889,-0.6400360081382669,0.5178519882148476,-0.35609250643522994,-0.21314949752655457,-0.28581962267530603,0.023927974773169318
2023-10-17,-0.1932113135918358,-0.6982937761216536,-0.16547606124266495,0.013055813272078255,0.4267974631368897,-0.6698293216963098,-0.12223504778927012,0.311173208818326,-0.05270941886210314,-0.6627201019897324
2023-10-18,-0.12330048135374691,-0.08389609270351397,-1.431212048379503,-1.198615643390744,-0.024736906509354697,-1.1975225162813299,-0.04746055467104548,-1.0273668656204769,1.490468049017062,0.33174159587613694
2023-10-19,0.3916086215093962,-0.011271360156285012,-0.8862395809768518,-0.1364305931918589,-1.7816824582450235,0.21553850144550307,-1.1507468683110227,-0.4386371519140659,0.5224639435477922,-0.08301490999231284
2023-10-20,0.9657389837472448,0.5151250805639855,-1.4791043919220102,-1.8174406232708935,-0.6224588243996996,-0.6348793767553449,-1.6010057038501233,-0.9664273731267925,0.41876421005065245,-1.1780156836557167
2023-10-25,4.716505444264667,2.8267333385039293,-0.989164336646071,-0.9466302699534573,-0.4370602825568727,-1.4878072367454036,-1.6873960237662788,-3.3993123732034056,-0.11527449886375492,-1.0728378060507104
2023-10-26,-0.1885338632097127,0.1897689629974333,-0.9091541835876218,0.2646780073428315,-0.002457499114248349,1.4766371154585172,0.6905210696908792,-1.2455052067645578,0.29624683408020314,1.1830207301764273
2023-10-27,-0.1553965324238407,-0.3433783274824802,-0.35436962282213785,-0.6272141350650968,1.6104939614173346,-1.0069634938572012,-0.3436163241935252,1.0284715620484366,0.14345558830386207,0.6614715071177746
2023-10-30,0.35465888358746717,0.3554386416036581,1.2504991971982855,1.3059523868387088,0.1687501371262232,-0.8905786828480061,-0.8376235318286812,0.5512467118926433,0.46585178599144805,0.8070162108566583
2023-10-31,0.032954460779062764,-0.020930662919741286,0.4153356107178293,-0.3654542403636382,-1.279158428138341,1.6323847187595637,-0.6565259262028571,-0.5373716236935685,-0.7223769849739942,-0.9437677269224037
2023-11-01,0.43963472903570044,0.3236561165095325,0.9403679186885794,1.577555818639865,-0.002629578645749814,0.9549996546352338,1.5394003394513658,-0.5923561381414499,-0.38726280134465285,-0.25076153793518463
2023-11-03,-0.5059642951330421,-0.2711559802484151,2.6209544297585534,2.8657379583435523,2.276285408418087,0.6696829746667273,0.6820342729650963,1.2181286570749288,0.5521977674480825,-0.33591587719056326
2023-11-06,0.1352728884020974,0.7865476818829431,0.01017290773911559,-0.8148413091734757,0.9729842257232938,-0.6771809834860031,-1.4380003195520867,0.7769815984640052,-0.6604826513951295,-0.7893505307003978
2023-11-07,0.24982945046576094,-0.20786444749149785,0.2310487870671774,-0.395112542197479,-0.965836154826494,0.27507264994881114,0.2120482563890069,-0.028687515281338685,-0.7324857924553917,0.36893036574867394
2023-11-08,0.10365793372177111,-0.05684869262317519,0.04743426874442806,0.2070839390381629,-0.3336034145099126,-0.3122799042871685,1.3542782399048743,0.1343013229004131,-0.83227930193627,-0.046671633915922016
2023-11-09,0.6749790199479954,2.8461128634984565,-0.7803599436789104,0.3636445779784817,-0.23795255140820776,0.47800620541482214,0.7004976585218878,-0.3933631866478466,0.5924993138306234,-0.2490942943137068
2023-11-10,0.41218368227425334,-0.45819425741462766,1.464311908165724,0.49830740694367437,-1.1127044083095035,1.4667174491480408,0.2712825722780487,0.23389292214744906,-1.5867295867693485,0.7136300049581137
2023-11-13,-0.6319176274970639,-0.3066351445143385,-0.13487869899912064,0.15776469675149085,0.8591613024985244,-0.8126763778700341,-0.5734322738033434,-0.011650294086199449,0.5753371717143912,-0.3064539893184593
2023-11-16,-0.3390735928554383,-1.1092418349576763,1.7685226613036116,0.7783452800218231,1.4042369551901246,1.9090319798488162,-1.028059822486962,1.8059098117239194,1.738004609347719,-1.1127188798108956
2023-11-17,0.2569805278623001,-0.07723217105138144,-0.0064496690320393485,1.097319938234771,-1.4118036847462079,0.20180415343230848,0.46147251226243735,-0.37511972479012584,-0.2237625193656019,-0.6966697489695342
2023-11-20,0.6646852839484108,0.6418461191782713,0.7389150717315504,0.2934934824099891,1.1951420347944077,0.06685156480103238,-0.4128399284654628,-0.07777305897490551,-0.03768877135480077,1.3443395656952268
2023-11-21,-1.3135308924460554,-1.0003917728076366,-0.19291289736433634,-0.7333712155894964,-0.13140849608121924,0.20184347603140076,-0.5699441587043323,0.5022237218927347,1.036349768613703,0.12398146102525891
2023-11-22,1.1445175902153604,1.3182196041046825,0.3490598607622505,-0.18567865182830923,0.06513234899144126,0.961404009944049,0.013809837026532535,0.11490095206132295,-0.398897478637729,0.0657928559000929
2023-11-24,0.1502428110325473,0.10345855429773289,-0.0008858848535035616,-0.17149903028734523,-0.601311418349761,-0.2782451310522185,-0.6129488576928522,-0.2195978021614423,0.47638166178284175,-0.15578441635874876
2023-11-28,0.03407318709274816,-0.39167538700993626,-0.14021635811625383,-1.276634354433015,-0.8235888247176353,0.4730084083012413,-1.4209319506364997,0.5664237638665796,1.8110017686837767,0.04252430652101715
2023-11-29,-0.015159504006466838,-0.2610629707694841,-0.10104274068602752,0.11594836463020665,-1.2886585433765725,-0.6581442527681571,-0.4458048583194684,1.3846075348559677,0.342867173343514,0.3552411108629231
2023-11-30,-0.19383085218813123,0.15478982436421324,0.25943928896692614,0.8188495477740628,0.22236294525353836,1.1831721538762374,1.4680566425899604,-0.007213253718104525,-0.5622056182727255,-1.0011401681484149
2023-12-01,0.6955806830254369,0.31558888513685557,0.7073574183605866,1.001869860785537,-0.7491894893191279,0.7440238792024166,-0.012110327684847341,0.8140884768177526,1.5031607144947912,0.06353953734796507
2023-12-04,2.282411228902232,1.5575514128362167,-0.9846873638302427,-1.099281118786084,-0.8008975406784288,-1.2811058779682467,-0.722627267156808,2.397578225378602,-2.2836802890171866,-1.4800405431330814
2023-12-05,1.229372584052426,0.47024074727710696,0.15480842574160414,0.46560106919361244,-1.1222778218839613,0.8350127609233553,0.3802217379580188,1.0602944049602463,-0.07242238476232547,1.718982920409013
2023-12-06,-0.26468931873054363,-0.7076456076857837,-0.7575893167242075,-0.33467721124175887,0.5323013388930475,-1.1391732874455605,2.974226719916559,0.20438254943329817,0.3509869508950534,-1.021487750544869
2023-12-07,-0.31961871914973594,1.1456368294470618,0.9362672592060646,-0.05500008968925836,-0.5627016908655152,-0.23358875585043876,-0.08284764987611612,-0.3314737842166024,-0.09673923160952284,-0.36378332803822044
2023-12-08,0.47853147669775303,-0.04280516112466435,0.5573969719249922,0.46254501253350194,0.0401344794220335,0.823437696765268,-0.3276929437834672,0.3734985561638411,-1.3673483551492713,0.4418159109617327
2023-12-11,-1.8164895678492918,-1.3584509257778756,0.5641022717975099,-0.19526928265001303,-0.5194647833200792,-0.34085675803714244,0.38086729984328016,0.16447218913708586,-0.8438385900098104,0.5412387265939904
2023-12-12,0.046386321748171824,-0.30911747593358313,0.4031642105321689,-0.8091648115902818,0.7098267065654705,0.2579171990535481,0.6700873116172575,-0.7819735429057318,-0.14074547815930927,-0.9491511585946191
2023-12-13,0.803030493389598,0.5207649987999949,1.9175166253304359,2.7365979881681595,-0.559377062670504,2.389768995236699,0.3986362159964191,0.09160992582322362,0.21662818721876606,0.3406729776437692
2023-12-14,-0.006582211287816061,0.44281520854300255,0.08054336597111796,-0.01904195241589729,0.7527578763826296,-0.04243985416462934,-0.04083214961844936,1.304339334113513,2.0290583043523536,-1.1986818285174787
2023-12-15,-0.7009953832712414,-1.0353675114638634,-0.0682666423168409,-2.0165740625715642,1.7774586884994836,-0.448628801529632,0.345519809780862,1.5139388908421372,-0.4070247496845428,-0.0391109636886264
2023-12-18,0.2898967725208697,-0.15852795230265962,0.10859150580653082,-0.06639920091237439,-0.8980363097766049,0.31868849491092444,-0.5826716083981083,-0.6695718000543953,-0.08591472137817693,-2.588207950064907
2023-12-19,-0.24919143014551684,-0.45873647347494756,0.8286151594628811,1.104222025145261,-0.4963285113659822,0.10107961781801864,0.979034747246391,0.186327601969006,0.5577511267163828,0.4352700948360532
2023-12-20,0.8050824685225063,0.17555789521086904,-2.1174183547958303,-1.517043042173504,0.5148695252299433,-1.1541198954654075,-0.3323635448470351,-1.892715193942712,-0.24071623190120983,-0.2857743624918557
2023-12-21,0.13525998876248216,0.37347632119967905,1.248460882935664,0.9399969339240625,0.2780964677987759,1.6958968305660456,0.0936759414539429,0.6821698823050217,0.3587659181632944,1.353684573661567
2023-12-22,-0.02075886482570888,0.792288688633816,-0.05925356470465964,-0.17118524617291583,-1.3287069412635413,-0.33375610547260437,-1.290880626521398,0.2165861208316904,0.6315643111210351,-1.22986765641152
2023-12-27,-0.4012468511782608,0.465569311069506,0.6084245939677262,-0.004153929383590699,1.269396144622512,-0.2397636443449055,0.513709760745249,1.6261226749326863,1.1618003543801976,0.2865463294753023
2023-12-28,-0.5774434383176628,-0.368577469856004,0.08456266178226218,-0.29904406370862346,1.8251258056304291,0.23416577605857405,0.3890512208268437,0.6300493974183682,-0.31812464029989324,0.5660582177143656
2024-01-02,1.4752688189969674,-0.010634621913483536,-1.1778321058362993,-0.09465857605476743,-0.9678637946931232,-0.5492880619710288,0.8758020533776232,-0.7592368001364622,-0.5693391170287428,-0.667253454570237
2024-01-03,-1.3642268723850928,-1.6330097929417398,-0.9044051859573847,0.4295294320492394,-0.42538425567414445,1.2342746542228618,-0.8298516396052071,-0.7966585405801064,-1.4293382224297395,0.33175891661539914
2024-01-04,0.7723180245271283,0.5474407595999503,-0.3713487788266048,0.5794419888679744,0.008065707550205576,-0.9876501272565397,0.12071644435135839,0.72455919579999,0.39478463386967033,0.39837631466587614
2024-01-05,-0.08897089766813164,-0.09885183665097418,0.03455523997247418,0.29526590483587606,-0.47271846177984833,-0.015084697455995914,0.30968297106737597,0.06791056547288435,-0.13360138763789559,-0.8281622067089762
2024-01-08,1.603025331669124,0.5777843735361284,1.6107120928287164,0.762204064415398,-1.307915775576321,-0.4148452269439615,-0.9177855455289187,-1.271563626506269,-0.871834551386749,-0.5805603673365972
2024-01-09,-0.5480232465083863,0.00485170006039343,-0.41573435266534453,-1.0082111601514692,-0.272325134356472,-0.6405834550910331,0.8373430209691685,-0.1250204779546583,-0.2243460965520069,-1.4216852786653462
2024-01-10,0.24211994048202554,2.2993865171731636,0.6936314842790474,0.5509389989896124,-0.21495226412033994,0.2652889861464893,-0.12086839020084858,0.4216122952653768,-0.185495970066787,0.5736673335957491
2024-01-11,-0.23636608665470848,0.2111473629894395,-0.30190595796147385,-0.7427350510951741,0.8765964669130408,-0.5035126645945462,0.07416767971445451,-0.10234921566143006,-0.5556297195563019,-1.0760514971514445
2024-01-12,-2.178404386311045,-0.8651766464943684,0.09224209765372349,0.4744422947232497,-0.1992428861031221,-0.14699506612714108,0.01721297008765952,1.4179841543046803,1.6612026233355248,0.31433661783937555
2024-01-16,0.05687580767231098,0.4112124646802233,-0.9151419830347125,-0.1107746123673092,-1.8469908766366487,-1.524275053746478,-0.8863943671494239,0.33501723353312746,-1.2864000352089435,-2.1014500960899123
2024-01-17,-0.214642285645398,-0.5237303952307604,-0.4483946569464983,-0.7814897465711185,-2.264263486040031,0.7589120597161408,1.1404186218023193,-2.4007551430554863,-0.8791950332551375,1.7352181132475546
2024-01-18,-0.9050517807580902,-0.598509814244305,1.2336914232530578,0.6139434251885686,0.4863257547751907,-0.585324064918479,0.0113010843967402,-0.5069036660827265,0.8047720151491888,0.5517383845391991
2024-01-19,0.16084849055070263,0.12829908651671873,1.4247164574429358,0.7194292296148687,-0.3144419622446028,0.019731522825576726,0.6359712453025972,0.6794641218111248,0.3039533526012256,-0.2446293709710066
2024-01-23,-1.1870091848984397,-2.520324733807414,0.417485715788016,0.5735639837608023,0.1316625481347201,1.3957131773823344,1.723328425681789,-2.1311919402637605,-0.2578793583409007,-0.6342872328622636
2024-01-24,0.13524580091598826,-0.09327795333221951,0.20134991384945974,-0.1259153738844179,2.415456890092218,-0.8137698510972906,-0.07279534577670312,1.0147591612320344,-0.378540621292448,0.8930815430885651
2024-01-25,-0.17918995377905228,-0.23599394486241043,0.39203288653284546,0.9533838042092917,0.9675497215086241,-0.26815283415076835,0.5626370118500131,-0.6679725464945606,-0.04895132598864744,-1.1146604609725885
2024-01-29,2.0884420313000485,0.8495654250578111,0.8539409617927151,-0.1017387436102302,-0.4527446558690437,-0.121900231462658,0.34610830237352397,1.6740822760960172,0.40183101213346256,0.0702578371015704
2024-01-30,-0.21817135587520503,0.18739859579206605,-0.11225123611425389,-0.2621198039791784,-1.295910414713472,-0.11107100837991253,-0.31144285192032883,-0.936953399451087,0.3128596998666317,0.13867157302857522
2024-01-31,-0.26693196754771814,-0.6442021396875378,-2.377186806050677,-1.6185902120422089,-0.7653181275145958,0.1574370726772846,1.631461769003677,0.7251433680263294,0.770039198642289,-0.4916410037281267
2024-02-01,0.21858193603380174,0.11830210185932281,1.128537869176099,0.7341010482209034,0.2898767998711674,0.4405161101119743,-1.0001760703020035,-0.26307780065651676,0.11269490718500241,-0.6120604818185773
2024-02-02,-0.023761322460465965,-0.06061113134448934,0.8310870255843245,-0.9101621850207848,-0.17035193484612784,-1.8019255076387144,1.3220298664991375,0.46351805403590673,-1.106110718081027,-1.2366654579301655
2024-02-05,-0.34918352708976774,-0.1382790261563029,-0.295682492558208,-0.3854461161060486,-0.0031379162726722916,0.6277635685840853,0.19829100377641892,-0.3781020217698871,-0.4989715541623082,0.4902974033918852
2024-02-06,0.24659748530752518,0.6750843184901525,0.30935399517906487,1.29804111704999,2.7014630073915025,2.2740392942340266,-0.1312515336954003,0.7923274407820357,0.5418418635418557,0.7863443638832335
2024-02-07,0.7079395807379311,0.41274738137504857,0.8051734870942555,-0.4879826675167076,-0.17606529491170886,-0.362609765199915,-0.3250349633924514,-0.12938269189176282,-0.05836425499176717,-0.4216611214084167
2024-02-08,0.5301995347529063,-0.12582867230878755,-0.08896794550258541,-0.6420549806450738,-0.7481461157952235,-0.8460753273706139,0.2590692263824461,-1.2468360285429183,-0.2895313416494795,-0.656715107064602
2024-02-09,1.0507017948421988,0.571549096844831,0.5725552402864359,0.40071176641459655,-0.45327987259180585,0.17991987492277955,0.4862815239791797,0.19002344305221577,-0.5726523051545647,-0.3840189642309472
2024-02-14,2.5706225092956343,2.5879015818095383,-0.593557133995932,0.35225925313899503,0.5725822141697473,-1.2568655830514694,-0.6671001732611888,0.3176182510082493,-1.7492971976618346,0.7029220374886591
2024-02-15,-0.008890398005607645,0.26163473743270915,0.6090335354287277,1.7194266389387551,0.24343134682576623,0.692416329944949,-0.006078662758969846,0.22936441159240142,0.5174812421672637,-0.43810848965371507
2024-02-16,0.039377980348507806,-0.2283561689650429,-0.7674843330321566,-0.524452804934672,1.5792049266285462,0.5788874026151485,0.2703477322377246,0.5562008819877796,0.3935560190739001,-0.46709440265621155
2024-02-20,0.008520714910001006,1.4603543391006266,-0.8557375826229698,0.04145831470545674,-0.30312314347423064,0.46284593353762765,-0.11780404815961633,0.7755851491162307,0.7945573262691193,-0.030630878317092207
2024-02-21,-0.32440130862472893,-0.4067468134366152,-0.22007542990285175,-0.3805715738191591,0.8568029817565221,-0.665366554974269,-1.8772455060823114,-1.1871597924340453,-0.5605554358618988,-2.1120214397611923
2024-02-22,-0.2855788712706475,-0.03698155324894181,2.935520300694946,0.7593709129318331,1.0178022701698586,0.3509690401517127,0.3571608666478111,0.9342877324761648,-0.04679027844372535,0.863688426172774
2024-02-23,-0.3709034538326673,-0.4416286168547039,-0.10078512264592794,0.26582527926963484,-0.07756478063130351,-0.1757782094225442,0.28681290320553793,-0.22622228095317898,0.8619834221406094,-0.7323519571748847
2024-02-26,1.874785744349611,1.7477249120146756,-0.4225656817292319,-0.33879976278329077,-0.3163806513071791,0.6412807383865565,0.007270452108850237,-0.6010622197004115,-0.5677186644365398,-0.04365167244913809
2024-02-27,1.048500476833349,0.3336812232902198,0.0701759205256889,-0.20010758470795542,0.6380271091148308,1.0688631472681405,0.6001375819451837,0.2788422899257998,0.20007492756891848,-0.4176522304298945
2024-02-28,2.136643296295284,0.8263712603431552,-0.12830415563345862,-0.07494013676732302,-0.9491660149141773,-1.780448446593557,-0.019020976542978556,-1.4195378570170192,0.020378550246701845,0.7957052127009862
2024-02-29,-0.4997877668806374,-0.34723773708025607,0.4839010999846637,1.1777661209905288,-0.08208833802952344,-0.2155185566993503,1.5603910792929274,0.017246571435943058,0.5855188913087331,-0.4933705354983394
2024-03-01,0.3796823005295483,0.5034777385031468,0.8924107589358319,1.074028389761569,0.3668631241614627,0.10461330732028104,0.6613404299419836,1.9343443030597447,2.1490315921118457,-0.15659868825869522
2024-03-04,1.913905305298777,1.0867653674179132,-0.32094000407711193,-0.4747660634417202,-0.002481549689341225,-0.9588092073548252,-0.8865751731033056,0.15032379325817857,1.3124776931312925,-0.804070233171749
2024-03-05,-1.3951211969499948,-0.4979116963527508,-1.2922423089185233,0.20140592954228204,-1.943334837699676,-0.2689549451602197,0.2647225702988235,-0.2708754698994716,0.7313994236357334,0.517164194439801
2024-03-06,0.6251833777452556,1.445148900070011,0.4910512257621828,0.5048061053271096,1.1356725194345842,0.6813342217427192,0.14800677493701558,0.4940186729243316,0.6712942390337538,-0.417559542859209
2024-03-07,0.17691159587376698,0.20312176263766638,1.0802139524568224,0.31660139261646186,-0.8726738467701116,-0.722105761363229,-0.8863233410094595,-0.10088241466480675,0.21695289698284978,-0.8545983421992374
2024-03-11,1.4391400365289444,0.9185757633555117,-1.0838020297514332,-0.6301524266316285,1.3877259727543985,-1.0406844740979615,-2.2989399449044376,-1.1445628215825148,0.9841802890134764,-0.8683554254604011
2024-03-12,-0.21372798790199174,-0.5146235652638641,1.2324911960514995,0.3068613615317119,1.9638632689609576,1.045803959189048,0.29271606072882467,-0.052732509553045155,-1.0226460871163598,0.1314807068551372
2024-03-13,0.4044595516066538,0.07671945434750903,-0.20668489412448174,1.1046644067775953,0.0390362682883696,0.09668026344567893,0.46596785364086296,-2.0072025629953667,0.6859528384167282,0.4714823193280697
2024-03-14,-0.529392040782635,-0.7550319672406565,-0.4130895123834863,-1.1795425919348947,-0.4151640759049573,-0.2535742285514473,-0.6734590081692247,0.6659086166526244,-0.6186565089387118,-0.20170028906750698
2024-03-15,-0.6097411804947582,-0.8850744578590654,-0.6683394008366452,0.9118405877306668,-0.776995209247452,-0.14062427434535,0.3726977913579357,-0.5596862991134319,-0.15447945774504657,1.3838278106437896
2024-03-18,-0.6489083076362371,-1.392140321464637,0.5783379524316735,-0.15730979002873038,0.023080472895032924,-0.42510612265258435,0.3423548165474954,-0.03723140045715201,0.01086995330294009,-0.9992419155947001
2024-03-19,-1.9448117674563563,-2.326384251633061,0.5885093297705215,-0.06491558528680694,-0.8414306311845452,1.4825172646384666,0.3825665189091227,-1.4841302471959912,-0.2981486177266398,-0.42855612815274774
2024-03-20,1.7983772148095667,1.925277511573349,1.3401178094160964,1.7357259141629822,0.24988832422595547,1.268111592557845,0.7199621045658605,0.26754323414560977,0.24755442433588176,1.8313974840023894
2024-03-21,-0.6893447544128208,-0.1529867600323,0.32006690065887355,-0.6643175204112601,1.357325906036401,-1.794862639353604,0.011748508866890718,0.8642546501432791,1.1622166793547082,-0.020171468242980644
2024-03-22,-0.48710017687899604,-0.8301356654628252,-0.0031045753967261437,0.11792546698853126,-1.3009748602427653,-0.4588985695860692,0.501427837137964,0.6098701639343295,-1.0062913653890184,1.6486348581624406
2024-03-26,1.733127331287349,1.2577252760493098,-0.564117955215903,0.3470001385521659,0.633986183664277,0.006611620406912528,1.1192617369596543,-0.3369871027304027,1.0069840567362351,1.7193750604695996
2024-03-27,-0.18903366624880993,-0.49374971625545305,0.9541280241602352,0.9284145220147796,-0.915763298113023,0.500913489536269,0.4956278716766634,0.4652422368704689,0.552076649010356,-0.7828812382337007
2024-03-28,0.2899437474196733,0.24604776991523478,0.08661818022274331,0.35500605840565913,0.6362985411557642,0.5124900456625279,1.6003257241964848,1.105051589498101,1.2107183861654762,0.045414923674166406
2024-04-02,-1.476452342738826,-1.5407632753910476,-1.309757646620404,-0.6454134825741733,1.637770892253392,0.7258541317885575,0.5377748393476314,0.6732695388217529,1.9365030895398794,0.2834411741870841
2024-04-03,0.0889688006580841,0.10805379030753946,-0.038926652709616955,-0.021946862327189287,-0.7656988015765467,-0.07627571776013635,-2.3461771953587496,-0.3103943798656991,1.2168800436612817,-0.713801547451285
2024-04-05,0.4922534001937021,0.007277004366357821,-0.07099070942339933,0.8780046323260827,0.12064245306559615,-0.39811503554471345,-1.2997456217907688,0.551321999511331,1.2927390208575629,1.1013808539118577
2024-04-08,0.9361882322113638,1.8499733267378773,-0.45572222568820864,0.20784735936952306,-0.0914447368976631,1.1798786707687874,0.2519562602910743,0.49827703161283,-0.019213027709036608,-1.8775748605812028
2024-04-09,-0.7175042425793655,-0.9525961245050071,0.06358005906367122,0.17896108621346848,0.41838739751215953,0.09095587091901913,-0.1660593512504856,-0.3077004780819007,0.3683527383807092,-0.3647128200994435
2024-04-10,0.3390030103727651,0.11765892291122045,-1.6190194044867907,-1.150545344977042,1.2686574233213865,-1.683419040478379,-0.15472329010996733,0.4869784074446176,-0.6565543560528775,-0.5370191622579682
2024-04-12,-0.9868619631152361,-1.5721645656518053,-0.8331339983721391,-0.5441014514628092,-1.4970688133978765,0.0719674236121945,0.8134932219432013,-1.38897403991953,1.1422091487435195,1.0166156370871273
2024-04-15,-1.1155597281202687,-0.7405734454797082,-1.2436459288345334,0.07196193188666174,-0.2502260206031168,0.26645290303476793,0.980260911414474,-1.1786728696240534,0.6037159155753925,2.247196402830748
2024-04-16,0.048033584959758416,-0.16619592861150637,-0.4790036231131905,-0.5716914245956317,-1.5690025456499537,0.32531464681254135,-1.7485606171831873,-1.006789935007185,0.8040159870040275,-0.9500238182166949
2024-04-18,-0.11875122216202413,-0.1437589693599569,-0.9511830511702142,0.3596168467656059,0.6290621919072122,0.7674577786351033,0.5792972918810266,-0.8560615601043376,-0.2947304521263554,0.5955892783187829
2024-04-19,0.04712052777227603,-0.10777232502216957,-1.2363646701349054,0.4673481538943535,-0.6454474354955635,0.7379842136728574,-0.9731855050930015,0.6919318212957458,0.5263463089541828,-0.5278237181301801
2024-04-22,0.8910539655133344,0.7382318239419507,0.7109408080434481,-0.22971496635821959,1.0591910810145995,-0.5148621907721455,0.9616468688651828,0.7455764068744628,-2.9818751300646054,-1.4371706239855575
2024-04-23,-0.1888422885602159,0.0445788913945558,1.3264937668883399,0.45298575538170843,1.3001214703651085,-1.0814143203452558,-0.0011824731904371392,0.0738917644372764,-0.20114901328962376,-0.1064623558699714
2024-04-24,-0.8012727565042534,-0.5652421095874514,-0.18170162527483472,-1.5886255061668502,1.3177081183949884,-1.079674813360384,-0.8406885693169089,-0.07507117721500375,-0.26450108041061604,-0.9578037474115985
2024-04-26,-0.2280622116498246,-0.11815589115169584,0.5978565570075635,0.4916237968211606,1.5669221683158312,1.7558076082589456,-2.271854906705208,0.02038980685680422,0.3405708366592586,0.03505728262849931
2024-04-29,0.005806934678882881,0.49294720472370385,0.4465067086809038,0.32457649990764736,0.40858773331855675,-0.09902637590882075,0.6753724864551689,1.466557656284979,0.4450821702669632,0.7256849793675715
2024-04-30,-1.262321105842134,-1.3731045977954237,-1.9876352164755582,-1.6826644015242855,0.08027742385143301,-0.9467079484492187,0.07080326644840858,-0.2656127717644239,-2.0800986450641354,0.29310461101557256
2024-05-02,-0.6445304145148754,-0.22982560480208,0.4524311954779342,0.9188347941222343,1.513027398442434,2.034736497490491,-0.709501829336609,0.07035780997322548,0.1826994754930613,-0.5163223584015165
2024-05-03,1.388546011540703,0.6938464668785659,1.2615362650872637,0.12107020934348753,0.8326780032217026,-0.47738858597211176,-0.090141199232725,-1.2022927890181305,-0.05769128710421945,-0.1284923622599764
2024-05-06,0.038559141095830786,-0.3388426064650683,0.934158346052177,1.8184980896242258,0.3003672850725599,-0.7214023365055635,0.07401738168490662,-0.36058169144768837,0.7654508774293168,-0.37342616855229993
2024-05-07,-0.33078356116283314,-0.4249534302421086,0.17930107946753807,0.05389284821219383,-0.18688103128357625,0.5890502983281288,1.4946792852528623,-0.8371156233005564,-0.19743166739495138,0.7409011343861837
2024-05-08,-0.4944520666800854,-0.29900391103367435,-0.07573382889621376,0.2859217047141063,-0.5615033509284972,0.10416104349351224,0.7167911924290754,-0.12259151822378347,-0.12011809358872226,-0.16386214650186606
2024-05-09,0.6696926254027195,0.37569853508741885,0.4981729094504888,0.49078918634378704,0.7982911662269424,-0.6527254615802567,-1.0425307725946602,-2.3527954449087556,0.6748636775763425,-0.19488849418955465
2024-05-10,-0.9499709456102314,-0.9985094112375431,0.10979293389445448,-0.856508920743599,1.5384981875040384,0.44428408315175594,-0.3979866969568121,0.4200188112099016,1.340488374393554,-0.1931802912687069
2024-05-13,0.7947915546224514,0.24099344500407435,-0.01629148533896172,-0.23510898154206084,0.580944213387655,0.1056088298357118,0.41646130098568696,0.26338065300404057,-1.1916716198043982,0.5287305461592704
2024-05-14,-0.5908282980142613,-0.590936916882794,0.5247130159860556,-0.28073824958740473,-0.1678084148770101,0.7159111573062286,-0.6181630913971065,0.5122803170078641,0.5831110685518655,-0.35384619077392254
2024-05-16,1.3564781263466466,0.3930392034539793,1.054632347558706,-0.5453190691558378,0.9656014801454476,-0.6663222292363732,0.5901217323526283,0.8101803391009338,0.8557745612189447,-1.2356679091775553
2024-05-17,0.6192915321914896,1.0642294775302152,0.16577896453911875,1.1984565423999363,0.6295362175637667,-0.15395062703142587,-0.6332452567652479,0.3492032546046419,1.2401659985518998,0.5326682543449448
2024-05-21,0.9862363734226016,4.404704403565679,0.12022429432869942,-0.21384733527081806,-1.3324532022207192,-1.1945594362923062,0.5055598939179944,0.011593963770303244,0.12708526762485362,-1.8054023519115983
2024-05-22,-0.40523764509173604,-0.25841475449697004,-0.48748535735714177,-0.575303734808254,-0.023569376018712458,-0.9567563060543366,0.0010487567672901835,0.30348926778325597,-1.3006208131513195,-0.11974392055969213
2024-05-23,-0.4995619601150188,0.10186890728375168,-1.2821530657571578,-0.5315889194781098,-1.2248456883072512,-0.24285328244805401,0.2037158517477134,2.0742320579253524,-2.1659736602375737,-0.6431345191040251
2024-05-24,0.16648352772850458,-0.2635890386787975,0.8854733894461025,1.1102098698225384,-0.8640113560278561,-0.4687152895340237,-1.013442161794176,-0.13308272371429253,-0.11639959339684953,0.055058192071019335
2024-05-28,-0.19024219114615928,0.4097818328957222,-0.2828039294948637,-1.5347121969925774,0.6526556950684808,-0.0768257191659075,-0.6249289950445726,-0.700015266130247,0.6146472666521985,-1.6286124997490525
2024-05-29,-0.3220686760621518,-0.38768855720605294,-1.0213578206105678,-1.672741868874596,-1.1685708489242839,-0.9743474848360282,-1.4181222326839387,-1.0402091760821728,-0.5293043786208329,0.4645641643345207
2024-05-31,-0.06022433647161041,-0.04939803448659267,0.3626322444094267,1.971838965372926,-1.3039760871194486,0.3551160300469801,1.017727753311354,-0.8977430460429645,-0.5820956587165009,1.0130415409901405
2024-06-03,0.5157567249481102,-0.002309005551841233,0.27837364667569264,-0.8324797337255345,1.2921121703184253,0.8151425872051413,0.5908014728334589,4.085792265283473,0.9845445369006277,1.1551732146157325
2024-06-04,0.5280775500387012,0.08282311037351225,-0.5010658988030695,-0.8490173634022279,-0.11459128457776624,-0.5409464638732077,-1.5243336372759642,-5.286723781329682,-1.233016974184544,-3.631250906425387
2024-06-05,0.32549290757881993,0.31268418831377737,2.58757158445632,1.4505684752339,0.3190141452675146,0.9565203850035393,1.9752763127473163,1.6633079541085158,1.567137953837689,3.694534759515104
2024-06-06,-0.29067197594586985,-0.3894906870419715,-0.4042378600162685,0.10809122548323734,-0.03048275359312548,1.0534910585008712,0.19518992145497321,0.20249740898366983,0.2705031784321609,-1.3350264108329848
2024-06-07,-0.6406497925042643,-0.7481952221326472,-0.07669288750599923,-0.9584639986517361,-0.33341683478941897,-2.3353557384154215,0.44087482289203067,0.8811988823290543,-2.340081252498788,0.38661805467799465
2024-06-11,-0.9346098402920731,-1.0554902743946168,0.6217215353408383,0.1381066910410036,-0.6674514399682933,2.1231571994759673,-0.4438987235555819,-0.05635581943686695,0.08172547457867033,0.21667823545340464
2024-06-12,0.3542204094492227,0.29378821607952965,1.0381732801433352,0.3179833590175988,-0.8926836057181249,-0.8776588644872455,-0.516259297411273,0.11264677877451475,0.9773438036167527,0.2777277254801525
2024-06-13,-0.7584092147911029,-0.6008584086587385,0.10508621149472736,-1.63117163300234,0.6375078927621395,0.18605671180773767,-0.5766709788954498,0.0802930076179322,-1.3213592455615186,-0.4156905853622161
2024-06-14,-0.4131078753950205,-0.005096712398407149,-0.15468042642480587,-0.17502462453252093,-0.6738700618969851,-0.5595550655430819,0.08998577150309851,0.0955057401506588,0.9818666985120571,-0.14663485336095486
2024-06-18,-0.4820222948915,-0.05097644860018238,1.2253703250327073,-0.3873768623300996,-0.09993327121796873,0.8504486902644801,0.9763713641977325,0.1614623200386688,-0.09102199986033632,-0.15044702620944322
2024-06-20,-0.25329297699101494,0.07490327449725401,-0.5324445064884894,-0.36744144893167846,1.666456858706351,0.39451633562567695,-1.2512880645620281,-0.09356183759820912,0.6674900807042072,-0.6256228933881312
2024-06-21,-0.36234306020872303,0.007327446629359348,-0.011080593949122213,-0.11439265222229959,-1.0306476830653206,1.186204253387569,0.8804200310309004,-0.09403984780208764,-1.184756950085294,1.0253285018959084
2024-06-24,-2.0653069726672193,-1.1686664972347152,-0.5696354777815219,1.6722906471609897,-0.03231715182762034,0.38657337904036443,-0.5777573318498238,0.01399984148386801,0.38846917742134357,-0.3223559205587552
2024-06-25,0.6112390378023701,0.19401319511498252,0.27487869897347295,-0.7886449505419191,0.15295403023080414,-0.8959734012948171,1.0699322656616281,0.3960937439968305,-0.6337871092522288,-0.7261529225127378
2024-06-26,-0.5404422134887379,-0.2537170987414654,0.045763053289709664,-0.052327872637913206,0.05545822099657611,1.0433865883777793,-0.7667561354066615,0.34948915544378756,-0.7392675584097389,-0.37895450120927915
2024-06-27,0.3697424193845777,0.4767794833114862,0.3264809447137666,1.3136476420263496,-1.422807291019899,2.267276850623651,-0.15529147925735967,0.6491730704141109,1.0663518118898125,0.9921081139165479
2024-06-28,-0.7309986053257399,-0.5931456742568605,-0.9735901371559583,-0.5720902227779815,-0.08163816829656662,-0.6788489057715538,-0.20345298731300693,-0.3076299093434979,-0.06613155084208629,-0.9337823071358968
2024-07-02,0.7581882311337599,0.2158561376818623,1.1834410849156485,0.6439109345874496,0.25337884057515364,2.522649817363653,-0.8945727477214406,0.30823504806075497,-0.24197474144869419,-0.15277194450742698
2024-07-03,-0.9482084411633578,-0.9382384251116422,0.6623919194522886,0.8880240235293425,0.9587283632727039,0.6858605023168444,0.11176555389106992,0.5485199731275957,1.4195533833329854,0.1616694739261025
2024-07-05,-1.8126432682544293,-2.401701404478546,0.6794057281464368,-1.3892151033856128,-0.7631432517604968,-1.9484335191869018,0.24545777394692914,0.07234182864638102,1.0246014989756311,0.003175204729386292
2024-07-08,-0.04188857034328103,0.18402660827258788,0.006227477733749585,0.4186624611031974,-1.1408071282893597,-0.08143376401823463,-1.4069725292492763,-0.12382779845764863,-1.3062699419298103,-0.2529763473077983
2024-07-09,0.5580946373267979,0.24236141976145834,-0.02184832914625716,-0.5544111139713649,-0.022691153446171265,0.225253715351729,1.0431151251776176,0.35276846554307917,0.11114832068087305,-0.21010259945118617
2024-07-10,-0.1736122230651317,0.20684491245641032,1.5013028615675572,1.5966054780116186,-0.15087555656853968,-0.5871363530106555,-0.1513992047034974,-0.5134168471203235,0.43511137050698195,0.16558864447757
2024-07-11,-0.2540556479700369,-0.07981351619560652,-1.2717095997474799,0.7363261955109534,1.5942392879475562,0.4951313070620233,0.9172833265595233,-0.13082037715699102,1.5634666158428863,-0.0860816028791805
2024-07-12,0.226407839243118,0.17848018127025742,0.6278231498985705,0.6319253874255205,1.8359858203916546,0.5875045834375663,0.7699248372945423,0.7804744349931367,-0.06656138917430605,0.07186220310402297
2024-07-15,3.30853195255477,2.3666407685474646,0.26943863017417796,0.4967990545374383,-0.9768383897746752,-0.0021636539369167657,0.796405565943024,0.2882827691992219,0.2731447313047894,-0.10104375422022839
2024-07-16,0.045886880365254026,-0.30961281003774993,0.8593715723400711,1.4983215725029781,-0.9803275273080891,0.21395904148528638,-0.06084965180849364,0.1122232233825028,1.492775064733439,0.46454187174218725
2024-07-18,-0.4492263755540428,-0.1696827480325353,-3.0023732027658214,-1.2454382685172314,0.18668620089870108,-0.33042138576146607,1.115980618241079,0.7907863193394824,-0.4508229915907048,-0.2606789452909815
2024-07-19,0.950710035713006,0.4338029112843942,-0.5729265019883879,0.08282495532908893,-1.2509981637085235,0.7673379941108559,-0.4238096841543121,-1.304150206356083,-2.031231397024854,0.8066793041798358
2024-07-22,0.26516233391511324,-0.4496124432389832,0.9686256506377741,0.9022326493220518,0.8705695851227709,-0.14812142005180248,-0.4078733801516943,-0.13255340074537814,-0.11533772326188836,0.385801657464283
2024-07-23,-0.6611229584404452,0.173992878863281,-0.2683610567194202,0.019689589917041915,-0.6765546548030608,-0.1699430909856889,1.5519159098555093,-0.34798523128624337,0.331975445790296,-0.6859802910988418
2024-07-24,-0.2471985230749126,-0.9962955240317728,-2.2937538684576215,-0.6741929294489348,-0.5550042923794098,0.09110382486118727,0.41423780993030007,-0.39860569239907667,0.29673415904833417,0.2054878756154195
2024-07-25,0.10924032754876127,-1.136887509764159,-0.40111241440717554,0.039617223243916165,-1.0973166727967882,0.6581136746994973,-0.8830049458122285,-0.1004330850494538,-2.3213593824458196,0.21775932746522697
2024-07-26,0.7576720466510688,0.6020974114583433,0.8181895223561637,1.1395331517363512,-0.005060153382569897,0.7716639233133035,1.4834928951706978,2.19726429859644,0.8837917309634159,-0.1944831115976395
2024-07-29,-0.4768655191827049,0.22098630472624534,0.0005780199757745423,-0.17720985695750674,0.8999465940616622,-0.6834665575282842,0.7543064020566087,-0.11248898324714295,-0.14829502320307184,-0.24521200782841376
2024-07-30,-0.29469530800885646,-0.34140975445008775,-0.47593176581302676,0.4683049594345072,-0.8912096950347648,-0.6656657221809408,-0.48922651935945777,0.024090925640719157,0.9272299344101147,0.09321625080406967
2024-07-31,-0.711975671148367,-0.39804265237598435,1.388516679374969,1.4562512081462704,1.4225894126369756,0.870839420732475,2.2266417161856915,0.333179086151894,0.6749072393567542,-0.2769869015148091
2024-08-01,0.24110120123002285,-0.28600366665031773,-1.2756326640517228,-2.356655013475918,-0.14923334598175522,0.43051585882552207,0.14925548193041768,0.15398533342120713,0.22076083219239742,-0.39174970260206
2024-08-02,-1.7750110403519685,-1.6751206372649692,-1.5522249354757516,-1.4555142191009593,-1.3967738852097775,0.33836532785753626,-1.5347297059915124,-1.625509118917835,-0.3610528572427912,0.13953528332206772
2024-08-06,-2.294583268387771,-4.2000875137060545,-1.307268429957841,-1.1131699663311854,-1.128676353961377,0.052283725093280546,-3.791690289388977,-3.3327181713593026,-1.1397013879938402,2.85692194273277
2024-08-07,-0.45451827474318846,-0.8157604039860278,-0.6441125375895037,-0.5583610180283141,0.876534599335784,-0.2633481969106664,0.13374997139543301,0.9486850204876793,-0.07366780316090933,-0.76734982191414
2024-08-08,2.5038761892112564,2.0516761667561023,1.6314111084835095,1.0969020542617436,0.05855264123709294,0.439691428177764,-0.2488169896962386,-0.7215634998991075,1.15064728213694,-0.06209109560825252
2024-08-09,-0.2803326911299992,-0.46859524317994516,0.2969698334255099,0.21383870702333585,0.8662681886727039,-0.08798940604565492,0.09838940928279893,0.895264653529574,0.35929357722208677,0.3164886749903165
2024-08-12,-0.5360428598088737,0.6165565164307583,-0.0767798403735285,0.2792841694762977,0.11300723276214648,-0.40125211715175224,0.6991643671404049,-0.19954420011911733,1.0370361658896654,-0.5318995097671563
2024-08-13,0.35602089809638254,-0.1628685757955847,1.1793383575422225,0.9017688363109564,0.1647981002312412,0.5386460062359791,-0.16665621166103953,-0.9661632707243855,0.03561348179604292,-0.7506490178291954
2024-08-14,-0.6794264118273948,-0.27171098373952973,0.22650299718234684,0.3292658763850995,-0.2712253969307037,-0.03293275641275096,-0.5387765355278599,-0.07446112699581214,-1.1133098507473664,-0.22488649525182575
2024-08-16,0.028589753559410895,-0.4412779968454892,1.459269226130774,1.6136839060302628,1.53271127522361,0.9783923214749457,1.9839042115425107,1.6185953026144748,2.233690736730049,0.5504720002432173
2024-08-19,0.15662609912900752,0.21103457989056515,0.6122101087330171,-0.24096198400741983,0.5034707972650738,0.9200752217466184,-0.8593215052750757,-0.02922847024967279,-0.005920989939693163,-0.7746886125827323
2024-08-20,-0.22692080945341725,-0.4511798460406553,-0.2200280701457085,-0.7794099549002333,-0.2784522950645119,-0.9866069372567362,-0.7311727777728574,0.3988831252705713,0.25549020209315276,-0.2698024355054527
2024-08-21,0.7425050454928211,0.30772465034077356,0.1970743836222679,0.11223299634902835,-0.5806672242792629,1.3317602799983081,-0.16168164673452143,0.08084537423966523,-0.2627971252886622,-1.2458154564419601
2024-08-22,-0.31704544838956733,-0.08188349896891567,-0.7610435026619966,-0.6019275229534174,1.2250690218325224,-0.7228124476087553,0.268113387628966,0.21882832071186803,-1.008679014445627,1.0206631833514608
2024-08-23,1.3703248787419426,0.892184587560798,1.0566223081591655,1.4452588547974665,-0.01688762588014419,2.073907349835711,0.6163169549993263,0.020129776076329806,1.0602488006459683,0.40275766869493085
2024-08-26,-0.5139273646167766,-0.6211731308981531,-0.49226008842608154,-0.6688745358594438,0.6915133668479093,-0.9821190925312676,-0.6231026413195663,0.5876638237441422,0.13668938972188352,-1.5198084699487546
2024-08-27,-1.3022321353416422,-1.6033903862810028,0.16633916375648045,-0.5873473531683363,0.3987278996103526,0.10694888967752003,0.1117239812493448,0.024418364884940737,-0.045742481309278014,0.5742693498211806
2024-08-28,-0.2148284173451491,0.43990787469512566,-0.6480078090194159,-0.9423472477546259,-0.6815825006699862,0.5270737969473132,-0.21452790381427522,0.1127620130147137,-0.5832358494894657,0.25003646124514756
2024-08-29,0.09813246397203028,-0.04231893922029649,-0.05388793150666701,0.705736988762996,0.4261694594453054,-0.007651425845327861,-0.28063118421427374,0.41743549886583364,0.9009492727623337,0.06434322169308983
2024-08-30,-0.169301318024387,-0.0818279669714987,1.006867547098382,0.5705399813708375,0.8292415373464959,0.900612110120196,0.3346157015265361,0.24240022675758535,-1.3302795973512982,-0.6598013680153059
2024-09-03,-0.7482586092514991,-0.8374244816574578,-2.4338386004542962,-1.4904556716993504,-1.4272296712742134,-1.2844087336967545,0.30104607132912625,0.1615738043737628,-0.16922229632517322,0.20359171212807112
2024-09-04,0.18751923917459318,0.17191439368028222,-0.16752573090674672,0.3343898681779684,-0.7532055717545513,1.5753366738911196,-0.9180677042487054,-0.5331011424357874,0.09841063472655408,0.10415257625622727
2024-09-05,-0.8450733173379443,-0.6940465703181138,-0.29850120404260566,-0.5609787495186768,-0.03220844110842354,0.13599044967542262,0.421792237934822,-0.3731504173176596,0.6757625721412419,0.21366402450562635
2024-09-09,0.3339324524758659,-0.12884375421224384,-0.6328616131547677,0.6119869469184147,-1.0643070618687724,-1.8162655125021834,0.8163398899701921,-1.3237133174476974,-0.44053115631402673,-0.16393585667027513
2024-09-10,0.23220894665404254,0.20687218089043216,0.3765244295843314,-0.16690288522542596,0.18917416549970045,-0.465846530883496,0.5220400462807657,0.44406814701312786,0.3519613822012048,-0.18962424221604493
2024-09-11,-0.19491472205770227,-0.4851241395609637,1.0538968086556502,1.5101615000973843,-0.5271092551851114,1.2843631959714612,-0.30045012596353404,-0.8054113592462023,-0.07297655600892643,-0.15896553599073068
2024-09-12,0.31984013976351544,0.14059130326595715,0.7143640274393761,0.9713949290970384,0.6254909030753364,-0.3534914451995389,0.8386629556403785,2.4830848216322927,1.5491676809946597,-0.041115142555188305
2024-09-13,1.0763930659071674,0.6351079294136093,0.42524473277779085,0.2894493865115301,0.5950280515328462,-0.1862944195602841,-0.6378220319109931,-0.3256586066189948,1.0196926738427319,-0.9363993503730189
2024-09-16,-1.1708343151343774,-1.3992772476462714,-0.004461951984743117,0.5520434213364382,0.16920772774710577,-0.1484904975006568,0.43741120078126516,-0.05123907142333759,-0.15753711514149854,-0.8254995209572028
2024-09-17,0.8982466960335582,0.3584126526862399,-0.05302544650490266,-0.1082945531803016,1.0439164188207948,-1.7725895694195102,-0.4295995468903928,0.05402380920639318,-0.6907546305958169,-0.18688400275230807
2024-09-19,1.0177800397960908,0.9744746871661267,1.383531331867706,0.887242201703012,1.3981439173378494,-1.9185730085570611,0.2275173080967777,-0.41847097303483566,0.6246947976265893,-2.7221525034541543
2024-09-20,0.026062319034732728,0.7256137858120443,-0.4124071422286602,-0.6137605329200059,0.9492395628860201,-1.7530959108358941,-0.7125980244846267,1.6586444230580533,1.0766872370737037,-0.977966197242968
2024-09-23,-0.03908765922207137,0.6167667483754666,0.06910026325116123,-0.09701125064398983,-0.1701040078795411,0.7344873189100793,-1.0784194607587725,0.38880258294413333,0.03032622867041121,-1.5134533027586254
2024-09-24,0.3875838964764523,0.005646668306018729,0.3421194454217554,0.02956323916268642,3.0791350625118277,1.1601297717532437,-0.5222221035227587,-0.0011187226827492037,0.9700143823078317,0.6042819165191764
2024-09-25,-0.5697196183140089,-0.6829239107566022,-0.33163634340608505,-1.4348796105055242,0.3711216186571835,-1.4278803471087025,-1.5295397762094198,0.20586436713401263,0.24305223406932547,-0.05390305923818351
2024-09-26,0.8671970846607377,0.3987717629120118,0.5570743825423271,1.236051561283304,2.5039064857205124,1.0370166821881774,2.624859059883641,1.0308147499473157,0.4099500602625852,0.4595968904389528
2024-09-27,0.20216601208360852,0.4693905272617376,-0.29096101102422484,-0.48792595870746464,1.6935841221544936,-0.6440962510902292,-1.0466766372884242,-0.3144213472817762,-1.08421593724434,-0.2192908222129483
2024-09-30,-1.1363621545624416,-0.8289219908144776,0.6925211141646158,0.5934258687343654,1.1455006358469222,-0.47288896631355415,0.4413300144650936,-1.8452442949519983,-0.2664057518835064,0.9549187793360681
2024-10-03,-1.1638076083426985,-2.317778411033575,-1.3539126036893168,0.03878461523878293,2.1736911320287837,0.1466147527125648,-0.12236542572248639,-2.429226243294293,1.0054811488412758,2.0879360613899425
2024-10-04,0.5599502721811814,0.5074766935817404,1.239922112564143,1.5286756848954173,1.2090506177830287,0.574260710230837,-0.06859751956153932,-0.9031238079612235,-0.3987913501025019,0.7437845656303891
2024-10-07,0.024641647466221436,0.008563534664638085,-1.2597585285644384,-0.05518216522656226,0.6694843969312443,-0.19136637399515063,1.5693762373025446,-0.9352014695161668,-0.08862310111946876,0.04666455526527572
2024-10-08,-0.1289764184944861,0.08195475215269493,0.9502767281818204,0.04120334373277232,-4.296435779280467,0.15937920676903483,0.2214943501362691,0.7035661707051474,-1.3545662249802854,-0.7831363836486325
2024-10-09,-0.8193228866673624,-0.6979937480182237,0.6630311315695921,0.9842426921029039,-0.36999249436797454,-0.42861295854183623,0.31160177597374983,-0.276836476080164,-0.4802460238175121,-0.6424807047649532
2024-10-10,-0.1986937181827879,0.08984903194372447,-0.2890712514711102,0.8883355485991985,0.8747059843404144,1.0686031176508375,0.8605142348192362,0.010707219519524568,0.5404990349706478,0.14543533614001042
2024-10-15,3.162527908399792,1.9091865157776045,0.8204789090106459,1.6010305650587202,-1.3791106884161832,0.44054254884907584,1.2622014736267748,0.30155994289019783,1.6698168650800453,0.9829298750602687
2024-10-16,0.14614366183050514,-0.014200057980029861,0.5001098052450552,0.31498288414070286,-0.021720559957249592,1.179209426965021,0.2501020651330542,-0.48573802420832796,0.4015164154808817,-0.06231684832555061
2024-10-17,-0.12814189587583621,-0.11397801470463315,-0.1408623420509889,0.29674784770496837,-0.32752821213296207,-0.40334017355299157,1.196398605447992,-1.178127406111933,0.5396954569848387,-0.329553068406412
2024-10-18,0.31444846196122817,0.24405681400006607,0.4606742133179858,0.9485761978387981,1.2584475603882208,-0.43196303531308045,-1.5783201557780324,0.4018072189446898,0.7909727152187291,0.010029591351963048
2024-10-21,-0.4315392516069531,0.1398253935225264,-0.33069064016942123,-0.4797762185861484,-0.5554332647933263,-0.33931419467447205,0.5054635349260638,-0.4319563335850409,0.2940824649665504,0.01476413599854025
2024-10-22,-0.05464894134194155,-0.4366031513986114,-0.16508567142792413,0.07481006237497757,0.06008704580403618,0.30796212354547065,-0.8251828973115465,-1.63171238532941,0.7236267737036822,-0.10251569473932909
2024-10-23,-0.4138012842736512,-1.0224690009172663,-1.475791769890334,-0.8200006244825385,0.4970890900833591,-0.3309310186614028,-0.42849858205836433,-0.2520557552384039,-1.1836436959890295,-0.03697380213434494
2024-10-24,0.6224913493413905,0.15775455340254316,0.16383133319961252,-0.017795026182337,-0.5617499348174663,0.43739175196969776,0.6484964820980189,-0.29671537408305154,0.663478041483847,-0.3671845273211392
2024-10-25,-0.6593763807582279,-0.9470603972398988,-0.11806333877620459,-0.36594647334795893,0.22849264825739377,-0.4878751535778776,0.03286881621190558,-1.1738574869020928,0.16586696895376332,0.008043389625587096
2024-10-28,1.2495067172358232,1.0980814129366867,0.3164291611244129,0.9454098300290965,0.03931096413052492,1.1837422459531748,0.7128102090747117,0.6982843509024954,0.02577747991843821,0.08470312112852602
2024-10-29,0.9796060712282207,0.5511891417856314,0.13602102058364768,-0.14063514521453896,0.2535251359109174,0.0025925878468807365,0.7116104076706089,0.5254287346944403,0.8974464894802028,-0.1669008874990783
2024-10-30,-0.19737038604058665,0.09815495201479651,-0.6518521993549338,-0.17403844237044352,-0.8152450168342444,0.6320497072115339,-0.6820144976549385,-0.7585077897291743,0.6612241904161394,-0.36120203778897697
2024-10-31,-0.8536294837608759,-1.2994574710846267,-3.030829960319428,-2.1544172815983624,-0.1579804132563826,-0.6412180784949344,-0.5047551281606588,-0.7967553089298296,-1.9780588890101438,-0.1864131568744189
2024-11-01,-0.3357724683361268,-0.09213459508840027,0.3426885126320688,0.5975529045399799,0.541665239783907,-0.7268491594188875,-0.7038707242470693,0.406102236601147,-0.05486437655724132,-0.15403846312966743
2024-11-04,-0.7079052530078285,-1.094755023161329,-0.32126804817457283,-0.13080480653647286,0.22448384874753152,-0.09469130474257208,0.41456526887859,-1.6812052170673781,-0.10987621834278122,0.4036213846982137
2024-11-05,0.5674116799421953,0.18060326175320374,1.3241683002063616,0.4574142646127222,1.2722130008253076,1.860914234628745,-0.3528911385621726,0.987542982190424,0.10412993539317865,0.07660096980468371
2024-11-06,2.33790169710345,2.5610108642557354,2.501793614324015,0.5399544564034464,-1.3651761877618336,-1.0427168629266599,-0.13915920416038252,1.1450989929964328,-2.8560986176147622,-0.7254775711878496
2024-11-07,0.0685393394537739,1.1420949545717185,0.6352072822417697,2.2661353737693863,1.2768900521044169,-1.2997086756136316,2.823734956735737,-1.246348964370843,1.0377927319807618,1.7676794635066573
2024-11-08,0.1669187083363833,0.38739543920508035,0.2949251137737611,-0.8885669688661074,-0.6015563411039236,-0.9415563008110531,-1.651535170837015,-0.2543950482582691,-0.34187311205162246,0.5537464039936454
2024-11-11,3.667215288210631,2.468212332580466,0.09815740563523123,0.43987216647232236,-0.763187744279679,0.7109801391203276,1.1613313080967922,-0.025335612744089197,-2.4592388735016915,0.8447593614341852
2024-11-12,-0.18837437104848526,-0.6910508731080974,-0.3257158752434176,0.6246577225559612,-1.684541614880403,0.12735381006628543,-0.04291856898988678,-1.3622274890381358,-0.3591534004111236,-0.0020967386152663976
2024-11-13,0.49678808260466967,-0.33025205819666703,-0.05216880066131706,0.41326030218944093,-0.043049555097345135,-0.12999103020984493,-0.060612259236617845,-1.6545103169366226,-0.6256381435131029,-0.20439480789093267
2024-11-14,-0.7447483440490188,-0.7849069781875609,-0.6956163137413383,0.6400304099888114,-1.1014795022155688,0.880828189376536,1.0151750522980658,-0.16924084310908263,-0.4135662347605671,0.1942299271868247
2024-11-18,0.67440945809501,0.7922829532998916,-1.0423341076888712,0.4492177993601531,0.5024607741529029,-0.17689683528385688,1.5211165854482291,-0.3873483872031688,1.3360963462437316,0.577775140348699
2024-11-19,0.31806248722746777,-0.6060512503773896,0.24664841299065315,-0.5712892151392343,0.1965029007546749,-0.5705317863893179,0.10526943473746965,0.11443794334327569,0.37472238419194853,-1.325755743372932
2024-11-21,1.241906165446029,1.3301885071936104,0.5072614572336281,1.3117659501667727,-0.20750682794572564,-0.578011573757515,-0.8501692252766123,-0.9680506024580111,1.3267568738611906,-0.39833030934819097
2024-11-22,0.0738888971517414,-0.18301148304228157,0.473103258520942,0.42047318967955105,-1.1607782645393832,2.278058673298733,1.0713031843900347,2.8237587865161213,1.1743939115798532,1.2702994696387864
2024-11-25,-1.302346572023428,0.37268221604482576,0.20584984864431627,-0.7128729140926469,-0.2913473128478656,-0.3587393019976876,-0.28958570471238076,1.0634841003284512,-2.8882208507074165,-0.8831754150507602
2024-11-26,-0.2962966748440276,-0.5420625260779074,0.5583003413091399,1.2628771932526648,-0.014536903522801636,0.42963510138496924,0.4041849956753377,-0.24246796647688929,-0.0014545464652548272,-0.9585472229195121
2024-11-27,0.7973296356382612,1.7132264718561543,-0.669759663727966,-0.11112606008297109,1.5667555898863474,-1.3705606880815815,0.3383030982614955,0.19301507807951382,0.4352082699318361,-0.6828041973080179
2024-11-29,0.2984078425725439,-0.3345707905828247,0.8701632165499072,0.4796354016749034,-0.47876479154055884,1.6096485564819023,-0.029967580238556155,-0.5196188588741496,0.5237867424830509,1.5669193124523508
2024-12-02,-0.3765621778842056,0.21729023813116694,0.36240524042807915,-0.17934735815460193,0.49328344252135703,-0.7634610588223295,0.3180110912807204,0.6351557820015801,-0.5893292517920623,0.8848774408748835
2024-12-03,0.024714789388013334,-0.13606830747752102,0.25454530941246617,0.7187003766255304,0.838348893934497,1.7762328732934196,1.3313317148216433,0.9209148574312422,0.39036804429640054,2.038973281896949
2024-12-04,0.56645320373206,1.0587085203078663,0.6714813618821778,0.0815324066132699,-0.03465308788555774,-0.2894267691170554,-0.7326896401965741,-0.11276123344117842,0.16557527197304062,-0.7429793853657571
2024-12-05,-0.5561064420745054,-0.20182055363337548,-0.3391526186249158,0.234411480401163,-0.6204720761064133,0.9795810740120563,1.0848945129275265,1.0209155218379042,-0.8653316995569679,0.10986423384782773
2024-12-06,0.7238821245212638,0.9024351730114235,0.21991835547615005,-0.5702070145290375,1.0868897996724365,-1.5618982924040117,-1.1008593621695402,-0.2599142540250888,0.29543203110560234,-0.4190933695106136
2024-12-09,-0.6535437377984861,-1.5052921087228266,-1.1012832723292,0.783413765027607,1.9114694493714708,1.6060616380487163,0.8390721973707822,-0.3932852698061051,0.761763099515582,-0.36476683997071224
2024-12-10,-0.19209833445194538,-0.45396535406252275,-0.22874232191537108,-0.20225734964242487,-0.22534095758540823,0.5292412411473081,-0.8753749406681886,0.1089621362924012,1.1665770060497276,1.96578557759578
2024-12-11,1.062443435614042,0.9690677139279621,1.1626656474854258,0.8321375627552705,-0.48647086507728887,0.3642153583271746,0.5540538779622153,0.09207084977417888,1.092999344786298,0.13367846729944635
2024-12-12,-0.3348201635514092,0.18494686007097114,-0.8989332504234102,-1.681064327116747,0.8128671676637704,-3.189040443303571,-0.5284591172924161,-0.6131059349454541,-1.5080616860850904,-0.3357383759629732
2024-12-13,0.28251141388361967,0.07675003582070883,-0.13516595573334367,-0.1575296647063941,-1.4538133235522037,-0.29361355164447445,-0.38434818154619194,1.011141976610626,-1.023255054633468,-0.354227197094105
2024-12-16,1.0470311015277176,0.31488215150579457,0.37688001192193843,-0.6705053113130613,-0.596323283080023,-0.12444776663727901,-0.6088323651048696,-0.6785270466901961,-0.2297794646099194,-0.5806513195876418
2024-12-17,-0.0020467241010986843,-0.5547821389228844,-0.48390089499717936,0.038785174690036214,-0.23223014954296492,1.7199560468547497,0.8631542156840227,-1.6783791279120148,-0.1633305962159653,1.164294055275783
2024-12-18,-1.5917866914662364,-1.5372491874607146,-4.646373225171224,-2.3572248257308446,0.5457257100049352,-2.37894227293432,0.5414895867413243,-0.7670983833540869,-0.3175222282799457,-0.1788010769529768
2024-12-19,-0.6102714684672673,-1.1216735883832103,0.09873580861613324,0.6862584158016598,-0.17208645185193305,1.9227974620459367,0.8254970103666486,-0.970748917436872,-1.3000140508593505,2.708713292217623
2024-12-20,0.04033759189790179,0.27641927539388705,0.9008736646930025,0.4388268868754072,-0.026645453647877338,-0.6959975659856044,-1.9082474288388742,-1.751367419573681,1.2681425330208498,0.9355473197050127
2024-12-23,-0.9648986954205264,-0.46243726413267583,0.20789170189282416,-0.1443399470663758,0.35642590001702457,-1.357592995066297,1.0459885306194026,0.2447756921574113,-0.919647323369501,-3.270099067104537
2024-12-27,-0.1045566426700387,-0.5037715289264448,0.21073078965477543,0.9764244558922293,1.0441679835226647,0.47959489666255467,1.7434557706805074,0.6075477474780049,0.41937182452639576,2.1558045820015357
2024-12-30,-0.44292400271679383,0.13989162700217533,-0.931039812496914,-0.7587777265375182,-0.11325962451525984,0.4291848610635795,-0.273878680340097,-0.7397681002696348,-0.3010847350478474,0.698394779485926
2025-01-02,1.2391369958650928,0.6246881790396891,-0.23895571978808866,1.5267107072080592,-1.2121415297557487,1.0423639433524916,0.5669929590655982,3.090924211094199,2.1615948626151886,2.459752658457747
2025-01-03,0.26324509137968594,0.8684277917686586,1.1986334147456834,0.8830487223265404,0.6264756871059913,-1.9802291918892538,0.5287464946656035,-0.7163150447516899,-0.4602220463868475,0.018338832516168233
2025-01-06,0.9604955728144562,0.41291131843658146,0.4071030888876212,-0.15374561430252953,-0.29846208846435135,0.7973444307044871,0.06262822548729444,-1.5732506724251476,-0.30660962096599764,-0.33709313201527963
2025-01-07,-1.4291688415947743,-1.9610503303031657,-1.295858050437664,-1.2609494963606154,-1.0298127316855026,-0.1301997805633579,-0.5478101659371777,0.18054594990271738,0.45502129723867424,-0.540647597109648
2025-01-08,-0.5046866983163931,-0.3521465989796601,0.21894780685940304,0.7882581036123067,-0.5219215257236315,-0.7294311541560459,1.091135501253055,-0.012823105152582817,0.32595308886,0.6593862096760383
2025-01-10,-0.11674909532620927,-0.3902075827617736,-1.5204445207428943,-0.858492853290519,-0.6932951505383961,-0.8616291061601516,0.18151528930080468,-0.9634256583012965,1.5316264333319225,0.5952499016323199
2025-01-13,-0.03106820710277847,-0.8412735647794448,0.3644691759845132,-0.6364717683764624,-0.48071632141751325,0.816817196234724,-0.4749969412372,-1.1647350254776776,-0.9113953088674331,1.5559007010780836
2025-01-14,0.6413954918384698,0.6226791511367744,0.5649393405986771,0.3663215538205886,1.8315742983699128,0.2756833471970432,0.4352791763893308,0.7730676973572672,0.532383731198202,2.5992369073699413
2025-01-15,0.9838850412016603,1.32799229054209,1.6431262965166358,0.6390671790914227,0.17451907830011484,1.0576452652075634,-0.4548313170955429,-0.04925058277350124,0.9683588259296889,-0.6359769553382632
2025-01-16,-0.2947335964750511,-0.930237722802475,-0.3631128705665892,-0.15100042408538658,0.7868380215098306,-1.1093308379625881,0.6121414084048662,0.21837054737706746,0.9275730175654922,-0.595397377569396
2025-01-17,1.2442854399198207,0.9650178663777832,1.0741785008973863,1.9242062583428998,0.4072942877154991,0.9123286954687546,0.4423090102142997,-0.3523480738510621,0.04824198559781312,0.8086185311200983
2025-01-21,0.23610738619848498,-1.0109610835630953,0.31961734477918385,-0.32717403156075137,1.5566646709829421,-0.022885975931858156,-0.38840744337632177,-1.3912719842825467,-0.12698537635210666,-2.1054875066523944
2025-01-22,-0.6327914995923474,-0.5273549942477178,0.8152608408463916,0.6823474323646375,-0.8949669497161867,-0.12800645018311188,0.8081466795943716,0.7788241998420908,0.6218440701022377,1.0328776121515582
2025-01-23,0.020819672857021156,0.5271161899874961,0.48500379932835663,0.90897252014588,-0.23415717273619144,-1.017589215065741,-1.032177125573147,0.16566421136320666,-0.19987008883919508,0.024170359084289147
2025-01-24,0.15191248610027888,-0.2210586626393444,-0.4245463431552106,-0.07670199619554025,1.312013156114865,-0.22765404833099698,0.18378830414761194,-0.6528906972525451,0.3922272456835558,-0.22655368868246453
2025-01-28,-1.0331852873123717,-1.5783273771291886,-0.665288480022691,-0.07549976147566372,0.5626856589275133,0.44360937584226406,0.23026329821886543,-0.6965843534085204,-0.41437481483474936,0.06220694685693138
2025-02-03,-0.019747701978390583,-1.3179910826045904,-1.3661984615793443,1.9128361111257584,0.10843195706730373,0.4149979587686166,2.206901952207818,1.9791356848836736,2.4417353961182777,0.3544532176139166
2025-02-04,-0.9671209252000194,-0.9911200145965305,1.1595612206411317,-1.5701894720485223,2.344443020279534,-0.5253915068989385,-0.9895773671372106,1.959832361441786,0.9205451567588255,1.9427345774196865
2025-02-05,-0.37606587270860425,0.3560520891985079,0.5384048798071229,0.6584072676778591,-0.48783522593932616,-0.23905746295806726,0.16674920948538452,-0.04270161172263211,0.6802403152839751,0.8046897107958652
2025-02-06,-0.0074446435790549575,-0.7181866185522676,0.5551515825021935,-0.09252102389262655,1.0470911320366427,0.9788013071703277,1.0305804275915273,-0.22367893070899716,-0.3427205990899016,0.8930816645147068
2025-02-07,-0.003673947815983923,-0.4879074076742327,-0.8137831599989476,-0.20377854276585555,0.9162015988919604,-1.1456356443394475,0.2319400354813777,0.024420735932386355,0.5553339027813606,1.1338245204050517
2025-02-10,0.18785957914232027,0.22694620653048425,0.5671379360819334,0.9923052335316812,1.1346541901285594,0.868610556201624,-0.12061685160184421,-0.94444140943763,1.3564764020638165,-0.43202197935849296
2025-02-11,-0.6285286998791177,-0.5170972656048024,-0.07811182476393622,-0.17693317846992254,-0.6906456907671519,0.2509880854892237,-0.30726480368445164,-1.4709800523556016,-0.1483746707778423,-0.19148777004771717
2025-02-12,0.37499311744121633,0.8345360515946475,-1.386262768114455,-1.7356925765179727,1.1943240990899904,-1.9282642231184248,-0.7970713161049331,-0.9429402334614359,-0.901753046965652,-3.4983435923964668
2025-02-13,-0.4658774970170235,-0.512690664975937,1.1637093239213325,0.6552991923722755,-0.09835485228277363,0.2431051717928243,0.4034551182595572,-0.06442597394684027,0.5318683691682266,0.17584587891993456
2025-02-14,0.173752189564883,0.31022083677871964,-0.23662145653269934,-1.890542097231294,2.271971444332573,1.5879199178693837,-0.6643087140711628,-0.6735843521446393,-1.572182732941429,-0.5254160990045802
2025-02-18,-0.7095598691800385,-0.4886570094582939,0.3261081517604412,0.5733811748483839,0.886216262902419,-0.3956557673451972,-1.7756286841445328,0.11284031850425673,1.5129159210486436,0.33796946325048627
2025-02-19,0.309897556380899,0.33041166971902536,0.24062848482120855,-0.07490115471610793,-0.10430092003863306,-0.8619869624498735,-0.8223984436963684,-0.10301160031383798,-0.39110488943109495,0.0683022106281342
2025-02-20,0.49671819644241794,0.1396954146288993,-0.6692945166045274,-0.1563571022407722,-0.9531102478252118,0.4471840108456085,-1.2233661263940727,-0.20486486316049948,0.5371298808502326,-0.12814734922627333
2025-02-21,-1.0052774949842052,-0.8558454936164868,-2.9497681736565133,-2.683227154957825,2.046549496728769,-0.795866834572069,-2.163783059569513,-1.2700454510820733,-0.5794231086471474,-1.9303678587093485
2025-02-24,-1.696057976575916,-1.3240044337226555,-0.41067442192850423,0.2320448526416635,-0.3092944958961017,-0.5232477368540458,0.8020430330810714,-1.2019641331678161,0.3330728640318628,0.25385518907819987
2025-02-25,-0.9089120559553604,-0.19294693369591603,-0.3242025522031684,0.6705594709848073,-0.6139877652016178,0.9244082343029791,-0.02874953116442327,0.09332113265116862,-1.2875056174480222,0.6055884075159392
2025-02-27,-1.2905912868145273,-1.6964886158918049,-1.0856679387427717,0.5407788796389098,2.009775158203504,-0.02629309866529419,1.2789914314918618,0.526937676473829,-0.24474953190146267,1.9374366152447595
2025-02-28,-0.12127359119094201,-0.636710932874544,1.6062954020046394,1.8410098813717155,-1.616838493519129,-0.5676461088880376,0.2634918697599487,-2.0968007211129622,-1.4127798404313956,0.5732333603218258
2025-03-05,1.9915020464875557,-0.03994486526668315,-1.7641754750007794,-2.0965589034276353,1.293286373652388,0.5629672270280862,-1.3028508946553645,0.7776481880680294,2.284123039620036,-0.4974642079979606
2025-03-06,-0.34768204218083876,-0.5205474608364753,-1.628230267238404,-1.3123928152252449,1.3730403772368835,-1.8739780761558429,-2.29853726428223,0.4937373500099745,-0.3258522898021127,-1.3956419228806618
2025-03-07,-0.9571458761351361,-0.6361088717190977,0.4882832214417382,0.3772262997505383,-0.13219411145905036,1.294425505636197,-1.5436534961940191,0.2526572882802338,-0.1725577792584961,0.8782009768562405
2025-03-10,-2.6985809104817178,-3.1537432421091838,-1.9754499335054254,-0.7745512137785099,-0.9825218703351013,-0.1193989087287685,0.5310737838006019,-0.6156463180242662,-0.5211070519756472,-0.2797838414206228
2025-03-11,1.1701259299966882,0.5616705776458581,-0.28706339511333856,0.09588201253014782,0.1443419375992109,0.43425033860103573,-0.24145820157952458,0.47557131185971624,0.874259032134357,1.081802294610252
2025-03-12,0.13316713533783564,-0.1741921687857734,0.15103030997805034,0.4189292074579066,-0.5035553341358702,-0.47405730070384533,-1.8571402558730339,-0.44303738455048514,0.5631220086297984,-0.6914110075228737
2025-03-13,-0.7097289531894684,-0.46114777625208453,-0.88187000871093,-1.1496659859151601,-0.2501646551102753,0.9239656448027087,-0.857028696182443,-0.2930309088803314,1.4410713893280653,0.512450052654384
2025-03-17,0.649954905678385,0.5058741160289861,1.5278174127980446,1.665624339327172,1.4356325190839296,1.7558123625659778,0.8727462593318687,-0.04923216812840321,-0.012058461185255978,-1.7661973064296215
2025-03-18,-0.4164769780368502,0.006270672544881472,-0.7284386562848248,-0.7086259154264665,1.3368895334531754,-0.4508691908293251,-0.8610260673241651,1.734679182529912,0.9430480721130922,-0.15056075861921447
2025-03-19,0.9743445723015266,1.1129646149631982,0.401410868378178,0.8498759789774414,-0.15815978974170608,0.1530504648257034,-0.5129088141283986,-0.17500844850643427,-0.39601128278417663,-1.4555061205437885
2025-03-20,-0.8253212796265003,-0.8254409768811154,-0.3942034124631003,-0.1961902600766335,-1.464898796834008,-0.8039124817787804,0.8133033982598784,1.072721055056616,-0.20058936224701993,-1.0015751828050106
2025-03-21,-0.0833800789579117,-0.2152044539848454,0.011382292378997572,-0.3685078796330633,-1.2133338304676782,0.47902175647340894,1.101646594474303,0.732821918611015,-0.7487558795527524,-0.06273194439183574
2025-03-24,0.8010639395147597,0.9864031217696874,1.0479683478873707,0.9413721085940572,0.27409744256520807,-0.18314949115762055,-0.12338842826267869,1.008347863293342,-0.6155326658759797,-1.4900128806420359
2025-03-25,-0.1847654539441293,-0.24449875367358187,-0.3567642212436396,-0.5635830567088596,-1.665454616816748,0.37714771023619753,-0.47554185805344956,-0.6812983293737835,-0.24512312757949967,-1.8472879295737707
2025-03-26,-0.19629144010687585,-0.6172175831384027,-0.9733946595576252,-1.0484413700587378,0.3663559649246344,-0.5395348643645931,0.3976967628093708,-0.9551712943566485,-0.09902650160540376,0.16085644582631625
2025-03-27,0.17208856765289213,0.0037849944581178517,0.16553753292601506,0.7088625278186913,0.5572673840993582,1.2082059751576002,0.5655173637310025,1.164144308382943,1.8078288846848272,1.8419979776126005
2025-03-28,-1.0258127873824068,-1.3027497109388602,-2.361422822837645,-2.177694672916222,-0.6507965841812591,-1.0013104251299954,-0.6180531394656522,-1.0099995356893554,0.28885456964493417,-1.4345169919522527
2025-04-01,0.12252324170568352,0.007531105153263929,0.4248327979675137,1.1361531623056458,-0.702774177468255,-1.1794297308667163,-0.06735231849763693,-2.179430142810726,0.6661401308128821,-0.8044348347681929
2025-04-02,-0.8509919087060523,-1.2603139762839262,0.5851729142086974,0.42018709398100396,0.10405936530636307,-0.11272956757654429,-0.5705475745793352,0.813027248890102,0.7282457547886685,0.43303944481137424
2025-04-03,0.15155988039130155,0.1948445519731063,-3.9763192087700516,-3.971189273254572,-0.9364746983569836,-0.2618918068476039,-0.6036539598690233,-0.3893109499570874,-1.3619500294018005,0.09411026408043721
2025-04-07,-1.375879366070211,-3.3081777822587797,-2.871988336443522,-3.051273539730162,-9.323635430071167,-1.1026361246431287,-2.78088679872186,-5.312122673493903,-4.711916006239539,-0.49072302522021544
2025-04-08,-0.8824466520446944,-0.825087707810654,-0.3145183975418148,-0.3361684936423438,0.4615421322469339,0.33946173770577354,2.6666287910958486,1.2398455131228587,0.6590702752609803,1.7902918117723516
2025-04-09,2.09860309555219,2.084207649064666,3.0928721464719184,2.1152822426465705,0.28302314522034616,3.9520159384198594,-0.6106100637533077,-0.11659968694347655,2.0842684633236206,1.344125036018651
2025-04-11,0.13153131015339822,-0.9861511891813279,-0.423391467488794,-0.8897435037537043,0.7256898201944894,-1.453186095290309,-0.9519048466525295,0.9630117482482218,2.8728748673687945,-0.627888732379848
2025-04-15,-0.034409341607311704,0.13436242640475216,0.07096536784344251,0.4266349170346819,0.6347637876067452,0.22391911127337877,-0.30407238036409606,1.1068233561158058,-0.21166397332621292,-0.7802719902851579
2025-04-16,-0.03577327371258756,-0.1905291122099929,-0.6869352041164035,0.053599012982604416,-0.6538175259298883,-0.3625233092063476,-0.6865232558365112,0.010808373153776396,1.4343905692250443,-1.14556886133432
2025-04-17,0.16867389865751928,-0.007670390020787017,-0.013377842528087179,-0.2089748805073079,0.4642683112487551,0.31182293142169204,0.06299973265238444,0.9877654065367052,-0.37070251565822293,-0.4103062678520633
2025-04-22,2.2477374838691695,1.5915412528475206,-0.14950537000057207,-0.14028923825933287,0.06775079659821634,-0.5865867070741249,-1.3409536591959794,0.4472466900449052,1.1007248320477085,-1.6776216950220117
2025-04-23,0.030437120014007803,0.32011515219857856,0.549930275168211,0.42267216778367195,0.8323531111383344,-0.09069948197577066,2.0214497717592583,0.4542793959675565,-1.9526338792149225,0.19930402557095683
2025-04-24,0.07972899927168935,-0.22080461889081526,0.7924833654052601,0.8625019107625843,-0.14772802814628266,1.1019695383154045,0.9659649444258422,-0.07341379171855601,0.9365311527905165,0.8715782012248333
2025-04-28,0.17284670002745167,0.21119300803226462,0.22001610602078728,0.047339696916252214,0.04524452909091996,-0.12290678044486987,-0.0918111509414372,0.09188283966468529,-0.1016622591087479,-0.4450151190966154
2025-04-29,-0.29449497567451965,-0.07860985545299898,0.10141537455086773,-0.20586178902900193,-0.041557073192884535,-0.5311131468542365,-0.07460014084373699,-0.244873219737112,-0.3985011102160783,-0.8492534229048797
2025-04-30,-0.07248164874708891,-0.08849091911672444,0.04320933882893923,-0.1469533839900376,0.23788190321606426,-0.424282027550912,1.2646770532890332,-0.06069857266470262,-0.2674783808866142,-0.010485010702002003
2025-05-02,0.5232357032681938,0.3469357188752707,0.7117850903189402,0.2478231678759471,0.5299270162430694,0.3004894662114248,0.7366850493605123,-0.509032837366136,-1.653113750217242,-1.826456064980423
2025-05-06,-0.23362955021017123,-0.4247068113312909,-1.0360436295163087,-0.9372182128618576,0.024096916119105718,-1.140002664637039,-2.6983741398017402,-0.45719307599186726,2.627675103439092,-1.7003137110842277
2025-05-07,0.18452627422291148,0.051288081343954184,0.5328821460501769,0.9215357732004299,0.42085590565716596,0.6805025976057753,0.23915528774819655,0.6966434476260487,-0.1380701251101266,1.823205788048975
2025-05-08,1.6460160123585021,3.8049634278225772,0.2953407766129382,0.7678950427175306,0.26228935461052527,1.8124233556470393,1.1219417410415642,-0.6032693256754278,-1.2984482882609858,0.033035336283740085
2025-05-09,0.25122781714974535,1.044885743784344,0.7948888956681609,2.4213900668617887,1.179228883188343,0.11310517798105624,2.278366081028791,0.2986232435677277,1.2777841517813393,3.864893683311595
2025-05-12,-0.305083914299553,0.7386762955252316,1.4375142543466928,-0.11420545038117509,1.2145316673215896,-0.6955430286459735,-1.015943557948779,2.9753274615035603,-2.176405304973581,-1.4896106349191942
2025-05-13,0.15042114448389263,0.9133211803181963,0.07711958716205876,0.09561065045682048,-1.2322638626368305,1.0462669728794283,0.5314744324601512,-1.5732889468603481,0.012881287049171342,-0.9520294615652656
2025-05-14,-0.19911563845352034,-0.40408728146143286,0.09122637670045376,0.04479349905704668,1.3356790785324566,-1.053914596253349,-1.1459660528178983,0.2909909012585265,-0.8581273411024701,0.17093454818664466
2025-05-15,0.13240923491237347,-0.3277928044354866,0.5736411134834865,1.544465536233449,-0.11470242051583711,1.1683867642603516,1.1405080412546311,1.5689908489876183,0.8059915038921283,0.8980191547792322
2025-05-16,-0.15172278859126018,-0.10915952855763576,0.4165147049913345,0.007191533361676476,-0.274168295930302,0.3841046713816993,0.6925081036255678,-0.220637636295279,-0.6731737626982366,-0.1227068697377545
2025-05-20,0.8356076139539973,-0.12840127201595644,-0.349318742746219,0.19093538385433978,0.9025964644338832,-0.08944990224617712,-0.7651725298355068,-1.1765442229465874,1.4982593428923854,-0.19534673548883463
2025-05-21,0.7734730391975588,0.17357441769901583,-1.2414523034963603,-1.0879548746663463,0.528770890089345,-0.7410366152398439,0.9755994302338421,0.4871956301934658,0.5036147395849122,0.3526779468814628
2025-05-22,0.4837455018566865,0.6961227042756218,-0.028116549200878235,-0.2767769148444579,-0.6903679795735727,-0.5778430543306139,-0.45261923658694503,-0.662205944591572,-0.27690360435608097,0.12221478034805487
2025-05-23,-1.1354653285254979,-0.8777926407886877,-0.25933703318878254,0.5074034180698294,0.4191078368461189,1.4541895102902265,0.7960705112576334,1.1051653580666665,1.386935971635931,0.9028064105082169
2025-05-27,0.11388807600873979,0.7010479149194413,0.9266629540994051,-0.4614059328601743,-1.155782577747731,-0.44672213177947495,-1.3588956918450614,-0.9356214732370937,-1.6276602951394465,-2.096645648038678
2025-05-28,-0.3255312612371083,0.12343304174974902,-0.35865843358377936,0.9305634696147533,-0.1776828451609845,-0.5682932585579079,0.5225434516250098,-0.11528302681585259,-0.005892142259678094,0.42846575344660137
2025-05-29,-0.6747266439164472,-0.37460720618174176,0.3582751577005264,-0.006307665146409884,0.8761487980588577,0.44701400790849205,0.4328169730570317,0.2416713295421658,0.365348930433644,0.02796770795845455
2025-05-30,-0.5557029776559297,-0.783970084919854,-0.10851762405118041,-0.6830132672173419,-0.7735162520826211,-1.164675576016546,-0.08316733908462715,-0.4035378719062551,-0.5586717861048976,-0.09210203916635307
2025-06-02,0.5403493912125054,0.548430034325728,0.5977270411059782,0.4700359841380042,-0.24858013260276018,0.6769686462779709,-0.04278263521076293,-0.024789220737635443,1.5395270599399262,0.3756387162059654
2025-06-03,-0.2614939377785592,-0.1822530580195897,0.37437396368741654,-0.2760014713713643,0.9478305798084902,-0.39479756270400956,-0.4264180929740022,-0.9697635855738396,-0.5118980558892781,-0.45137803807262117
2025-06-04,-0.1555270062656627,0.1456870685862874,0.4178770281751827,0.014259050712107165,0.6979314095329872,-0.4918613495362856,1.673262743898418,0.6393806452591202,0.6135779647633749,0.8844520261797186
2025-06-05,-0.9877406546458865,-1.5293828340767908,-0.4686495695551246,-0.05304164318520952,0.8910747494398075,-0.37065266893206267,-0.20661383626350688,0.6940123691872748,-0.3341532485498008,0.48644417163851345
2025-06-06,0.784495655875291,0.4217507692173236,1.2158523508045065,0.21937966611129409,-0.34222715203301757,-0.7960752306937512,-0.6098002034600963,0.943849392473937,-0.6216292234468772,-0.11168598735759402
2025-06-10,1.608451450912859,2.3959085436739938,0.528897203367438,0.04215929386454423,1.0207129367698287,-0.3462555451308409,0.5190245733315371,0.1907594389449486,-0.18697143749778705,-0.3866426522008375
2025-06-11,-0.5223388932467348,-0.3045603506834526,-0.5905982355015368,-0.04257446075796587,0.51022420415469,0.4772080784215989,-0.23292256417352866,-0.05758883023805472,-0.13347936760862217,-0.34502246913612516
2025-06-12,-0.8925770713417486,-0.8600922346511987,0.129828474236912,0.08699276289889102,-1.151393213598037,-0.3480250623822194,-0.2907208400029801,-1.486693697877624,1.0820296746280886,-0.6002880422602909
2025-06-13,0.053020934220256576,-0.48093214687340924,-1.3019657734853873,-1.1096159796837852,-0.2438526374033902,-0.1623505733701675,-0.2735483891581854,-0.544702783253693,1.2042633361859114,0.6409543433866902
2025-06-16,0.3271405388103874,-0.19791759916837487,1.9194694272744874,1.0532156927880665,0.9869500562119418,1.7595442146580245,1.0850042242167959,1.6470311416486676,-0.32723938284363246,1.7377778765154759
2025-06-17,-0.7582433873971431,-0.2920940786627355,-1.11557958695924,-0.523805722562689,-0.3664861584897937,-1.1023568969961361,-0.46741562026200845,-0.6358850343642862,-0.4067195371253161,-0.4704220603852362
2025-06-18,0.10488498471348968,0.11260103597959051,0.20172340630221552,1.5024448178202383,-0.6209143051697963,0.1540334367614923,0.6482946007386212,0.056486329624151344,0.24089117510410313,0.742826510845752
2025-06-20,-0.4640167221761139,-0.9154457426490058,-0.032599607176858315,0.06245453195034162,-0.3861842477659076,-0.8110671267811587,-0.23213023957373297,1.510415329149058,-0.37821159302096025,0.6366460539583937
2025-06-23,0.6152989786750229,0.06982923537273346,1.015108974216563,0.8537241834553319,0.5064785529107763,0.03643568419719202,0.2655694389970671,-0.665932058720257,0.16310953875340428,-0.05652283151888335
2025-06-24,-0.059572747228120435,0.08675603952715351,0.7131848023159947,-0.15588300696219218,1.2629933116850567,-0.37236507211460323,0.02856081135051961,-0.2028865386965347,-1.9578055016488785,-1.1812321573384021
2025-06-25,0.20301574896819422,-0.3661302753532524,-0.5163836460345248,-1.3290491119976167,0.6210595556152294,-0.9679208202101292,-0.7217581514193061,0.36931584402358725,-0.13477338111679973,-1.1051671296623191
2025-06-26,-0.16023096308170828,-0.0516204764833055,1.009870673722907,0.7738039962776712,-0.38938166403744273,1.5911852720816921,-0.4802913970695323,1.407403452964195,0.18620537147560845,0.28048176691352406
2025-06-27,-0.16938461064132634,-0.06640664553062098,0.06417969662046304,-1.4039170328180413,-0.43606270478702497,-1.6696556737513888,-1.3635288396317535,-0.14099937330905862,-1.929242189079489,-1.1734505782552618
2025-06-30,-0.14712359511352996,0.45068087103464216,0.2456866200764665,0.644457979119301,-0.8785653248367267,0.8869112127277643,0.2730050886284187,-0.9040476312346494,0.23629301253504256,-0.7370208284658072
2025-07-02,0.5527880514051426,0.7388898616690514,0.6647161984098965,-0.06736483507230441,0.6228622653355033,-0.03908013929775422,0.07783179084839412,-0.1256697435546299,1.4124951756081425,0.5810385098187703
2025-07-03,0.19338464237078848,0.12936927124864822,1.082722744856357,0.23408567981640166,-0.4274093561501198,0.5858411422663012,0.006268243293240606,-0.24684426028931888,-0.4015250449597939,0.1290844239956164
2025-07-07,-0.6007046564153332,-0.5307673180739169,-1.379977618331575,-0.2749098098245559,-0.7880420422022991,-1.1358754140409715,0.15193387129099048,-0.11109795067101431,-0.23770760823385395,-0.7477392810013954
2025-07-08,0.29531851713016677,0.6957659582849146,0.3695984300867845,0.5623481181668869,1.2083236739817338,1.1915015602808967,1.3385414617554479,0.7862301129728481,-0.3158345197875406,1.3725355775815222
2025-07-09,0.6143856026116469,1.2226273126343412,0.3871093214275783,0.010066709106784819,-0.9759662498051181,-1.804007309615248,-1.3149932145230858,-0.6072292555494737,-0.13489192000364394,-0.6880876568364651
2025-07-10,1.386346321331938,1.3851293694526738,0.26025102014602836,0.6451779298980987,0.4206144442220579,1.3582878768117699,0.4328534662242509,-0.7163659613144839,0.08488416719774364,-0.043750668828602325
2025-07-11,0.37418091978664836,-0.02513868177392655,-0.4934935925470452,-0.612740263433961,0.3667736152489999,-0.9512504363005543,-1.1416051238132168,-1.1241747049066808,1.0112760344612073,0.04713206335473747
2025-07-14,0.6260620719204519,0.3760016740806556,0.2346509323080037,1.2331736864682787,0.27680747574091286,0.09166157621517806,0.22099471318357142,-0.314048196544667,-0.10445720744797964,0.2778264502167668
2025-07-15,-0.6181250071230373,0.9029271940675025,-0.42307497549159234,-0.3379136529005613,1.3853167713271337,0.2564889024837148,1.5465494791306045,0.7118827707314703,-0.5231545372813518,0.5247383322398237
2025-07-16,0.2082960984841757,1.5340691552189454,0.40767540986937334,0.5556544427356579,-0.20749989831709426,-0.35441660559141297,-0.4603614598604646,0.018420721130926347,0.5963192107393865,0.0443739301135143
2025-07-17,0.03611645129531855,0.5680575892455831,0.5124397277145297,0.6368987076271462,-0.16169741846828736,0.10795651228293901,0.7309320202373119,-0.8235751428456818,-0.556808544767666,-0.5080910371131813
2025-07-18,-0.3992889085103612,0.423874692183657,0.16484695123552476,0.2733745267464982,1.1675688936890631,-1.4312746335786442,2.193671126390792,-0.6285382717787545,0.48100594571779043,0.6334213876867066
2025-07-21,-0.21127833119009942,1.2446675779294578,0.2962188412791477,-0.018736359344185934,0.5934988006095454,0.9177395562403159,-1.2318137404448395,0.726872331434582,1.474693181606027,0.3862211349982735
2025-07-22,0.7124157100674482,-0.12589086282462106,0.07575917267172819,-0.25691405164396874,0.4591813148984646,-0.24189628962556672,-0.13116005883057288,-0.1979800383670148,1.0077137760517543,0.14798600546477997
2025-07-23,-0.395062832231796,-0.7229083031055937,1.4583757076671469,-0.3184070270850659,1.3820588445910376,0.8298358877639039,0.4468489817978665,1.0275129310530484,-1.1610477388484999,0.6223219158078714
2025-07-24,-0.17874743037102706,0.4209238186510611,0.09154502789673433,-0.2538516461051624,0.40766133033363805,-1.5475667237823711,-1.1321844209105318,-0.891224925205805,-0.648713262058563,0.1990206914174858
2025-07-25,-0.2986780189257871,0.0634304117976803,0.5490474359232557,1.059411090781514,-0.8019039304887116,-0.12001856234012365,-0.41685779676114343,-1.2994781201402048,-1.0777896777797598,0.08626331264467772
2025-07-28,0.03716202910794673,0.3212644975360194,0.050880604014038516,0.2171682389719453,0.5661635343278212,-0.15039553733337882,0.8477674239095209,-0.8154104467335773,-0.6890591706761162,0.31398695929631176
2025-07-29,0.029625340001934102,0.04666312226496255,-0.08778551384467476,1.3954327042716352,0.1129773726765616,0.8561884556133353,1.2132615399349567,1.05481935368848,0.6229063190894766,1.3480206996597388
2025-07-30,0.007266610793528162,0.10484423924464054,0.21481757764551077,-0.07577590913266229,-0.8212137934300059,0.7653401244946229,1.1418965189773693,0.4992831410324319,-0.55734312093127,1.3722457403784096
2025-07-31,-0.48229428302814253,-0.5966847321815174,0.5063976961017845,0.8693897006336266,-0.6894693266230412,0.03483847861069504,1.69692236026873,0.4182781407249776,0.5654757110402071,3.09895715013549
2025-08-01,-1.001083342508612,-1.5215106320740135,-3.251658109090376,-1.2525821145673144,-1.043259952311318,-0.2955357438879182,-0.9861939974862245,-1.5625617758351171,1.2750752348993462,-0.9137776056103196
2025-08-05,0.35446131322295776,0.8379012731124035,1.4073548406873782,2.121822028356293,1.5534560389964511,-0.7407705560673958,0.9977594149391166,0.9065801025285146,1.3266995209119907,1.4827769724076336
2025-08-06,0.1310127719818841,0.3441297049751081,0.43510982181852254,0.9702264551787447,-0.11849441186137777,0.7552714538984254,0.6528124894716445,-0.7205895749270333,-0.30745553255856606,-0.6771865284195275
2025-08-07,0.7332406087872085,1.3497505948451485,-0.10761625469653308,-0.7713596625274765,0.521294623241717,0.5441993409614405,-0.5836346423618697,0.07094617105384562,0.5299550863481709,0.08970784176886792
2025-08-08,-0.48574081685529846,0.39201401164358246,0.35353742895746376,-0.4807205685950981,-0.9561988897760693,-1.4276502761738816,-1.1528482611334068,-1.8310527790577793,0.6487566125574832,-1.3312658396204853
2025-08-11,0.587998830056917,1.1440197788839233,-0.296193051361548,0.21863201984751474,0.18238294484894352,0.10593263671116773,0.6063497901712949,1.0435895743541197,-2.4797041444388817,0.15090080593468674
2025-08-12,0.4399668344281414,1.8098548850354241,1.5112880162369389,0.9124773338427918,0.3348741881400217,1.669531341336199,0.6609136933082957,-0.3168662873805998,-0.0050278553743127626,0.6271700026689424
2025-08-13,0.861073394717404,0.6495567268851629,0.18304553445212293,0.09984607157084831,1.8864439842404002,-1.4112899263862337,-1.0364467490127438,0.4562533023039807,0.11398698792043209,-0.3338970753725276
2025-08-14,-1.6693526526773146,-1.0188941225124568,-0.24020230061669504,-0.7455648504973063,-0.3734865427965309,-0.4963435721998652,-0.0138493330702912,-0.24013000307373245,-0.848215175601962,-0.6597379116769561
2025-08-18,-0.6592954205660475,-1.132897963327665,-0.366310838754293,0.590390906397069,-1.1434113785193019,0.7010944066451157,1.7329469040075587,1.2537606607519007,-0.10265223230345454,0.20052373012926056
2025-08-19,-1.1683666860743327,-1.2544490627834084,-1.1564742481889576,-0.9283600780756887,-0.3741862339146248,-1.4005603598311411,-0.7558737821914435,0.1085949887488564,-0.813701070936185,-1.0097507600219506
2025-08-20,0.25932533697627375,1.117080333730069,-0.6799752559663169,0.4240160596526541,-0.2507717490356739,0.7736687717715428,0.6132714306222807,-0.05912155396387058,0.5324081308653984,-1.0013598756374402
2025-08-21,-0.6399306576907752,-0.5706606371765519,-0.6677938576519359,0.6898011376586914,-0.12032508285314368,-0.5831974824224678,1.3980826577684302,-0.020694008192764395,-0.3264187685623129,-0.3272057399293563
2025-08-22,1.318225188304174,2.652518140424893,2.194420018437957,1.8159677440458675,0.9505676764789923,2.1305937075187016,-0.14295431640091233,-0.837470281689523,1.3071923011942608,1.1665394231270787
2025-08-25,-1.9377070077397756,-1.6954092258430435,-0.4455972373681941,-1.1693090008816944,1.4728858574093435,-0.5511726189404004,-0.9252956389762378,0.4814313685510985,-0.05383561564314031,0.09675182489171526
2025-08-26,0.45263889855899997,0.7999655487917919,0.6761704532860747,1.091493924168372,-0.6490172306378661,-0.09618572784631522,-0.0801656014305633,-1.0870273225803841,0.6493419204934496,1.2005151835421426
2025-08-28,0.1415940760053065,-0.3597341882624629,0.5698068980129001,-0.22946975041000744,-1.7186400818803929,1.8687152691490612,0.05037927396415337,-1.1794862732733624,1.2086335562977875,0.15847068875101872
2025-08-29,-1.187358825686941,-0.5980035621485472,-0.8721946433410993,0.0939838476282871,0.2320075658009892,0.03251849376523159,-0.5729764733215567,-0.5934165579905984,1.0017175423493208,-0.38108225404419205
2025-09-02,0.7922975489324976,-0.10158579621848615,-0.33151270908793096,0.6495667383855339,1.4590521239018321,0.07838306788564275,-0.8491612430964319,1.3396510451762786,2.3964302066615124,1.8767867379924377
2025-09-03,0.06851495788578103,0.43974513603159066,0.5037652434441615,0.7966913444998609,-0.31010638726296713,0.09608288182347406,-1.4481449657193806,0.5903417336095697,0.9355055464797903,-0.08032717074912256
2025-09-04,-0.3028731637462612,-0.6418790328136323,1.0211121232118527,0.7739646912852244,-0.7717984031611572,0.3674296993633465,0.70908243189297,0.10923445390730566,-0.6349894001188456,0.26756461723544817
2025-09-05,-0.04564596535268049,0.009160414931520146,-0.300253761835694,0.8280636354021873,1.0484657451905952,0.8957475396436511,1.0459089049161094,0.11336126312118978,1.1562695965041148,0.48634706524501614
2025-09-08,0.31828473124492657,-0.0474326076089309,0.16073004269294194,-0.013726684395068233,0.5377525236943648,-0.9567718437712222,-0.8691528853067203,0.06114689123573182,0.4939183972815504,-0.10559917689159501
2025-09-09,-0.29236705206882935,-0.09193530124020939,-0.05091193597798806,-0.5740196678400582,0.5956692376831886,-0.20059313616091137,-1.6114532271323143,0.10303935799154598,-0.15315171627964866,-1.0960826372845116
2025-09-10,0.6944208315532734,0.17853207599543736,0.682150057452664,1.2561554443127674,0.8304523330176954,0.7648239685243107,0.793498483748136,0.8836779515809798,0.16792886304756313,1.0914978740689392
2025-09-11,0.2975686053444595,0.4140038736356045,0.8117873085294531,0.7467746033015059,-0.4299005103727611,-0.2081140816556724,-1.1191238131563634,-0.19396795530571193,-0.41750683742264616,-0.8764128872588143
2025-09-12,0.17050926997377855,1.1167427229103783,0.16562864806488636,-0.5228423696600147,0.984609368689704,-0.550979147130737,0.16110111625147358,0.8758086641484796,0.4632926305560858,0.9720320485804063
2025-09-15,-0.2568698864573881,-0.8692332307002323,0.5846555044730068,0.6020365282063068,0.07655109281467076,0.12744139883505295,0.13521616306448697,-0.3566884173396216,0.7752139182870367,-0.028423066677438973
2025-09-16,0.26792285931580506,-0.19366240657391243,-0.5517799457571256,-1.3892858483923094,-0.1654218364650151,-0.45202465170192024,-0.32582543192946745,0.624231815314467,-0.07764247580923793,-0.8568308641964815
2025-09-17,-0.27744757595761976,0.2890553355173632,-0.6561184422617928,-0.6476594097547202,1.120296166399711,0.3104847874882873,-1.368403570584948,0.015267625557851798,-0.5405688254655842,-1.299005552853333
2025-09-18,0.12916802647527437,-0.06513691523005935,0.6432509035106398,0.7515879727376618,-1.027732210294959,0.1555175641094396,-0.3251221402935303,0.48451118896589773,-1.089206777143263,0.054772674537819324
2025-09-19,-0.3958045249890055,-0.5510204675140157,1.1166367810149738,1.7698011104483844,0.23373133425118062,0.37177281015600455,1.2811071576409148,-0.18908954569481426,0.9846242145645178,1.4474557596983526
2025-09-22,-1.0293342755406525,-1.429418748280817,0.34086209739550183,0.38158260121045173,-0.696781365477031,-0.3495617292252611,0.7713190523777727,-1.086986169193675,1.6040811321929458,-0.6079180392353697
2025-09-23,-0.22079571426610445,-0.19411541337297555,-0.5736456571280074,-0.0007561523860533549,-0.4164750711485852,1.2146376091202267,0.4424224935793809,0.036099334353058614,1.1029394001378245,0.9574461696858829
2025-09-24,0.5265780942223883,0.001795997748307393,0.30717798858770945,0.47166043768461446,1.5288841593800242,-0.38583818589642194,-0.3715291372266218,0.0648221508524888,-0.7361871125498546,2.452524713372363
2025-09-25,-1.4362014763042619,-1.6167980983426666,-0.9278310737773283,0.2739614005193122,-0.10604766025890039,0.008193194789957723,0.21723581975070677,-1.223856252635649,0.005038981077803409,-0.19408108853820155
2025-09-26,0.12486015630190962,0.8158539906276815,0.746023352552671,0.4416196123954173,-0.9711271164559012,0.6137662402571006,1.0159404056133217,-1.5585912648059825,0.8715377543284775,-0.09488796421788716
2025-09-29,1.2899443574628997,0.8286493032933289,0.1161107116221891,0.6639182698458014,1.2554420018982873,0.0417435045736658,0.5164509558112221,-0.3680985472528705,0.9433635408865289,-0.5153839057769168
2025-09-30,-0.15788073337269848,-0.40198265271368594,0.5531801759942107,-0.029524854600423263,0.6456456358697402,-0.45124571200612196,-0.688920442064827,-0.20122800004855634,0.4312710789965504,0.05612535609515621
2025-10-03,2.1975261912835076,1.7403336908423732,0.5368228483179007,2.389597475156427,0.7497691822490647,-1.1071897086824707,1.508047553927645,1.57493669108256,0.9216068521769892,-0.0004959845723145297
2025-10-06,0.5056789139061272,0.6866433914445325,0.4726581399149299,0.1763690284181128,-0.5018992486900806,-0.4581694835692152,-0.016264973364133132,0.9009964044634519,1.5797963141001088,-0.0045799206215814394
2025-10-08,-0.38456560909361137,-0.7430897795796829,0.2068781494704128,-0.263347370231524,-0.33818710140101593,-0.6757859472125951,-0.25160683694064245,-0.2594671435652423,2.07349855226677,-0.043530377967394014
2025-10-09,-0.4465492251319005,-0.7595638827951638,-0.5060751635112873,-0.8958358801328652,-0.2156939016773652,-0.6409527730484317,0.21879247340564922,0.6850281920273941,-2.0408315178702137,0.10197941195071038
2025-10-10,-2.174456888948851,-2.6156256437565717,-4.432347199439379,-1.0314699953721327,-1.2738786558859698,0.09845651109087497,0.33832219492899923,0.5938615602794002,0.5643566561906062,0.4061794496460023
2025-10-14,-0.13640056989412644,1.1258461018439707,0.8794227279101811,1.696365349401247,-2.634558971700221,1.9888273340943097,-0.1990399001806423,-1.1968762745727037,2.8462832384277523,-1.2488436127772795
2025-10-15,-0.5733856302384802,-0.596430725404111,0.37533346604313694,0.9993173979749542,1.123869302434513,0.9420612397652164,1.742628620224512,1.0211093824546993,0.6114247463950592,0.5743929814550919
2025-10-16,-0.9877484728641461,-0.6391161242483981,-1.5814172751775568,-1.6762799930753485,-0.704341715942837,-1.8246124634929615,-0.6350982541894938,-0.20097045986977286,0.822351871707076,-5.735173145707702
2025-10-17,-0.4259049910657936,-0.29100213687449056,0.5142522869720152,-0.8571769857216069,-1.4426150957298989,0.705317015986672,-0.2948698650500248,0.8342818338517939,-1.3676666627736593,0.5307132405954579
2025-10-20,0.9696344017108705,0.6364640751334103,0.8289457671825567,0.6518421517878713,1.3692415767218604,0.07611150166051965,0.09734609774702135,0.6123170681471156,2.2222683149667426,-0.011080487684907832
2025-10-21,-0.6099375613216792,-0.5558948744689368,-0.17805587805187953,-1.6806178650299297,0.2861625853275238,-1.0245927605333978,0.35021389462275593,-0.16465731568646438,-3.670095218867679,-0.4660659842651614
2025-10-23,0.2922463612441671,-0.1775681928533291,-0.17152919931288804,0.36418216969851414,-0.21900739482725115,1.2788971391308246,-0.5866057931083631,-0.2119935270920635,0.29894501585230426,-0.5405374968887572
2025-10-24,0.19325175835622807,0.34325522525364144,0.7436036035667635,0.4529994747998615,0.4852969020428255,-0.00661864269879413,-0.6553374818557806,-0.589673720572054,-0.10565546605466915,0.08611754627210898
2025-10-27,0.7314512818273817,0.8594028191662111,1.2113660640653006,-0.20344786689485034,0.6715838104418116,0.5549525544148567,0.15875876582746754,0.9324977666055898,-1.4439719235936948,0.13122867889021766
2025-10-28,-0.22711131470549945,-0.6301164289564573,0.5746876073677057,0.8650228501873151,0.048435404552161235,0.3692653854530561,-0.5613555710415717,0.36282701075001106,-0.26476811810073664,1.4552443928697656
2025-10-30,-1.2476357327740963,-0.9297826759245699,-0.9391969270639693,-1.1217150241449851,-0.048155935467307516,0.6247294911176879,-2.019494668634757,-0.24164838923633652,0.47526037319762193,0.39907148997589564
2025-10-31,0.3533141608691542,0.23391751191616572,0.5117017679771036,0.8238713510731571,-0.8134189443439845,1.0961210544873596,0.6130672552598124,-0.5341380433819176,-0.13124584794059838,1.0364553636483564
2025-11-03,-0.814796350017695,-1.3513711769319097,0.2668691870255392,0.39647276232153145,0.7998076516930774,0.5045385914167144,0.567805946186929,0.36293945884254436,0.29104717056356927,0.47180753791249896
2025-11-04,-1.4409843080853877,-1.82204187936884,-1.4682725835753874,-1.6355349848601397,-0.6042427299872206,-0.2830195390360214,-1.1420833666206243,-1.202490457019349,-0.8662467418450245,-0.2615930224647559
2025-11-06,-0.18513914613677784,0.02924734289191258,-1.0323494502206074,0.36902844327435097,1.3492629968956762,1.4110451512675755,0.5471742843717904,-0.8975797540499938,0.3188454872575098,-0.7291483611630485
2025-11-07,0.5402797282537236,0.6600469058531709,0.1809306841805041,0.28748490810005006,-0.5537034574045352,0.32818281300856117,-0.2576296296181568,-0.022227605253703243,0.3295689984113377,0.40978302274831535
2025-11-10,0.641956637881879,0.6697424329584404,1.5259989342764435,0.8577902043209361,1.0715479884551569,0.3096356493677203,0.43443793291912086,0.3367342559865836,1.7355967947656212,-0.1278125520310067
2025-11-11,-0.8608953006484402,-0.8792897250452294,0.17791122172632406,0.1821103783111246,0.11925632178328167,0.7367766478279126,-0.7651731558530724,0.6777656673632868,-0.10034746899151016,0.14594212848005086
2025-11-12,-0.5055199612419894,-0.11234266536349465,-0.2911921321372388,1.1329439718957284,0.3834830061011926,-0.696589332854293,-0.553484199506344,0.53192471972114,1.2842332648331682,-1.1526634193831218
2025-11-13,-0.579635506470551,-1.091222409169797,-1.7436851978112866,-2.0841778761544405,0.4926474602456084,0.1606269065088382,-0.6550940716488274,0.1192283316377338,-0.23744889541202205,0.49854727207272725
2025-11-14,-1.574067634302781,-0.7915484504773384,0.11734395282054905,0.5499064703144788,-1.2197272031978683,0.6106958882511793,-1.3059811992227675,0.45319187213166334,-1.5034183109380992,0.940813111446886
2025-11-17,-0.7656003040085961,-0.5832687706853033,-1.152425270163705,-1.1172215107676313,-0.6319959371656958,-0.6592655206228281,-0.27966013836669745,0.26433177787590934,-0.46716358970462524,-0.6824147475533543
2025-11-18,0.1822399618317074,0.5788019916366952,-0.9243239903202429,-0.017541749184996024,-1.302078031749853,0.21355809121598535,-1.7758513194132142,-0.8461080803289671,-0.21460114537906283,-0.28588898866442997
2025-11-19,-0.5296707593247916,-0.722351160584759,0.20573387478385446,0.18510289356244186,-0.2517869479385297,-0.9890557660246447,-0.7471613482849466,0.5987140437010033,0.1540235606500788,-0.45378670096075485
2025-11-21,-2.0574481441447925,-1.8260792993351744,-0.5312849476363596,0.4989850320182177,-1.6426343554627947,-0.09258322685482216,0.7949237708390401,0.20960849779976687,0.02474334040513625,0.5927620914606611
2025-11-24,1.1299097111204537,1.3870122377574972,2.7326007749298276,2.847436699867627,2.002377268713253,2.5391699609900065,2.523598725825951,0.8955743008862029,1.0139245045711056,4.644848909635184
2025-11-25,-0.4394421612009823,-0.10993046063624373,0.21404353829101735,0.35335358928469657,0.0729674450187342,-0.40910366385349656,-0.5402409631952557,-1.4318118023658546,0.3890057674120884,-1.5869537509730267
2025-11-26,0.843435113577445,0.39337036201384434,0.5041885488087181,0.6709679409029647,0.02263489905469593,1.2819234217228812,0.7820346889711148,1.690716196883303,0.42038287614905895,-0.039115028717699195
2025-11-28,0.12046919906893348,0.028739394987759286,0.6054210350457373,0.24907776805965082,0.0002588570226179836,0.0477872995326011,-0.7957754270188588,0.20086347168116148,1.1455579352815817,0.6171288240424168
2025-12-01,-1.3903635919118595,-1.6166313426365289,-0.5681681532090456,-1.3585177522049359,0.4881732440876245,-0.6388100577697085,-0.9591505574769016,-0.27456949288943433,0.3081888596074555,-0.09790841681886081
2025-12-02,1.4140658294234913,1.281353890943247,0.44101443331953466,0.2523265179656743,0.3894559071899756,1.880213798915523,0.5997794609437694,-0.47243549875344304,-0.8773549122747532,0.8118148602126471
2025-12-03,0.5839041612243535,1.1544398403832279,0.5647957865575693,0.4090021652994797,-0.7277517399242558,0.10938895250358036,0.034109418303696036,0.11706059399892502,0.4569645924583879,0.9565106200526073
2025-12-04,-0.33678807496759566,-0.31674363467838357,0.3289345024017336,1.1743439437036807,0.6710837676376197,1.2389003017461397,0.04455607816083583,0.5645908372936357,0.4139417978666273,0.7848612647457348
2025-12-05,-0.8818590667710028,-0.7671965168006285,-0.2834220972073987,-0.9380398849758105,0.12167408342413423,-3.8893830826004674,-0.28010023593638306,0.19764794697534022,-0.39085021744504717,-1.17882097339428
2025-12-08,0.3189006490043922,0.5836649664291937,-0.3679289426609699,-1.332225763734276,-0.8337135139823204,1.8328448339239631,-0.5642633594776799,-1.260179522310872,-0.5395692485705099,0.2822975355602862
2025-12-09,0.5644098024773155,1.1394817188346205,0.06131569663384028,0.46583608599974696,-0.855996527310116,-0.07513686040928921,-0.17582875143065366,-0.4796940218598189,0.5357924969136749,0.6004765285217191
2025-12-10,-0.29658177482750436,-0.06545138940831652,0.47169813932559074,0.46425835187367254,0.14268494624531852,0.25070895328104137,-0.6677421013791284,-0.9244436902820067,-0.5437448886574803,-0.8043311063149028
2025-12-11,0.050541439750543024,-0.5864700145109106,-0.008917150041306237,-0.07973090394947395,-0.1803516010550687,0.3523977056482755,-0.6415401594254204,0.47182606761455514,1.7809111167022567,-0.49810023662101616
2025-12-12,-0.5756875643333218,-0.8852912951603622,-0.9057531569859953,-0.09029236726360294,1.7784201980092227,0.1577603794575629,2.2364197223578732,1.4671897215575278,0.6688574466012049,1.6145741021709774
2025-12-15,-1.144497793417811,-0.7461706994857022,0.17024861901559363,0.11500637481565616,-0.6945409329765267,1.0265833273867366,-0.1485595282519421,0.27722198754671096,0.3722438438262809,1.0519306613688055
2025-12-16,0.441040431462603,-0.0029491388939345943,-0.1365673161668801,-0.6934949346375042,-0.9852146800942944,-1.5229677236510448,-0.17496829412528825,-0.7057662866024498,0.06473995454586004,0.6210517550329324
2025-12-17,-0.5317142574609288,-0.9290158056729882,-1.5869226647092656,-0.022940801915765155,0.7595374983535628,0.6587481338511129,0.1295563603757627,-0.07177720855364812,1.0289475140459274,0.5361267904629473
2025-12-18,-0.4346710377986523,-0.19514002917008885,0.16333463729777675,0.2063629718326291,-0.3574803104684293,-0.04827952194405284,-0.11910170022562727,-0.984625138496639,-0.8228549781092515,-1.9676175295094491
2025-12-19,0.7500398944126093,0.982903383374077,0.8621519135132444,0.9833056449839727,0.42940524836535243,0.10370581698281088,-0.013730329055893784,0.46637636556594225,0.21638714497456893,-0.5673065049511277
2025-12-22,-0.1464821351551746,-0.01186441225926435,-0.2664437347173525,0.0427061855572307,-0.25882660995242307,-0.46665441719027156,0.19710647938030054,-0.07459886657235494,0.9940258218937744,-2.347593585123075
2025-12-23,-0.39821945187234686,-0.3397035247913558,0.5877470205576666,-0.20631091340236068,-0.07605892901269452,1.580632509002689,0.45639516750476217,-0.03427942071429444,0.7614503493090177,0.05197696362002133
2025-12-29,-0.0761488240513923,-0.20445447353526944,0.1672772065224684,-1.2916407210548138,-0.3320148777259565,-0.42195265472581184,-1.7649978061530065,-1.104819243117918,-3.3125680473277597,0.6304854540589289
2025-12-30,0.4078228907182858,0.238274218101097,-0.2012238942127913,0.0702137495071573,0.7552696009238932,0.5919445319709672,0.26467862435722744,-0.018206935643072,0.762537146954699,0.1673106636814824
