date,ret_BTC-USD,vol_BTC-USD,ret_ETH-USD,vol_ETH-USD,ret_^GSPC,vol_^GSPC,ret_^GSPTSE,vol_^GSPTSE,ret_^HSI,vol_^HSI,ret_^BVSP,vol_^BVSP,ret_^AXJO,vol_^AXJO,ret_^NSEI,vol_^NSEI,ret_GC=F,vol_GC=F,ret_USDINR=X,vol_USDINR=X
2020-02-05,0.04302156904232455,0.5868997312815606,0.0731691684858286,0.6968237922060972,0.008180999708544683,0.10481230523682186,0.004020457780772973,0.06159774686350139,0.001188179938937796,0.2110654942299896,0.002684242810535359,0.18157810716396797,-0.005223478767993445,0.14306494295606517,0.006092199969696882,0.14942614018540235,0.0017548439962571478,0.15209761518961235,-0.0030067789504281913,0.061209716468906515
2020-02-06,0.01315765351520101,0.5682139582483021,0.04006101951199525,0.688565925557552,0.004444724078260087,0.10489480548823298,0.007249173175214476,0.06340434749241622,0.02678810443757069,0.23485589266041176,-0.010860446007432667,0.1867152129185413,0.008580293296637634,0.13654334744481134,0.005153104793622557,0.150717045326258,0.005799672288540302,0.13411385567807405,0.0011245690212580185,0.058128166723510566
2020-02-07,0.010840749335169032,0.5414868640104173,0.0518240603811715,0.6680837371698066,-0.001349577067061186,0.1025595874669319,-0.0017173123514359495,0.06336728458723223,0.0008169072753075982,0.23486139318584578,0.0027489902861839175,0.18611686484868334,0.002925174368292659,0.13416574301023326,0.0007980371214380463,0.14137543407036174,0.0062996960593125415,0.12470747794205402,0.004065913942397183,0.05779372345338773
2020-02-10,0.0068105258733568205,0.5221854408522094,0.0042068685288544185,0.6646508410171753,0.00793614219717632,0.10463325843790452,0.007370169142336822,0.06565896300848226,-0.005026648654695196,0.23455488078789355,-0.0007589950976568381,0.18617335337203492,0.008399088213992541,0.128560508375269,-0.004904384810949578,0.1409561641713247,0.004517712780747292,0.12478440189288954,0.0006364520766029804,0.05776593187870491
2020-02-11,0.0317539623949321,0.5254120952983925,0.05038960000112178,0.6616157706735253,-0.001611435665336523,0.10028171612451504,-0.000687386191713599,0.06336324757781585,0.009248939341463739,0.23779897403826145,0.02141227344461016,0.19904939389967868,0.0001245514659248911,0.12105607375538743,0.003031469540757049,0.1409969339577904,-0.00909410978200686,0.12799285756683532,-0.003298484351338802,0.055261724790787205
2020-02-12,0.011409469726085407,0.49791796984404063,0.11799419386587187,0.7104650973374642,0.006375917891236579,0.10044466567187788,0.0010686804308211214,0.05952716398476114,0.008460470936403255,0.2388736555592269,0.01268087133693477,0.19366892985322204,-2.1554034943213098e-05,0.1191689538281463,0.007610223966488992,0.1423648896828232,0.001083154493145858,0.11783831611953266,-6.593521396657036e-05,0.04211446753316521
2020-02-13,-0.010580512718157086,0.4986340837863062,0.010389261158025865,0.7139005922144711,-0.0013385264359621841,0.09745069494728352,-0.0029472746966345766,0.06121793744809051,-0.002602290977413241,0.23890921822428873,-0.0022057147033441317,0.19433660742934084,0.0035686008086122105,0.11760941569059423,-0.001885120434192741,0.14247979098014,0.0051937855367906885,0.11901072256255446,0.0002932499240263664,0.04072261079119821
2020-02-14,0.009134386966757299,0.4949205221894124,0.057993935356450095,0.7108619715381078,0.0014532079045429655,0.09719759707205104,0.0017247710663199347,0.060783191220252775,0.00239744408450162,0.23709317039281264,-0.013303204118050893,0.2017892654900371,0.002095321135681402,0.10188333432431837,-0.005428159763765628,0.143189029891813,0.004424843486456782,0.11406498859995857,-0.0003886281939422311,0.038786890611654384
2020-02-18,-0.015503060481951424,0.44080698986071876,-0.0068976163877317665,0.6122366778667946,-0.001792571625884964,0.095253077703625,-0.0004950344737077081,0.06070527614876704,-0.009027342358597321,0.23819422647075655,0.00165531785787424,0.19374539488201292,0.0003033340616225777,0.10190526039214588,-0.008903324883116083,0.1460292139590334,0.01200305310005456,0.11553168990060005,0.0011316423602625884,0.036708493653778235
2020-02-19,-0.04829027060978406,0.4803938661825023,-0.07877737548617568,0.7085111129902266,0.007854461717790277,0.0974423428665145,0.00832186709676816,0.06282604506744728,0.007815011183201801,0.2405593913054832,0.022993222156416162,0.20098518206228475,0.009880610087681038,0.10398569480096836,0.014221952126524358,0.1552921215979704,0.0078362613174073,0.11539553977317316,0.003159713433505517,0.037649163141304114
2020-02-20,0.0009323285689782638,0.47710337105419454,-0.003488158456312204,0.703429022524154,-0.00030122319068895815,0.09618752638436932,0.00204855749326168,0.06222345664863774,0.0024008311412123335,0.24074176345490458,-0.01108824490287,0.20448349748048744,0.007817435429987866,0.10537214118887989,-0.00020057691439150205,0.1552842136554145,0.009166580323173338,0.11570516121336949,0.0035215942373088074,0.03808842081103667
2020-02-26,-0.08497291119502635,0.5633158669673588,-0.1330528670895916,0.8806968173813724,-0.0786039232401027,0.2922384671514786,-0.046556931864957754,0.1797476651518889,-0.030885458693784628,0.2579345954720896,-0.07474793700752135,0.32590521014828805,-0.05309202290813662,0.22021793211517865,-0.03328041032796546,0.1920155108588497,0.014962645732645576,0.12111237666863224,0.000591567112040898,0.03701207070447046
2020-02-27,-0.006971796604291337,0.5594910731280933,0.0018649465489620047,0.879117687673704,-0.04804696656810342,0.33194076459196387,-0.017138365420270123,0.18903691569510897,0.0005612211489617055,0.22774205760345367,-0.014978522163138967,0.32780146891333745,-0.0014665762737822194,0.21957005117210704,-0.006756716293670943,0.18819243231890845,-0.0028788302158419985,0.12231772952669805,-0.0028788302158421096,0.03885224578394502
2020-02-28,-0.009122929126877127,0.560130823349883,0.0037446464275437768,0.8768343544623883,-0.004559174468193111,0.3309688012874996,-0.020778087656266663,0.19942056247620846,-0.020542216191918948,0.22879396506091124,0.023175069642561663,0.3316893858604958,-0.03450845919878853,0.2419689397291707,-0.03408835368081645,0.21911991859583516,-0.04367239010560471,0.20263542527545944,0.003713288641460045,0.04018107140555278
2020-03-02,0.025539540967817107,0.5523904896267395,0.019713035487172938,0.8590277454648778,0.04806474701605344,0.37871336065227673,0.022300853174340243,0.2155855049196975,0.009029971085298582,0.22715191954207947,0.016581741537129494,0.3381179001808032,0.00506478020174516,0.24272184991184473,-0.0031249231163614716,0.21720916325343845,0.020922857702994936,0.21407125576408167,0.003053878246640315,0.04054955205503027
2020-03-03,3.718975979995641e-05,0.5522158797413664,-0.017456622538276415,0.8664102691220176,-0.019198530351359027,0.38288979059529465,-0.0046892488477977634,0.21588800492706958,0.0074868966110667986,0.2282611694802795,0.006033663204440696,0.33806732285337626,0.011429414048990142,0.24626221189122335,0.024515441042510442,0.23450363644197766,0.04010830767422725,0.25193311386087447,0.009311954571555387,0.0496319433908932
2020-03-04,0.003364467022341316,0.43395798154921444,0.007245014886943143,0.8445395462436667,0.0484105600533714,0.4222438908969867,0.03244498748367424,0.24582263400515011,0.0032950834759604506,0.2053762468306744,0.03201388645503736,0.3484821309997248,-0.015498456492559397,0.250621721007703,0.0024365230784308203,0.23321421678440035,0.0064650488714688955,0.25145325290773446,0.007074210692738218,0.053129658861753526
2020-03-05,0.045790668383871934,0.4577861836922844,0.030442503269176018,0.8337203945644835,-0.02500495606753051,0.4300047777621141,-0.0035011887371924036,0.24600067323351385,0.030318958926988878,0.2094584684881282,-0.022725118027519635,0.3564074661456289,0.013789526413683655,0.2567655271217314,0.011104405753727937,0.236977295683939,0.024804718161057573,0.2613977936021349,0.009505826372450506,0.06005527897054994
2020-03-06,0.0022768062378355305,0.45588220429952414,0.05779418958623131,0.839480191621941,-0.01973514178262545,0.4327416147481391,-0.025007958421584844,0.2604733349419719,-0.026147152537344884,0.2314817347766014,-0.03988961584291233,0.3815475693167766,-0.02928044861095943,0.2682223016833662,-0.027654051660417296,0.25391033159485954,0.00010275911963519784,0.261785959939631,-0.0025341981302393676,0.0608337541984113
2020-03-09,-0.13900117083363217,0.6641343121671028,-0.18512434043411202,1.079335275756553,-0.07711393118258233,0.5027061930860953,-0.08953394649639426,0.4009449318860137,-0.04151515794890605,0.27476463588629263,-0.1314811667392724,0.5841647468882514,-0.07392964341888841,0.3616444195476292,-0.048298514228686515,0.29142046380645314,0.004108512144629942,0.259432618601407,0.0018964817577890025,0.05952899987970578
2020-03-11,0.0012872797986715053,0.6637845111027507,-0.03304490871035554,1.0867389457978753,0.0009421360077826953,0.4989114596169483,-0.006117622461344312,0.39736751067351844,0.01029296997597599,0.27514450367953447,0.0036953091120738215,0.5854352022873499,0.014249928097196881,0.3678432214655164,0.003494753552842586,0.2793996687667935,-0.01713508577419262,0.25656483214693726,0.0028299763905290914,0.057645827325747336
2020-03-12,-0.4572787222013054,1.684139597529308,-0.5432802906835432,2.157662488753988,-0.09249339926400589,0.5764243216092725,-0.12131070817257818,0.56013563416291,-0.029757941736652395,0.2927265985956671,-0.11615886833614716,0.692118539330417,-0.06593821201600131,0.42242616515173315,-0.07921749667947181,0.3774461443418762,-0.024804399505258024,0.2760435176585277,0.007451453138467682,0.05783085306523098
2020-03-13,0.11988338636951121,1.756827473356969,0.17746914773765848,2.2607672123548834,0.09600557112120223,0.6856481226062929,0.11162668698628601,0.7041766662355555,-0.003186099509161359,0.2730568716497004,0.13250542382979993,0.8586173317403623,0.08268606688610172,0.5261785348628286,0.0445556407143581,0.4180778263746544,-0.040219188031135555,0.314268291180718,0.007197164171966193,0.05994359733907161
2020-03-16,-0.12264812585501504,1.7841768968570644,-0.20460540801423557,2.3321822576356643,-0.14636542820298595,0.8370083181853737,-0.13325429420519316,0.8276110609302506,-0.061599923496789576,0.338069059088496,-0.15568104545050773,0.9992907180674899,-0.10525412579675898,0.6283796637467234,-0.09788740018127241,0.522357509619431,-0.03856991126008892,0.3422040005689064,-0.018713230730168638,0.09499487164134116
2020-03-17,0.05803121240923699,1.806283887835532,0.04650861751945067,2.3449656316181153,0.07501199937473653,0.8899798874954638,0.05802879317279868,0.8616706950237912,0.02574112076856754,0.3562086057362212,0.09383401385998302,1.067410967086237,0.08615806837698813,0.7101873012170027,-0.008578464976051284,0.5219314083082094,0.04269387117749269,0.37401325290752646,0.01678568673904491,0.10846022816226614
2020-03-18,-0.012871810405386703,1.794303759704639,-0.0074565146952515985,2.328569581354312,-0.0685422871235362,0.9109894150166656,-0.0781551514314108,0.8910882690586879,-0.058459359865558114,0.39664102700062714,-0.12242606165421009,1.1281838141574627,-0.06401184079393328,0.7366215370124385,-0.0724879419065892,0.5594096402453486,-0.047032734542857293,0.40822697438801087,-0.015320014791456034,0.1233416146665628
2020-03-19,0.18011982254795997,1.9331441745801061,0.18646785153009582,2.3954423620954683,0.017712259268748098,0.9150587325430549,0.06496378814927314,0.9320226957208957,-0.013291015268403919,0.39213801911033885,0.05291054304514027,1.1499701944737428,0.008941456214421875,0.7387730735411476,-0.011531101249404273,0.5534600889956062,0.01389504552990316,0.411440025828874,0.01301549829834717,0.1290519517996657
2020-03-20,0.003591498072138281,1.9348165777613011,-0.026273938248693614,2.3911674834144994,-0.041960575989915566,0.91895757561948,-0.020491984695603323,0.9319019978519226,0.05138897399672555,0.44499383586418667,-0.018203615809970493,1.1490267001340644,0.020969599435671053,0.7450486815470994,0.05905843600788842,0.6105601833254318,0.006012515179384749,0.41158910022907036,0.002367048063451298,0.1288222553613195
2020-03-23,0.04062514528470541,1.944104731978021,0.02238222124483401,2.377618416919018,-0.023598084437675644,0.9171850050858467,-0.05057093087877326,0.9393192264959808,-0.04409699099237595,0.461665195648157,-0.057052809099301126,1.1577111161290214,-0.053497807678364435,0.7597816849533818,-0.13290414803861092,0.7366742697013489,0.06055523520059606,0.46252601257373194,0.006133416571901045,0.12895242084091307
2020-03-24,0.06006525513787996,1.9637201216515168,0.03975698334136837,2.389450977678397,0.10130377908220234,1.0039063652575946,0.12577540343316923,1.058414175417751,0.05488480102527731,0.512052905078591,0.1229821915365923,1.255859511648795,0.03129918477242524,0.7731635364239346,0.036382838702703854,0.7610362138082386,0.06939563081816341,0.5171267556084611,0.011620546564239265,0.13229411106413824
2020-03-25,0.0017956988991055987,1.96106130285791,-0.008854736141699075,2.3838975263701956,0.02127624925964853,1.0083037136765527,0.05138549332518144,1.0776948322071402,0.046790896845461165,0.5422259935311986,0.07357646768662784,1.2856279959579728,0.04704615449418273,0.7954355745574303,0.07395270487000698,0.8180570048848455,-0.007140695697434467,0.5187216971129525,0.009807258838826284,0.13418143101888022
2020-03-26,-0.013196834934637332,1.9603357213790438,-0.002702043174225699,2.383997215860271,0.042065784778192186,1.0246624618835525,-0.01646243060061311,1.0776284429600484,-0.02595821465488423,0.5467847522753219,0.0048919686089589735,1.286627520057695,0.015652933630460573,0.7978524675622644,0.01968860810010948,0.8252490243352514,-0.007632262046484358,0.5200264196814492,-0.018478046296054366,0.15452462891215712
2020-03-27,-0.052288961703138084,1.9487580517990006,-0.047369245266726735,2.354294173450842,-0.04914343054545326,1.0044231621415227,-0.08006594905874057,1.0987967615515735,-0.00929314582311469,0.5392209723365323,-0.07374811678055561,1.2859892666017725,-0.097842988181162,0.8437563624627558,-0.01270240989686301,0.8220637733555218,-0.030880783821823996,0.531492195227595,-0.014875585003826915,0.16591668970110807
2020-03-30,0.0036511650023224955,1.9495127613921717,0.0021007272522630344,2.3543256782133026,0.04281276106596583,1.0079221855489984,0.03779617359139074,1.1104337586007478,-0.003561062177779115,0.5389244872410883,0.04240379444742247,1.2979656499058378,0.06095506899941924,0.8784371415593277,-0.0349216573777111,0.8254179249752949,0.00867544766609216,0.5318310786861952,0.009846170495991157,0.16719247617193067
2020-03-31,0.0005064785765116139,1.9500018835389485,0.00430934532224214,2.354407250975798,-0.017003939621518954,1.0090037997637997,0.034242321697786994,1.1181213132834935,0.017840724254605752,0.5410833614876686,-0.005698816426957285,1.293544169032825,-0.019378688999392463,0.8739628585065267,0.03666314964459488,0.8396880016002793,-0.02494713535236977,0.5152964904683806,-0.0008616288331034482,0.16751164589612993
2020-04-01,0.024782552416467762,1.949820319014169,0.014166792616803555,2.353218993476492,-0.046141613481995025,1.0003480876460122,-0.0463979957117305,1.122832795553692,-0.023453390847942762,0.5437928211331651,-0.027435985841488344,1.2921208020508008,0.039388433693155436,0.8874317155792516,-0.04182211517369845,0.8461648984116882,-0.004284773757489529,0.5115279279081628,-0.0009952507492080507,0.16785174775849426
2020-04-03,0.04279237250261443,1.9587439209227613,0.07031561826327144,2.3754631065484264,0.03112969659701704,1.0087910218220744,0.03224297890078348,1.1312899230150655,0.030265354576928742,0.5556589834138833,0.013373949088981131,1.2935031014089755,-0.0011117950446863304,0.8856775654732608,0.002998258515301034,0.837641808910867,0.058372325362592174,0.5323295891402241,0.02380990036600092,0.1826181269308953
2020-04-07,0.0483709845874233,1.9687745569227841,0.13474266532581858,2.4335841010556623,0.05101331428631819,1.0106053712873164,0.03435958222670917,1.1321251736222295,0.02748768246156136,0.5655146562953054,0.08390109062116134,1.3265238731413918,0.011538267819968515,0.8865838744262878,0.06865236135267232,0.8833953279321666,0.0035070834545970755,0.5321503497882407,-0.015350590810149852,0.1921852420137055
2020-04-08,0.030843379781741256,1.9643242465966833,0.053764202125577865,2.4401575759319623,0.04259812485681633,1.0217323187829714,0.02474890351794403,1.137046590635696,-0.0025411954588788403,0.5530563372567726,0.026259377809394534,1.3300430110121682,-0.005212456415583262,0.8843030906421026,0.004154599677578388,0.8816227386776546,0.009469077717680815,0.5266219617036948,0.00910875366553177,0.19198615704137947
2020-04-09,-0.013560389494496786,1.9639947714895394,-0.019869857182111032,2.42702259861695,0.00519707879316438,1.020195458724765,0.007236518163962787,1.1351644910982226,0.00441540015793039,0.5475482177481618,-0.04023781833057293,1.3301598288013292,0.011454903308031202,0.881230851197224,0.0314840698832063,0.8907936703720298,0.032447047862314435,0.5372552295592209,-0.009186391510535052,0.19517133169070902
2020-04-15,-0.09509954303512266,1.9330986547248756,-0.1085924932544555,2.3735389188129106,-0.0026869188092641387,0.9827469984638277,-0.023974889715877596,1.0940626051882378,-0.006794292424456491,0.5290885152862126,0.0218004260343476,1.249553382569548,-0.017152658259204638,0.8445582335638088,-0.021060062016735496,0.8800396658507107,-0.005565903168179975,0.5380859780347205,-0.00036868626452523664,0.19524731920002533
2020-04-16,0.08576546356237802,1.959723528368461,0.13283410320305047,2.4239474295546195,0.022536188675484216,0.9853354416222542,0.02949376433775911,1.098390426410903,0.010928773710363344,0.5292582121418634,0.018150368337221723,1.2507096240303106,0.02715533843518492,0.8484674214703809,0.024270667619485212,0.885872876249941,0.012791615005953718,0.5341546191818202,0.01673635083594273,0.20249189794539343
2020-04-17,0.0017178486890095334,1.056341390175623,0.0016013051003133279,1.4260182148226448,0.031060301805813834,0.9257890351962789,0.03156676892442473,1.0059858763926426,0.020022578105314135,0.5227358288824447,0.018479469143810667,1.1731963022032672,0.009832414437013005,0.8134055865426484,0.0346278591316092,0.8533646213205786,-0.013682451162286743,0.5279165666603712,0.004619369784493277,0.20174845688000087
2020-04-20,-0.04376001388841354,1.0099407544080408,-0.009276335092358019,1.3115206549632148,-0.031148880928027464,0.8784036916887108,-0.010524990121598613,0.9358946737225865,-0.015165951475627484,0.5258101897857752,-0.012977214208082049,1.0864169422213186,-0.035021880397750935,0.7715451956777556,-0.01363498956098445,0.8388739679735665,-0.005792079928085095,0.5039673809248963,-0.01310603531267973,0.20704030470420223
2020-04-22,0.038945375121432105,0.8885023347948083,0.06340817824195119,1.054543474899407,-0.003150609146449439,0.6925795607617932,0.008338826128645739,0.7929612542548543,-0.01288429867057244,0.47732487045242755,0.04241030539685442,0.9273566127021136,-0.012284686990349963,0.6749395251494158,-0.002748490702188895,0.7641915218585138,0.021133887652592685,0.4788008466359276,0.005333205507744629,0.19489985486066053
2020-04-23,0.035548142557326225,0.8792995518320881,0.00578992646876454,1.0539054644511827,-0.007964772279130363,0.6522157566966257,-0.010391712620430591,0.7761720739907747,-0.0038773855357172988,0.4709489446483737,0.006275943891525896,0.8786177800186575,-0.009004777685665719,0.6041586247389001,0.0062606709623923415,0.7633603807744047,-0.004767723184222703,0.4649223827549925,-0.007425204618934927,0.1896299433667241
2020-04-24,0.016472531771148997,0.872359909603904,0.022783527034477512,1.0477684976619046,0.014116537841562644,0.5941043468272078,0.0036932210145381064,0.7123053606393926,-0.005765101791629297,0.41792574629342005,-0.04187719866779718,0.7648043186139097,-0.00710525768561173,0.5604821069178411,-0.016978821950063085,0.7174075093564554,-0.005375579886234698,0.42471022858389534,0.00029444727472328246,0.18041399253459708
2020-04-27,0.029914906646210604,0.6493447408539686,0.039366072041783794,0.8718228539321042,0.012629042916240663,0.5934823245351409,0.016331760368510122,0.6851205224949156,0.016666969570988382,0.4146062219175399,0.04301213348281959,0.758864347878737,0.0096931405679108,0.5606178137445592,0.011896833918249148,0.7150963347296204,-0.008731053180299278,0.4285494135899187,-0.0019778252654953452,0.17580012025870662
2020-04-28,0.00035100965861741153,0.6499566739303876,0.00490133956325204,0.8583220342842532,-0.0063738231617679305,0.5669778386968719,0.004391440642670457,0.6772337992517838,0.010988480575052617,0.38123172212867507,0.0516615814121043,0.7630559355308436,-0.010707603908302624,0.5573462714005453,0.009448756035957764,0.6892025413201057,-0.0019358065957411068,0.4298470009517093,-0.0011176529712842989,0.17582616703812165
2020-04-29,0.12349279316909681,0.751928541970211,0.0930395670724675,0.8951226438573495,0.029888090769880648,0.5560489270101814,0.028484103328514497,0.6431307206581515,0.006377474800237248,0.33846227970908405,-0.0015838559179198928,0.7202652895690421,0.010377633852655591,0.5232708203736555,0.02186747527507732,0.478064437448113,-0.0005080706533231359,0.38436130706106125,0.0036513867248076873,0.17505869289352918
2020-05-04,0.001232270819821021,0.7355093459319084,-0.0527467687663354,0.9301734868489397,-0.04484468010006038,0.4921551423678195,-0.03279687206353217,0.5162073485773175,-0.05381954307475594,0.3520335226019384,-0.06810954774905677,0.669770775068921,-0.005562508264405105,0.5134963914750559,-0.03894675471216954,0.4991312207230439,-0.009317542311161203,0.3055521866490769,-0.011370148345079293,0.1748189775172233
2020-05-05,0.013388329104743794,0.7344244042701175,-0.003451222208451068,0.9283396153212681,0.012294697312878437,0.48974996264171394,0.004165507377991134,0.48896837931673687,0.014154854512941671,0.31519774721050137,0.0223551554967262,0.6291526296809279,0.01187112020339538,0.487629229374094,-0.0062085168574713655,0.43880150252063826,0.0018290449915478822,0.30420899069688473,0.003294762115098503,0.17137112318834472
2020-05-06,0.03329410090798585,0.7309181623672104,-0.009024945519559431,0.9304584932208442,-0.002793905730881839,0.47263923166943883,0.00254767102809602,0.48352422662279837,0.015403047533786369,0.30499038221378294,0.00582093757942661,0.6291426310820775,-0.0014968655865365526,0.48403543134782695,0.011278526952717862,0.43595913096647315,-0.007712537677724017,0.3042384203670669,0.004209974668160955,0.15963043069158103
2020-05-07,0.07082983787747885,0.7111198496906969,0.03931155461146703,0.9008814327771232,0.011193426777706903,0.43158846619214747,0.00851556404025995,0.3729319941535892,-0.006900349737662208,0.3040067423604513,0.01201115483253856,0.5584903592633629,0.0030133172753260707,0.33356092510830637,-0.008025836733594909,0.434059099831058,0.021834110001426127,0.2886534896139152,-0.0002455289771837454,0.14997030438012
2020-05-08,-0.01193523623612551,0.7180386479144922,0.0023654304752013734,0.9008051442613625,0.015794106001391986,0.4129882166206596,-0.005766810790366175,0.36052907671058104,0.009260626710499093,0.30435185930103975,0.04580673996610828,0.5610964476723977,-0.01339152355828171,0.26409517380710207,0.004748814853953158,0.41061937858762665,-0.00787206911384346,0.29073484298982727,-0.000936689063834247,0.14647661692814806
2020-05-11,-0.1420772988848204,0.9121187565907405,-0.14329634445224668,1.0685711678787866,-0.007188625461472184,0.40758729708412744,-0.0014912714907487784,0.34712255445257356,0.007944779288160196,0.29996814233767666,-0.08459986405498124,0.6488987055269756,0.00041322090356358106,0.2546672904958753,-0.008652072409609723,0.39730299753803827,-0.015896853254912052,0.28135159006551214,-0.007321694828263014,0.1488602577743238
2020-05-12,0.03362960831443606,0.9139651854682728,0.028461329219856148,1.0694401937590843,-0.010373153940136048,0.3666493023235548,0.002253305082830577,0.29308047373289325,-0.00432377114663094,0.2865057899403047,0.05538068099904451,0.6578358862462604,0.007679853678816931,0.21466709890961969,0.0057132813609520145,0.36147986806090054,0.015693623675844773,0.2830448221416309,0.010340211831911642,0.15295247591629643
2020-05-13,0.043231576198793406,0.9141389951016672,0.04258650578970925,1.0560879712536637,-0.025907027156481383,0.3740023080756148,-0.02954236497422937,0.304759692539075,-0.010991482451043711,0.2722256936026566,0.001995869742459421,0.6583570746856704,-0.00025942604576591194,0.21466757252255392,0.011839712403272081,0.36192325399303305,-0.0027316978388291376,0.20403238833003567,-0.008290030532201346,0.13038217282916154
2020-05-14,0.04545508581392745,0.9128250700372577,0.015320344692985445,0.9626179608330422,0.008099695281471551,0.3350560556939448,-0.002336044793635086,0.28513019270316226,-0.017924419147264087,0.2617619918045069,0.012718286571058769,0.6011044013670527,-0.020643226349472982,0.22046652215979112,-0.029356142459707493,0.30329158461118666,0.010661836357157742,0.20646651308520286,-0.0033592225225999544,0.11983865757308507
2020-05-15,-0.041775278484670685,0.9306066235417757,-0.03598830228033662,0.9608122374045724,0.004697938055682981,0.3027853118430516,0.005661619046559511,0.27390755633527913,-0.0005680737466491888,0.2617221478693415,-0.030962004388954745,0.6099224312955417,0.012438696318352305,0.22584839138168175,0.0001336917283020071,0.3031717820323229,0.009543488407260176,0.206501892153544,0.0007792628519600826,0.11493815266033305
2020-05-19,0.04359685942421096,0.9328791844655873,0.08874379604204499,0.9980297444920723,0.0219990668870331,0.3110651964484497,0.011507755765092734,0.2753895426615122,0.026071821891876897,0.27772292184613395,0.02608597348239032,0.5927638912868335,0.021317020953094536,0.23528945322115796,-0.027091882010905705,0.29762057422338867,-0.003737198451449593,0.1741641172930848,0.0015236058285591969,0.11093425176939808
2020-05-20,-0.016131288512702083,0.8538757246262111,-0.010563957304344104,0.9041349768108722,0.021789755965755227,0.317904892559798,0.012706587205424103,0.2608788045598104,0.005669929245198616,0.2772690110990007,0.018706408215093607,0.5918768896565326,0.005543901413037861,0.22857230882745558,0.026167404191665824,0.3033382994959593,0.00893836790624855,0.17557239203579844,0.005275765352339368,0.11255382591343226
2020-05-21,-0.05033873192444221,0.8463014840465979,-0.05273181863105083,0.8245683648691411,-0.010702919114343333,0.31319534746735467,-0.012848218766038479,0.2490062876087931,-0.007877449221710528,0.27603835780050073,0.006581515056601924,0.5904125506180985,-0.014913353394562746,0.2118705679879514,0.0014702447950912646,0.2911386011202563,-0.020242576919080685,0.18396109870466126,-0.00289895080438955,0.09505261398742647
2020-05-22,0.008992231544486376,0.8457016644343844,0.033753099724166284,0.8298050754247766,0.000303472555876369,0.2942640491610904,0.002930684666383343,0.22416353230921765,-0.058694716305327244,0.3318491292916579,-0.03695434089317142,0.6068288576427096,-0.007853465848445408,0.20844548583588668,-0.009432257731751527,0.2632149146953619,0.006114405807133558,0.1793384021041849,-0.0020474731309359706,0.09296486663046993
2020-05-26,-0.03218807185304663,0.8371562898319664,-0.01935906325951998,0.8331401706784058,0.018607038969089676,0.2776731802592809,0.023770834829460488,0.23457948694349245,0.02603111363404749,0.34497763474837734,0.025893271573226333,0.608457184088022,0.05956695766885323,0.2714391851071813,0.005263682977326239,0.26117808186037667,-0.010936240802012293,0.18231187015948888,0.0063927539476293415,0.08578562097587966
2020-05-27,0.03459340698724484,0.8355002631497565,0.030079064969436443,0.8125898915004889,0.01090088325486457,0.2783475896628181,-0.009312874748896093,0.23644696552334382,-0.0075318697409321655,0.34337283100888666,0.006322250568839959,0.593428227078759,-0.019735549865982912,0.27748505870355683,0.027355957694547413,0.2795296423900651,-0.0005965724063169632,0.1650041427237833,-0.0038175642354498114,0.08407999044431189
2020-05-28,0.04094097798638335,0.8376695393319605,0.05530158721694657,0.8305737941237293,0.0019701238524902735,0.27546132594668177,0.0014593540350453555,0.23274337998703448,-0.0031649251322232526,0.34332975931002535,-0.02075286361783279,0.5992759022208114,0.021075025724748828,0.2826695826719554,0.022708714669953098,0.28983251370601043,0.0058328047607006375,0.16621888406008986,0.004080263177409743,0.08193190966491541
2020-05-29,-0.011371074213451956,0.8412017361592445,0.001554166738730853,0.8290801173974051,0.002565298203042217,0.2728108701533463,-0.005430941007996506,0.2338699006537292,-0.009755359115850112,0.34417929583580625,0.027495276232347043,0.5827102151665444,-0.020589727573842018,0.2923880148490984,0.007224282183587289,0.2832581646884792,0.011445069928427285,0.17044367621146128,-0.0022354953492657583,0.08221997648595562
2020-06-01,0.06841099989238202,0.8627827331410981,0.10676396519592403,0.8926391771467453,-0.0021551971981601695,0.2710880011651499,-0.0027565223910952573,0.22757141315609258,0.027164074922438036,0.35317411775232255,-0.004885540986319712,0.5674487115373514,0.0011179093877762695,0.2911542054775178,0.01943893898319612,0.28778861443081744,-0.005381369289832453,0.1686474263137084,-0.005899413676524538,0.08433007321348966
2020-06-02,-0.061882507564252225,0.8996719429580413,-0.03750401184670492,0.9077924798587964,0.011044274520983305,0.270724078223385,-0.00109428133539974,0.22711897771420816,0.01370280153308137,0.3545106512659635,0.03579883122351813,0.552917312848051,-0.013179030312985226,0.2926215538014393,0.018312594985056593,0.2921922460748969,-0.004410048793377534,0.16926616182780266,0.002866967238584473,0.08507430859767164
2020-06-03,0.004420376771740314,0.7978882352191942,0.02010956277564825,0.8555861281529111,0.004747352593407922,0.252918021722884,-0.00249179002085788,0.20220267584157092,0.004720047874698366,0.35409770523845885,-0.019205136638017508,0.5579539623039292,-0.009437706551766647,0.2933119799217567,-0.0005809760328773806,0.2838247102243117,-0.024818951626453836,0.19007607095430862,-0.008809318219155914,0.08868185446075107
2020-06-04,0.021156911105289965,0.8001446044795978,0.007374699778397246,0.8296362851257212,0.0029889826360285864,0.1869622471543383,0.0021285594457662316,0.1671229681724788,0.007969813143113957,0.29954744927203314,-0.01162493494923345,0.5001087713889376,0.01263174818480769,0.29509879082057927,0.0031329909725717657,0.2425300111994115,0.01871461319354249,0.1992699971534683,0.006363371719637273,0.08336702648529899
2020-06-05,-0.014597461777589875,0.8020927099640573,-0.013912984691784865,0.8321813690699528,0.025157626316710004,0.19884251185559665,0.020651165938246584,0.18119434279788496,0.01574527395608887,0.3004469849997239,0.018782871401850317,0.4986505515925187,-0.0011305127463689059,0.2928669357901034,0.010492831064732594,0.24092127493306387,-0.025871654507787643,0.21874222173012842,-0.0007163865049259376,0.08250187903916169
2020-06-09,0.015152076122497667,0.7959417993112791,0.016953943245417626,0.8306988507049055,0.0059147348881451196,0.19687974278233564,-0.00945712628159744,0.18464414917042535,0.013467683290880121,0.2993932491106075,-0.03567595404199509,0.5174278162020761,0.013738513048788373,0.29593323119639214,-0.007685939373690076,0.24303442803337605,0.024483634076119743,0.23421720532893797,0.0017748219020610172,0.08127424876702218
2020-06-10,0.00604149976573648,0.7563020625393215,0.00876697088739908,0.8230573477812264,-0.006851672976750957,0.19998090974942936,-0.005890104135249057,0.18343654663108905,-0.001887918923301012,0.29813698945079975,-0.007254815434531943,0.517189700024819,0.010714603954382122,0.297535441163167,0.005369493580503039,0.23944402026880748,-0.0023411631117963056,0.22109197840517922,-0.0015244172415687233,0.08137581358057625
2020-06-12,-0.028646844897249335,0.7616009810934458,-0.029459794661615007,0.8325920865126724,-0.03618711593718602,0.23990409673017438,-0.0011845125543279145,0.18238538846564267,-0.018843838013110122,0.30493712465263395,0.006932660482595529,0.4920663182503234,-0.02225705929853236,0.3048641933767793,-0.0026724513881385167,0.24057684433082027,0.020884657183155166,0.23143705292180924,0.011589290453890852,0.09130341130877802
2020-06-15,-0.008871276067890791,0.5668995425718281,-0.03805586252551606,0.657130979033998,0.0025908600538299452,0.23757938294719935,0.0009893834924056587,0.18233850764804455,-0.027529363484879315,0.3182453957060869,0.004314610912413492,0.38525879760760745,-0.02695841565241935,0.32068351032651027,-0.021779065702350154,0.2530888696099928,-0.010905008745508562,0.22753122060511027,-0.005687000764345145,0.08977076867937708
2020-06-16,0.009476333492581096,0.5574941491221606,0.019606855313377625,0.6547745209561154,0.01906384699126493,0.23945534669610988,0.0027942117117581624,0.18242928478503287,0.02385279823949282,0.329700499470457,0.033371409526142426,0.35443762267509954,0.019113764033394744,0.3263401577190559,0.010447505195933236,0.2542232201688727,0.005670425307572307,0.22193852578405124,0.00027899412455440636,0.08197971912508822
2020-06-17,0.0027958586569456663,0.5385533393926449,0.0029327997166146928,0.644208333965531,0.005264239681612932,0.21361644497434673,0.0032121050504722703,0.14724611262849457,0.014468920765718221,0.3308178871041015,0.04758543606416586,0.38691623556622645,0.026245460089482222,0.3378003101089389,0.005552077595534113,0.2525109206245914,0.008639727700806218,0.22334915621598525,0.008871035914242415,0.08221553275173962
2020-06-18,-0.008613300842896663,0.5152403027106249,-0.005357117031857623,0.6452615369486481,-0.0007766134640827955,0.21437495586175156,0.005056486091261749,0.1469403017083813,-0.002030807903129744,0.32375026073410207,0.001661906463308932,0.3860022155012317,-0.007794282045976372,0.3296731278672914,0.019708789802203606,0.2292536079056068,-0.003918372399834342,0.22112872509095136,-0.001370656867884836,0.08128937927759221
2020-06-19,-0.015199569261296658,0.4965594889553274,-0.02357054821421782,0.6361845053430375,-0.00762176662282471,0.21872614697276838,-0.001095958059726238,0.1466940789200321,0.005344642816110108,0.3238183861969362,0.03084130619253157,0.3738619585691066,0.0017645239968427171,0.32782597105991806,0.013066611945798504,0.22988232005403314,0.010202812893112709,0.22148605058310566,-0.001956253057151056,0.08180824784259098
2020-06-22,0.03615681324993935,0.4890099373089451,0.06363653941621529,0.6008413268158154,0.004531115342010781,0.20908904966441252,0.0026208673693340866,0.14237219769671877,-0.007334849589496984,0.3133396481751144,-0.02740031996891306,0.3857818394229065,0.0033903812487526734,0.3205462697316825,0.004556471142855154,0.1961005296208202,0.004223847294937098,0.2213428458562547,-0.001942977954647502,0.08218174992305105
2020-06-23,-0.008058479394926849,0.48644446326441976,0.0005309046859348018,0.5980961065388748,-0.0017830091542811205,0.19877510275231644,-0.01149503684676663,0.142569501138774,0.009944201221625738,0.31455128989903813,-0.010402802497379739,0.38572711769973594,-0.020221829298330347,0.328750506247408,0.009297650909345664,0.18424750680626195,0.0026470706346562916,0.21947498250565933,-0.006081178345764995,0.08311880556906519
2020-06-24,-0.03577517918173269,0.46963039703213133,-0.03728770576785775,0.5807980906326088,-0.0285995215036152,0.2219156444948255,-0.016941696010887415,0.14786840198022363,-0.007453229699124956,0.31440645647061144,-0.0385936755981963,0.4118912905800041,-0.001762218620427989,0.32423210647106204,-0.01835548016571665,0.20319873542042163,-0.005965652992733602,0.2077756278481744,-0.002404255907952816,0.08292874901593209
2020-06-26,-0.01721191873587002,0.4728380046954004,-0.027132000648878475,0.5847405549894418,-0.01452516980025894,0.2287694266584453,-0.0009858298298216401,0.14748783502241114,-0.010108349490973376,0.2329257181434046,0.03300987034166579,0.4012933718458711,-0.0037427145507442357,0.3231481581501518,0.006611753020109602,0.19551823160507492,0.0028873130330285064,0.20709967094562512,-0.0008997932536459642,0.0826855513340683
2020-06-29,0.0041026364644719746,0.4583509185145173,-0.005376619830650723,0.5794267235668601,0.015637295379708278,0.22607258385482093,0.017356040486120976,0.13550591432354575,-0.00931760065768838,0.22111737387845976,0.04351371360170888,0.4174029945461571,-0.010325383307300718,0.2449913665964685,-0.005764353531901521,0.20010787082599624,0.002355195876548526,0.20253500843057148,0.0010584072661744008,0.0794468283951792
2020-06-30,-0.004708108221312914,0.4426250361406381,-0.007212102536100284,0.5738861992840663,0.01635235884840946,0.22993953887859592,0.00759396632539277,0.1344059750535652,0.006253627880686789,0.21917353407651433,-0.020539260508879404,0.4269349612694917,0.013759765583670022,0.24233960584669573,6.0636921706083805e-05,0.18522528824793855,0.011262436001130067,0.2050587355888991,0.0010600094126539518,0.07852306641772637
2020-07-02,-0.004840098472999655,0.4165210877408438,0.010262384620948885,0.5432979019346825,0.006297576205621186,0.23067594108771158,-0.0011724415280794343,0.1344143146590208,0.02493007378281085,0.23182775341158812,-0.006945094873142209,0.41940333729681273,0.013358894990785363,0.2349824839118871,0.020696324612281516,0.18287922755995228,-0.008275118712244614,0.20769311199812854,-0.003242958247066404,0.07773360963093089
2020-07-06,0.016921302746014735,0.42042320187025345,0.041146379283994554,0.5603001503374517,0.0054246928398917925,0.23111292047913526,-0.01039678200308803,0.13804740892642584,0.03684572449776372,0.2534732340560799,0.016454650198016632,0.413578624588261,-0.01841036715956606,0.23280758310812533,0.009555511949838823,0.18347400784816742,-0.00781299243315381,0.20678784119093677,-0.010332237992271518,0.08484564534360976
2020-07-07,-0.01418805572724682,0.33745167207089233,-0.011092854449731508,0.41699610660538966,-0.01183805856839597,0.23531308772030107,-0.006460248988345705,0.13952634338397774,-0.014783918776423984,0.2503699235248512,-0.004873601660018295,0.41357529518923025,-0.005350633875379862,0.2331711492744218,0.0023784288352842763,0.17559728311901082,0.007779392761125472,0.20702932250143033,-0.0009605806987523871,0.08281323128970078
2020-07-08,0.02576063471852344,0.28383505774528506,0.03818298373425314,0.4185099735044141,0.014708035927331572,0.23765312362268878,0.01386646868103646,0.1478288618683542,0.012778005491351753,0.24992505173963073,0.031632247891885144,0.40980824426458323,-0.0036265250959739716,0.22931994904080505,-0.0018217323970882286,0.1685184822387679,0.01315470835934155,0.20994120319601758,0.006911049663901295,0.08605238199959006
2020-07-09,-0.0185436631158838,0.2895106828789093,-0.017391232738764133,0.417635598412707,-0.008126481875887588,0.23925786655114917,-0.012752730586915477,0.15449345558830788,0.0005785165366224581,0.2501171221919561,-0.015166685194859543,0.40714771470561,-0.0032537803779762223,0.22736922275769006,0.007542877025603847,0.16871421501352776,-0.01148570774777556,0.19282519443295373,-0.002466890399692903,0.08087515328291071
2020-07-10,0.0054151673308499865,0.2785852893122984,-0.0030678417447796095,0.41678112465408507,0.015736460974888376,0.24502628938013993,0.01924312693003585,0.16832484526959088,-0.013265510024950244,0.2560514617173363,0.013181265453768682,0.4040032591993555,0.00353475759488803,0.22289827467779635,0.0011173016096076194,0.16889157602634947,0.004768694090919645,0.18406819408287434,0.005324651200445283,0.07990669124676998
2020-07-13,-0.006212014200703197,0.2755845108500115,-0.008156561044652542,0.41497303292188625,-0.011818573017287635,0.23217815047562923,-0.005833268761241993,0.15317261912388658,-0.0005053496238736918,0.25157643051108874,-0.017891643214294855,0.4087001003559501,0.008633979972429673,0.22533249148588014,0.0008007950228656712,0.16698522025260126,0.004681113685402528,0.1536536882043912,-0.0024119278012287725,0.08027862932212164
2020-07-14,0.0038276025976395458,0.26924930895442317,0.006400652436835209,0.41096133349374897,0.01718821949444625,0.23945099313807125,0.02184257463995697,0.16783687757239496,-0.007693851271657232,0.24976296008983132,0.03528418033350631,0.39628683838340645,-0.0007717447004854113,0.2193471616812405,-0.01437808182334735,0.17374956918562529,0.00365000858550585,0.1333690295915792,0.003870918911542002,0.08125411109919531
2020-07-15,-0.0038097062895537962,0.26729435506517873,-0.005815774454720009,0.40968248386108475,0.010696412454918345,0.24106932213366417,0.010530461471717661,0.169015397628957,0.001813012837393808,0.249612850287255,0.008571574667517064,0.39285009741481725,0.013278319608712907,0.22126450485761157,0.002677763605283085,0.17343463173886225,0.002097127380041552,0.1322283326684004,0.001655355518563263,0.0813034453527353
2020-07-16,-0.012588367121780925,0.2535770755943056,-0.026236773597961303,0.4070773483700101,-0.009385342872621136,0.2046964507481972,-0.015216822352366943,0.17879425261796686,-0.026058802152779635,0.2579006085706696,-0.018182535752140877,0.4030778743011164,-0.015820052015518307,0.21449963012282935,0.005427495786317105,0.17274894382949127,-0.013009313489778485,0.12542520302384108,-0.005973427658505978,0.07211541506114746
2020-07-17,0.002756415590356053,0.25314044316701795,-0.0030611543279329034,0.3850134592721274,0.003504561170935423,0.2047621327414655,0.011398743529116602,0.18232645619302032,0.005586989191627575,0.23721841863403073,0.01683918351234005,0.4045002056557353,0.008887759611624167,0.19421824311891386,0.015608305113969004,0.15336678635045792,0.005983048388928333,0.11854975817213868,0.0006599985833518094,0.07001166886679483
2020-07-20,-0.002292261623074373,0.24966176430103643,0.010722288941832688,0.3805436721209352,0.004677577470666867,0.195420451231313,0.00046730675386034753,0.18230926334621222,-0.00505380098193948,0.22459977480037052,0.021333951059874918,0.3967759221323019,-0.012873339483450584,0.18813153588876258,0.0072984604663670774,0.15221525014052337,0.0004998018327257974,0.11781903074942193,-0.00369421978447319,0.07080802472049397
2020-07-21,0.02396346382006242,0.26566628301017975,0.03808274905376404,0.4031505865944874,0.0029145207356131696,0.19497620729037496,-0.0037257803039400226,0.18305580060194387,0.023899515721829138,0.234055123053008,-0.010627958205376882,0.37156934378911677,0.023703750902320048,0.1837283205730096,0.013863002392831062,0.1557152181845674,0.0157247481483979,0.1254355596665532,0.0012368914010531884,0.06225178735409829
2020-07-22,0.012985414719783529,0.2689746582730681,0.06480736472609237,0.45799559898627246,0.0027925778830723835,0.19493434195426043,-0.008153950257875476,0.18520032628368266,-0.025861981417687325,0.2520185703406708,-0.033215493259296305,0.3932171131169005,-0.03170474285355154,0.2119472215035963,-0.00559789645336895,0.14966212663776787,0.008771214309124455,0.12562721360499482,-0.0029380527114013497,0.06259073690749069
2020-07-23,0.0064999879145526485,0.26454998760695336,0.047236403273509364,0.4685160355513314,-0.01172784368607135,0.19779341682532997,-0.011078383137295506,0.18946948388253076,0.00907796572521272,0.2533397496204748,-0.028716357335341378,0.3927380855982547,0.003125835786312097,0.21228692259059262,0.008083138347500794,0.14663625659149282,0.01399069718710517,0.1291595515984196,0.0006685347261754845,0.06280911036136916
2020-07-24,-0.004791600846555691,0.23086158522088493,0.016174063054060394,0.42433746254331683,-0.0063794344698971,0.19900138493997202,-0.0025184057470003223,0.18942164808504453,-0.022646476627915045,0.26439178781745976,0.018611561068602532,0.38546181346900427,-0.006087374696901611,0.21194885306343222,-0.002070748549639528,0.1477235394677758,0.00416154192089255,0.1291508248237402,-0.0001697944456208617,0.06277237602729266
2020-07-27,0.14126242595502758,0.5441059264741172,0.14042271289297822,0.6295538673656011,0.006732856236848846,0.19992277456318594,0.010546455496514364,0.18826275605793968,-0.004868032094760407,0.26196895843642765,0.023165192660615026,0.3898233037572653,0.0029823991782123803,0.20206564466225485,-0.006220568161918988,0.1491638424198439,0.01697108223820827,0.13821333877223388,-0.0006350725846336506,0.0598892084506562
2020-07-28,-0.003918907646756885,0.524383762902073,-0.012013660176630435,0.6101806185206708,-0.003286679693281899,0.16970368518299192,-0.00509350168199537,0.1783779818504005,0.010114804560636601,0.2637740437025993,-0.017230336154818598,0.3673528706320172,-0.009251829851751313,0.20404500328203704,0.01825327580881475,0.13896517610096992,0.01027745069937906,0.13572028288361507,0.0032077557253645007,0.060965454834183225
2020-07-29,0.018247938983131106,0.5179646640890865,0.006030728495738974,0.5928126416165886,0.013551015157621915,0.16262304606425768,0.014944391702182057,0.1841333945605217,0.005515996899468757,0.26207162734292333,0.0175800620384157,0.35581323723375213,-0.001319471396230448,0.20387098180158805,-0.007483972663007161,0.144117748938665,0.0057141688984756215,0.1357261525348647,0.0011992318058794207,0.06117510153464692
2020-07-30,-0.002484832285636904,0.5192265537945576,0.04679194025155595,0.5974794397818943,-0.007209741523599584,0.1603941067284182,-0.005984392939135096,0.17749701033015702,-0.010421315067448235,0.2626119422324919,-0.005914761949164084,0.32563380794306096,0.0023640533134283745,0.2015268137447451,-0.012481796667596785,0.15116770770677543,-0.009202212277851262,0.14354161359595427,-0.0034524397601450813,0.06191869484695627
2020-07-31,0.021042260618108665,0.5186123397602296,0.03437480700305898,0.5929604628059589,0.009761073486557862,0.15470397148298065,-0.0006016128826753334,0.17595354820117842,-0.0025830939327682566,0.26186945391108807,-0.02093876084851278,0.3259712614262147,-0.022916258602489685,0.20828877971630455,-0.0004686122747843321,0.15130907299600468,0.01261902435948113,0.14450449670313056,0.0021198372443816276,0.06236221961618743
2020-08-04,-0.005913773717704092,0.5190064450262555,0.1252003431888209,0.6948249635677429,0.01528452900878025,0.1607852903686936,0.015341164879221655,0.182947145947534,0.018808374842981344,0.2552651940886517,0.01938148016012561,0.3305173061399411,0.0348497696370567,0.23977039762957988,0.006490463200122668,0.13775806367352272,0.023898669440395884,0.15318137953911515,0.004523743318287843,0.06376533466466568
2020-08-05,0.046097455387806574,0.5337449442012007,0.028543092547183926,0.6925433091548774,0.005346577919788711,0.16076781776214216,-0.00029219676157262185,0.17798682820493325,0.0051031005212943525,0.2178204680625535,0.009112593022083889,0.32753362865580804,-0.015369831596807972,0.23727558720004563,-0.0004858902127726177,0.13547906393354223,0.013767947446965323,0.1478917604481779,-0.0010625825157291695,0.05198078311438786
2020-08-06,-0.0021155185270792906,0.5281468171790752,-0.02154334782857064,0.7002290685350524,0.001507463162199606,0.15215639899471986,-0.0025483669077968375,0.17617072229883834,-0.011657342263953365,0.21575463986773555,0.008029544142185069,0.32717298272765033,-0.0011674696726818904,0.2368145025815463,0.003933761980775426,0.13566469860449024,0.005094063846454149,0.14787323054642748,-0.004899662858465193,0.054950304222235964
2020-08-07,-0.015016880315726702,0.5333095409073517,-0.0396659446185347,0.7316962723325705,0.0008678510034175255,0.14637052049627317,0.0021785325838829337,0.1709201984088799,-0.01598759461347543,0.21430816455858098,-0.005208157142887702,0.31046155119163443,-0.010395410966192719,0.23888137013477026,0.0014752547752853531,0.135001459424175,-0.02015175123512515,0.17151718011669875,0.000235021733460847,0.04920481567830006
2020-08-10,0.025232784184304947,0.5255671249753285,0.043909319100707084,0.7225892256374987,0.004405970455227172,0.14124845676577716,0.010470352554025007,0.16526097651172328,-0.004694454503281724,0.21393102756994684,0.02781521122747423,0.318118993975124,0.02933723224001217,0.26133230878622266,0.006657738489686338,0.13458316938614318,0.008756417668003757,0.16147991419623023,0.001667505181835198,0.04882734543074521
2020-08-11,-0.039159342096476375,0.5543068542050927,-0.038947057910191894,0.7492773646176197,-0.006999284635065881,0.1375346884568219,-0.008006862814774056,0.15759489171532481,0.021833626771033603,0.2276464757062714,-0.0034192476408041452,0.3165552343932373,0.005532134453688645,0.26175012630743777,0.005635994919595013,0.13510896313211443,-0.04540536770105923,0.23963349211472335,0.0010017707663113843,0.0451019007694271
2020-08-12,0.012502673199033849,0.5513226459848507,0.02492130986010676,0.7414553349715262,0.011232874736874697,0.13135190880331277,-0.0011942193551894294,0.15573337632307951,0.011425349936113502,0.23216045795598034,-0.021648486035613295,0.3197975914954272,-0.0019686202674509944,0.2600366832522256,-0.003912677069213458,0.13671816519613628,-0.0014772033295699857,0.24012900860738898,-0.0026666275567387137,0.04527102314861175
2020-08-13,0.015339795316749148,0.5509864549171133,0.09037641903768574,0.7738965226576627,-0.0037583313148241023,0.12284687487347352,-0.009478602986206508,0.1415509555784788,-0.002096085752007549,0.23098209508967918,-0.00797171794878903,0.2972717474423542,-0.011166022406785448,0.26276996634911676,-0.0024123403565916575,0.12436655827668894,0.00949463903143992,0.24118349661791413,-0.0017090586386675672,0.043078053003207425
2020-08-14,0.002146803803205308,0.5493346348232316,0.02343145420021062,0.7647733342958755,0.003271267635103101,0.11894648434130013,0.000691170923913952,0.13642145188906404,0.0013691799518241073,0.23092169220675213,-0.0003073522565812798,0.29558514221437077,0.011449989114811515,0.2616129318932915,-0.007416020457724959,0.1290963943521251,-0.00667580639135098,0.2436213372201891,0.0034431650313823626,0.04458715969884986
2020-08-17,0.03873052055124869,0.5498409568598068,-0.019845366854999776,0.759305111875185,0.0010094534298121926,0.111908805465619,0.009313077955119053,0.12905925413543867,0.004937825394913527,0.21263428527229,-0.009219902191312386,0.29043357527124325,-0.01596559063098738,0.26171834382487574,0.004430179104736194,0.12881878057128024,0.02278180563668358,0.2458075305258411,-0.0016967240776113773,0.0400108286998785
2020-08-18,-0.020412594429180465,0.5614723204662403,-0.012444452194356323,0.7649494100897801,0.003597560745635338,0.11192228076620185,-0.0028176185661076486,0.1236219728632258,0.0020368366708810185,0.21193166298195432,0.041807292736490254,0.3201625949635276,0.005456954762781552,0.26037554005662605,0.01351394435312927,0.12622067967292694,0.008525053948302441,0.24615147450465644,0.0012968203258184863,0.04023166786706383
2020-08-19,-0.02235498718223007,0.5724431092291032,-0.044195513282832125,0.8036260043566191,-0.0071512235360455916,0.11613298178380403,-0.01094083082512806,0.12939649448824242,-0.010194485204979868,0.21433094232144928,-0.022491701188289435,0.3212008512331519,-0.001045715226282073,0.2567891362893675,-0.0007145467182790946,0.12499380692034329,-0.023303285002784325,0.2643726895051878,-0.002737100190863634,0.03928290703822741
2020-08-20,0.012455621575023064,0.5707486752286071,0.026541368140405176,0.8023956215518961,0.005447948601610326,0.11679569661836586,0.008610263716134912,0.1324531782493987,-0.013138553077024906,0.20057677225960907,0.02487687767949714,0.3312100779073457,0.004225221424091457,0.24214675390615742,-0.006173859974669289,0.11931686534015025,-0.010499664799311024,0.264750787062229,0.002294293833264289,0.039890565545019394
2020-08-21,-0.02392037886478541,0.5835152674914866,-0.06739632305957591,0.8495663620048314,0.0038766839113119804,0.11696926518360759,-0.007943092496718644,0.13228829928710026,0.013338286459001397,0.1863309041694431,0.0008737387856557163,0.3074648123541457,-0.003509184226801456,0.21594026001334468,0.005678662032652997,0.11830176637952967,0.0008550537578119155,0.2637275534273088,0.00044148392833948417,0.03846232003110719
2020-08-24,0.014544988025606928,0.5836598514315213,0.046674547478065015,0.84933283164094,0.008951709901853797,0.10828028020386973,0.006086397587403819,0.12716002419286448,0.01615947896777359,0.1920837410099095,0.01780460298840657,0.2900861568275132,0.00819266765299502,0.21758329780134317,0.007264507046876818,0.11773054450473329,-0.00461492251798767,0.26085228443791786,-0.001041905463049624,0.038625676492342595
2020-08-25,-0.042294927704362315,0.6094294542944843,-0.06796420108234029,0.9011889143548834,-0.0033990235502897948,0.10553327685439108,-0.004679946743253594,0.1281279528085038,-0.009484306880346877,0.17682870929455316,-0.010174876875682014,0.2895932986687618,-0.0028647748414021667,0.2166942817102325,-0.006483244703607515,0.12020305011441242,-0.015271248199587301,0.26653511746228065,-0.006988923295830006,0.04571928446025182
2020-08-26,0.011401702367778608,0.3714611176549774,0.0071043328554718016,0.7770239841637385,0.010849368948654776,0.10829428588413052,0.006893052418347968,0.1252498285309541,0.0008979886716420932,0.17545213361722461,-0.03256804421146626,0.30497937316508394,-0.010859317553463203,0.21986128294800494,0.007425062306265322,0.11929673701483565,0.015708842991748264,0.26556266089012576,0.0007053676038131335,0.04581641477743986
2020-08-27,-0.017320411957335337,0.376971805269129,-0.012825817516273093,0.7773000552214747,-0.0011852882515645715,0.1069450711224315,-0.008248347575048151,0.12754798126063316,-0.011102644706946326,0.17769058064038457,0.015072115410551437,0.30184931765931633,-0.00758247663156306,0.21907995107465356,-0.00202172254855176,0.1031246497041063,-0.012747482220715712,0.2663581543489183,-0.002856934283373665,0.044947644855867976
2020-08-28,0.01287343906784678,0.3743733776870517,0.027731040672449477,0.7800519321895,0.0004187233218140101,0.10056675235852434,-0.009077476903066047,0.12035951925602983,-0.0008104286300404338,0.1767802390317476,0.0018018069199308123,0.2965044987450032,-0.01831068624015897,0.22787963815048695,0.001322854893855267,0.09885797456778236,0.01583921066537482,0.2718524607648671,-0.006291279527756415,0.04874093080673225
2020-08-31,0.0031146966092215544,0.37421575155237297,0.08563403818263277,0.8142655358339501,-0.010995010335782106,0.10596358971024566,-0.023473345392856147,0.14330934401777048,-0.018449821984215117,0.18484909786853962,-0.06894747765799447,0.38341628074194695,-0.025072090171521056,0.24210054133637293,-0.031381489242580156,0.14312976691260654,-0.007271771460910718,0.2711616418351673,-0.00879763516027366,0.05540943036247272
2020-09-01,0.031875442704361115,0.38319645552355874,0.09947613643847394,0.8669263165313118,0.014876986280025789,0.11171139039553801,0.011788076577233691,0.15044477046063376,0.007640829987179958,0.1865760816602977,0.05370530184700718,0.42158719184430404,-0.011534078002092411,0.23294965591864827,0.014620619166531505,0.1516491444835142,0.007685036002543901,0.2686858633174481,0.007380154859320099,0.06187543361504113
2020-09-02,-0.053044261846779434,0.4273837611155097,-0.0862029843679484,0.8355664377711534,0.009804616659905157,0.10538937034279382,-0.0008854529296093388,0.1385015278242102,-0.007976546849038679,0.1758274967935171,-0.025156465769146305,0.42642068912563746,0.013170333219906634,0.19970928982492517,0.00018473124846425486,0.15025068339198006,-0.02276661465880333,0.2633993956368929,-0.0054444334839646455,0.06059832706826393
2020-09-03,-0.10831838114362945,0.5363601488326257,-0.13217313278756082,0.9542132494930289,-0.03605106745613278,0.169341384821608,-0.015967493680310002,0.14702205798687107,-0.004807407745491342,0.17484706397395483,-0.022955680271667295,0.43193967273662676,0.014263755315688331,0.2026274030544669,-0.0009482003610094816,0.15029861728710928,-0.0038149936948214877,0.2562954571498958,-0.0002934733139473885,0.06069803509015525
2020-09-04,0.028399525740009156,0.5506589199704897,0.009358132316047284,0.9527355520361589,-0.005447713919840671,0.17053176059844127,-0.0041544596862202075,0.14715535470496582,-0.009855132376817883,0.1736305526898143,-0.0013048951179907538,0.43046471780875895,-0.018048490989390254,0.21064235800588815,-0.014218809065327588,0.15804117051707994,0.0007972622465885087,0.25485025386471655,0.0027185668344345748,0.060716674387876854
2020-09-08,-0.03410082904597751,0.5583605734895819,-0.1370107810935677,1.0556786191681127,-0.025400961336274983,0.1920974560804533,-0.00793226786430491,0.14734165602489638,-0.00012281776470073654,0.16531013246932297,-0.007509096310671954,0.4307364814354699,0.013080135184602826,0.21482333957099248,0.0012909909853830006,0.1580155570315519,0.007466679445714459,0.2506909008346073,0.002747867750191633,0.06193131440969769
2020-09-09,0.012735479415612663,0.5508266325474539,0.04108723550309755,1.054028920260402,0.021800404368034723,0.20721054857401916,0.03023126554039913,0.18180956673640117,-0.004462738930150748,0.16524016730887783,0.025882950940683453,0.4290787451945879,-0.01000196971225487,0.1858506258626227,-0.0016273428232393787,0.1559694350451622,0.007890141900052602,0.2502111696283948,0.0018556437058542114,0.06202916444628602
2020-09-10,0.008509976120789374,0.5413547102842606,0.04404586843195664,1.0610312363184358,-0.020955564718130492,0.21828250276566255,-0.021954405086661577,0.19368535909163506,-0.009533478447862532,0.14617977622286624,-0.03753659440852555,0.4459746859939738,-0.007419125883281069,0.18378112302185495,0.011855981493755614,0.16060238496082338,0.0016588603287308907,0.19632289588082555,-0.0032143187927349344,0.06221179121964314
2020-09-11,0.003329884977005411,0.5384191666445397,0.01744538135462921,1.0589057600012024,0.00022417988667128205,0.21384949360442426,0.004796223813691158,0.19534763686011752,0.007414505453603658,0.14210523798370667,-0.002837835937946982,0.4413819640772106,-0.006782328580223438,0.18400052320478105,0.0010179841636669832,0.16017562199730837,-0.00873629364679625,0.19839452564755775,-0.0003087502714160827,0.061948231118533675
2020-09-14,0.02589496077768549,0.5448965273680473,0.006181623625257968,1.0041990068234419,0.01199879797181305,0.21860929025033254,0.007154187493027719,0.1961847414384769,0.004901429004292954,0.14428073689718712,0.01778061391620249,0.44685372429385045,0.0036111217965927355,0.1836922474732234,-0.002793157660998979,0.16024646804546785,0.007201970140860758,0.1970485714564579,-0.0006625370532098108,0.06187797002257356
2020-09-15,0.012667089826131224,0.5479697063943062,-0.03164679386195467,1.0013442117043376,0.00706036501380664,0.21986451902120777,0.005855794310710593,0.19773713934213868,0.005611051408613321,0.14625027643587699,-0.006967058339612126,0.44713662484379524,0.0004421055746452045,0.17650747696353003,0.00897511569495606,0.16106356950052497,0.0034916967673135155,0.19645248388036954,0.001854579083306968,0.06072941762186674
2020-09-16,0.01885752508598567,0.5320754093365818,0.005173599278546818,1.0018517253365473,-0.002119654232409066,0.2198595961284107,-0.004555687339633845,0.1941600387871833,0.0021714458830827885,0.14496178974498405,-0.0025725888961973032,0.4464306821416406,0.011371522969056962,0.1778633919899667,0.0096663623037253,0.1636599093894048,0.004501517558363149,0.17863007310591866,0.002509992659742589,0.061779142908995575
2020-09-17,-0.005747936798336208,0.5294742464875071,0.058124598702089476,1.0277111673673978,-0.011831794496306417,0.22257749950056852,-0.007252186356338359,0.19501192689860988,-0.018953438047526954,0.15563410079159867,-0.006447192779600859,0.41714004539470106,-0.015517988906574373,0.18108455636033846,-0.011035068359152885,0.16168160698185463,-0.013742355835692586,0.17984084866686312,-0.003383844967754103,0.06199428369363837
2020-09-18,4.494939687988334e-05,0.5260359520636029,-0.011590074848327473,1.0182023358517491,-0.010798290637158516,0.22411979789212094,-0.004870448245273783,0.19269333419441106,0.005039520257223651,0.15557610284740692,-0.0174364009127403,0.41471818357457824,-0.005145338872513135,0.18098625110851846,-0.0005213415346129977,0.16167803718057894,0.00666501691578071,0.16525001313575566,0.0004472863106701204,0.06180531716169553
2020-09-21,-0.04573390742775803,0.5412335132629047,-0.11806986782210652,1.0855542676483896,-0.012302046479750198,0.2255511838386525,-0.010594664481132724,0.19099076070477314,-0.021530697020878002,0.1654363566997968,0.01463912144546667,0.4071748441108863,-0.0051388942364494795,0.17881949030066763,-0.02302387798614444,0.178909604116952,-0.027083946057875355,0.1860213832287948,-0.0006634824524525492,0.06079403585663529
2020-09-22,0.007868791402608884,0.539885463965986,0.008530129851814033,1.066963186140973,0.011074863208910863,0.22942448729493303,0.018400991966120404,0.20344717611567892,-0.00918665483353856,0.15629829011502366,0.00795226304598785,0.4090894614374523,0.0025471664343591502,0.18024695407420308,-0.008038318553828748,0.17859497415681339,-0.0007566336578105093,0.1858230752667449,0.0006118468105348665,0.060844895366064
2020-09-23,-0.029170208177429015,0.5407235949293647,-0.07134431206782939,1.0708787061918523,-0.02505171828133526,0.23888871627316022,-0.021658746293462944,0.2128208805300424,3.697356693214559e-05,0.13965710390617714,-0.006666961536206262,0.40122695695256416,0.030717582132598654,0.21289738918159912,-0.0030008791721485486,0.17552091800356193,-0.021638403008050484,0.19802357690039632,-0.0010443793669611511,0.06084496339391781
2020-09-24,0.05267589698592579,0.5633976767802311,0.08802667835012515,1.104574020729067,0.006722766105435078,0.24160031977636973,0.016224742045430517,0.2226683608021672,-0.01459897345247488,0.14308159262169365,0.03913867256068069,0.4291421768963526,0.010407349333633787,0.21761911760349748,-0.02601070031549108,0.19347306699032507,0.008245977204026695,0.19583097756277906,0.0037397605508059993,0.05865119234653495
2020-09-25,-0.0075808365443668715,0.5611127654200518,0.006759424477750653,1.1045274275660344,0.014548492463551438,0.24463247764054852,0.005872178540340583,0.2221896792904894,-0.004539559184639361,0.1416571530628053,-0.01657031292280422,0.41870361144572493,0.015407243402561225,0.2230849192799297,0.021091232433400935,0.2082055229015338,-0.006991762248308366,0.1862571486993423,-0.0013019467606370356,0.05858689193086477
2020-09-28,0.0018119108930378396,0.559263640253565,0.008644434649439656,1.1050946916524975,0.016211516230564948,0.25354509514544693,0.013261266004677858,0.22691299325185058,0.010518062069739981,0.14933959869520996,-0.01459469928445509,0.4158548586700152,0.0002789196222505359,0.22170455635493133,0.016146834159649473,0.21811774782911356,0.008324850512493634,0.18606243686892487,0.0002293243767107761,0.05799168893410735
2020-09-29,0.016259423507760256,0.5605960911168729,0.016596944732721688,1.1017476824864696,-0.001090442504199451,0.25340250927552455,0.00015923382912488282,0.2249637281784669,-0.0048172481080249905,0.14894617798939278,0.009858935212099124,0.4181157078846447,-0.0038389665585883337,0.21241861009733734,0.003275094046421533,0.21856692874584657,0.015148579861860552,0.1852617404329225,0.0037338402002444673,0.0553862838979335
2020-09-30,-0.007320762481471503,0.5603647918049329,-0.001257310961911183,1.0522582317522713,0.006460983317946649,0.2530462260175867,-0.00531273965085175,0.20983825127539724,0.006056257122308098,0.14322058730073028,0.0038526147326487076,0.3433928876847929,-0.03170648669411092,0.22337343466752785,0.00047963476896366737,0.18993402729708234,-0.005355060037827929,0.1846410919458631,-0.001758859250432803,0.04559329948030351
2020-10-05,-0.006281962798017705,0.5455465307889988,-0.023858709785198537,0.9767252307413117,0.00636612324115411,0.2477938388118399,0.0036954357659388674,0.20614934931794718,0.005998128985041661,0.1418026192454131,0.017518214860330443,0.29127795645948906,0.009587990642299492,0.22159858412023078,0.015385831088251293,0.19069948924366642,0.0060559621178402235,0.18370222155943283,-0.007102122459670994,0.04551554312606665
2020-10-06,-0.020583966794893802,0.520664225695586,-0.04075681566897422,0.946882813649699,-0.016996367120165223,0.24930367774446652,-0.016151589362802848,0.21364514148713182,0.005999868737736581,0.1438513619306589,-0.027097051930567155,0.2933324022811373,-0.0017074315430080642,0.2172655271616147,0.010807459068904068,0.19440527333030416,-0.008902936277823919,0.16927892557814236,-0.002924302732641977,0.04261946385609502
2020-10-07,0.01568991529476113,0.35834246801886976,0.012528871968362642,0.8429926080521007,0.02686726661438158,0.23968238795782304,0.026226949683054473,0.22533858016916763,0.020474273408958292,0.16363575059354876,0.012342422423010849,0.28637527107752825,0.03362629744886986,0.24189691843479508,0.016153898322670668,0.20177824835575212,0.0003722760966464088,0.16900163192540896,0.009620102844140164,0.05430223813403071
2020-10-08,0.01916290463278188,0.35122254225107036,0.02217017286214341,0.8469743308825498,0.004279732880336937,0.23932980288107208,-0.002033018130317174,0.22480997652794896,-0.00575308466524107,0.16147731362242962,0.024177443569487842,0.29819702810911064,0.0031656590203365535,0.2315381235062548,0.004425110697871327,0.19397498925340564,-0.0010475055206483402,0.16891200289493472,-0.0036984800145324318,0.05534060911996967
2020-10-09,0.009968253013821335,0.3266957355177523,0.037825127144373125,0.70820340895738,0.005186154271383917,0.22060648380583106,-0.006826662838725255,0.2242631705496878,-0.006638866910125346,0.16264643732411657,-0.010307625553532256,0.2993916730040515,-0.0090957739176921,0.23119657098956645,0.0031346301916515755,0.19398084220034487,0.012659993629583881,0.17303026331744614,-0.003568940909368895,0.055800983904694505
2020-10-14,0.037082530806569695,0.3452978516360078,0.0419209164214743,0.7087657957685244,0.0079326565667162,0.20972149965703077,-0.005703562102863723,0.19933896287118158,0.02752031155420011,0.190057723997786,0.018041270363272067,0.292378870205248,0.01905766422643745,0.23536315703341187,0.009382426395068843,0.19498485224835496,-0.004904656922255865,0.1708072456602875,0.0046221901216148805,0.05789354469681744
2020-10-15,0.0013362912187155262,0.3453032338505397,-0.0098040155842282,0.6944431142271709,-0.005936873673134406,0.19578061358842203,-0.0011234034697254133,0.1831667817515661,-0.02567990580755205,0.2079649800080097,-0.0032877220258912348,0.25786798349692114,0.0038168925551603007,0.23255916830049314,-0.028991259602911518,0.22056607519558963,-0.0034091842229587695,0.17064715171745676,-0.004407950158921324,0.05884048978096708
2020-10-16,-0.014163991261088135,0.3514866932080221,-0.029137664863660755,0.6992992399560453,0.0011548874863387627,0.19570988706167922,0.0030446972345687124,0.1827782799832156,0.010446825045471696,0.20967254887759013,-0.002833731586185578,0.2578669323418127,0.0030717715136059226,0.22977150093617096,0.008024338478271643,0.221989288130987,-0.000241801446713487,0.16858534085240956,0.001019977029708273,0.05897934242041003
2020-10-19,0.03740843589287716,0.3626343378571162,0.0377346753840835,0.7119183622393183,-0.015472942154942073,0.2009031685140522,-0.012546995517877592,0.18665544277552568,0.007372528848640787,0.21062195248607202,0.010505691561091685,0.25359771380835455,0.008399804124191734,0.23038044485663434,0.010350560110109852,0.22373197887502094,0.003933505094379524,0.1669492726685101,0.000991721360000519,0.05905934728409217
2020-10-20,0.01651956575738081,0.3639722470400736,-0.02704946336895898,0.7094919076712374,0.006500934472132574,0.20068517202507774,0.0025243834007819318,0.18562944483620084,0.0028698040383525287,0.20987978257929146,0.013712349793605643,0.25443983522070435,0.00019604408634243102,0.23042717236941299,0.0037830696669436414,0.2223369092304577,0.0038807365390680143,0.1670916729798277,0.0017847391521314646,0.059031867136399165
2020-10-21,0.07436898723453708,0.4350846469373718,0.061563694609782185,0.7403600815616704,-0.0012131810829027437,0.2005573369185194,-0.006927381035128491,0.18647205783349907,0.00864029116470001,0.21204127017317015,0.0008545009279956812,0.2537626894899358,0.0030229832364718602,0.22877312500765828,0.004412796848592329,0.2206437463288536,0.008390417187863678,0.16927963193257453,0.0009849329286675172,0.058439828312768
2020-10-22,0.011486801039725965,0.4326542089681565,0.054029934116443364,0.736660421906217,0.005664167476420616,0.19599777094124524,0.0059748313178037155,0.18611275318022988,0.0015583821812556438,0.20057713073448144,0.014594565883271099,0.25414423171858547,-0.010308722930368585,0.22401092990504823,-0.0029984377206992577,0.2167276646921198,-0.01182667460859608,0.16758014828540538,0.0004588134729293416,0.05722123615322905
2020-10-23,-0.0021278201380563427,0.43323124676824976,-0.009204358429260056,0.7361103150943812,0.003964988637711511,0.19099695700134603,0.0007859908197420082,0.18524727930838117,0.006339890254686258,0.20096204436730378,-0.00889861834160948,0.24659058103193515,-0.0034574242218914915,0.2232522240451707,0.003370638357130136,0.21665981108501092,0.0009984612671488742,0.16550229163112753,0.0005251503173222487,0.05722809196642237
2020-10-27,0.05747410083290167,0.4191358756991232,-0.011085628781723885,0.5936628062854045,-0.018699901260886338,0.1982395982149506,-0.00915865527307879,0.18424261372417394,-0.0021096880269716586,0.18407361694485957,-0.0077740921939020114,0.24733343086405976,-0.014630068936922308,0.2303054327358897,-0.00034348395561356664,0.19727262977513532,0.0066636108937318545,0.1378494335232,0.003094777074881241,0.05808062873338445
2020-10-28,-0.030388291729748648,0.4451222316875202,-0.04066884998519334,0.6173411201070294,-0.037867984419870555,0.23800024054236982,-0.03050848666505721,0.20120554526091586,-0.005574308493493729,0.18173557827835815,-0.030845207804195945,0.2737356224990085,-0.0016787778286885798,0.2309357214238351,-0.015474193837324292,0.2040321855010923,-0.019168811568639667,0.15373267961148226,-0.0019424423112930549,0.05856163259203513
2020-10-29,0.02104208390581066,0.42119049046151835,0.003612877693940774,0.5501350326394527,0.0204435053871612,0.23093754002300848,0.02290596682105903,0.2052832455047458,0.003544578756962419,0.18163981283351502,0.028140261091133878,0.2865830205042806,0.0019355898585665244,0.20788081718135154,0.0035414313185615875,0.2030486238567308,0.0029012558500571004,0.13318560077353217,0.008566980447163778,0.06519051115810473
2020-10-30,0.005684922288055662,0.3968971778237691,-0.01252934932972869,0.4742251564359778,-0.014570866740512625,0.23677151226157275,-0.007772862008556493,0.19840944921370157,-0.021877459889284648,0.19163099527909852,-0.024265070561962445,0.27055785915791053,-0.005370615402448575,0.20672893263849768,-0.004803492182425667,0.17663363947080485,0.003937996542093611,0.13094739135404385,-0.0023671532952527163,0.06492023888346717
2020-11-03,0.0319640119340029,0.3968614524538412,0.015007453637308406,0.47554231539257663,0.032478500531309636,0.25728705904778537,0.018202687975841143,0.20810019051814255,0.03647978228266154,0.22413138648903405,0.013473424931775772,0.2668910006093674,0.023453837897164233,0.21551587532897795,0.017182117109123617,0.17229571859142911,0.019022551234845243,0.14257682840373162,0.0025928119566402392,0.0651016329524391
2020-11-04,0.01572787949159216,0.39476921182536945,0.0394922047105727,0.4902500111731242,0.024473960450965247,0.2647213053617722,-0.002603702062002462,0.20220180023878168,0.0007862438034921597,0.22302946980978766,0.028067513753862777,0.2747329611808821,-0.018131638773105783,0.22583107156312107,0.010675920325621403,0.16830326878794336,-0.0046434368341072545,0.14215569162058497,0.0026664347958735876,0.06552102249218975
2020-11-05,0.09371730434653801,0.4822786680789525,0.025524885010490404,0.4935245340884747,0.01557475931899492,0.26861447367679386,0.01670161458499666,0.21141257523948917,0.02848778914846365,0.23695308678229635,0.010046978123378703,0.27478596917342585,0.01127711400615513,0.2282730787276549,0.013930779386737344,0.17219230608380712,0.022710003891324024,0.1534890266596392,-0.003698506457706325,0.06611758424364739
2020-11-06,-0.004398543405578652,0.4804856398694981,0.0901500436018446,0.5700113557931059,-0.0037893696829043037,0.2691500139631062,-0.00782751075591129,0.21233913774645166,-0.0028847012933388267,0.23846895077199737,-0.0282137880944678,0.29633132845760046,-0.0066769029921209715,0.19720807085067663,0.00824810241764547,0.17233644880851462,-0.0009346130871197052,0.15174633566671253,-0.003501613097530623,0.06705702064113667
2020-11-09,-0.017012065156564754,0.48858954910242025,-0.025381958189994103,0.5712186007998129,0.009738583599532025,0.2700587100087619,0.005314393292363025,0.21280941574929366,0.009740324518321394,0.23910254774846634,-0.0009938205216877937,0.2912344720433479,0.012196988590514376,0.1986150558341038,0.014082940440327714,0.17133617077357846,-0.052962774867070024,0.24166071244733686,-0.0018933911468119586,0.06218324552256387
2020-11-10,-0.003064256237042519,0.475129053583439,0.011984081945053114,0.5390441836400405,-0.0017603443482956751,0.2613096233073222,0.006903760489311701,0.20613105003889773,0.010410669324332916,0.23988008171367606,0.01747804136295976,0.2768540072422516,0.006886577788627391,0.19856106717433053,0.01319466293904909,0.172684581981574,0.011548565681666014,0.24368963541234154,-0.00035956912742789925,0.06106732317185847
2020-11-11,0.03091882658209746,0.47713062916793686,0.033537248304413514,0.543341557760339,0.012053539353273697,0.24908015813076784,0.01577261094712912,0.19258029944139848,0.0017657864695169883,0.23329838673069064,0.0020345592926674845,0.2750138944887989,0.02154832314052771,0.17838988382385357,0.013733448480649673,0.17079253246041967,-0.0034384372615074974,0.24395379139063403,0.004430810990282121,0.053534047299263816
2020-11-12,0.039841689165409415,0.48272767491811,-0.0003573417669379952,0.5450651018530858,-0.0061536632729232025,0.2506983304887061,-0.005546081285803142,0.19348577981536394,0.0017228068646358461,0.2307562179085579,-0.023355568397282648,0.2782419703263888,-0.0013748901347207284,0.17881097898684473,-0.0007123389662671425,0.1716442483294087,0.010250079989621989,0.2466318270255971,0.003874988274146121,0.05283044594712602
2020-11-13,0.006492498797733096,0.48375827218589185,0.03306673086156972,0.5426524977725435,0.017466732298311482,0.25627972445357544,0.01550518178734456,0.19883913223526276,0.003447638354812987,0.22728202220836588,0.038861876947715306,0.30447343602136717,0.00799184979745056,0.17508690008018332,0.006242521919143063,0.17178739178431585,0.01091943796372816,0.24560034459322916,0.0039481855920173595,0.05165185535464643
2020-11-17,0.07223112513921802,0.514201757843045,0.006020650256243243,0.533083982593518,0.0007899990719975325,0.2555566823150911,0.005590347172809553,0.197788301029391,0.0037799112540799263,0.21187420233597656,0.011987742355196741,0.30144039117774685,-0.0026720242924717554,0.16577798568634053,0.0060663893601545634,0.1708928166992764,-0.006623837197975193,0.24611981501388572,-0.005987292066187467,0.05527397064484575
2020-11-18,0.00977540950032465,0.5109160043618866,-0.000997901967058113,0.5294606170279507,-0.010803801023518387,0.2580377397827882,-0.000349497417024135,0.1976683832162345,0.0055698754910367965,0.18279491382048016,-0.022482597974458222,0.31343836698695443,0.009297959655443153,0.16766116122278815,0.0057901261159902535,0.12175767955220568,-0.005026784849485292,0.24647319355935005,0.0008274096239626583,0.05229564457830623
2020-11-19,-6.726228199896705e-05,0.5007162643730553,-0.017316857480843478,0.5193304115258371,0.0031367933918504064,0.2580566298470462,-0.001206940950840253,0.19785623524112617,-0.007884952994752425,0.18722118711859628,0.0059727065362332864,0.3132437852374579,0.00083980287894997,0.1676834467599112,-0.013758121671370244,0.13858614158559715,-0.007442523900788554,0.2478257814451118,-0.0008018822988820665,0.05256286731002224
2020-11-23,0.02677329550654742,0.49801196297699946,0.25125825966589144,0.9754011892254986,-0.004663053858437265,0.25146822837468946,0.007243165905135707,0.19192691476780732,0.0014132720442661872,0.18716301800691024,0.007646647715954571,0.31245898797590466,-0.0033244089261466997,0.16699369450341806,0.008576389243619609,0.13779190248331064,-0.016065891663628266,0.2531186206100413,-0.003467424667368565,0.054460853432855776
2020-11-24,0.04079213058326045,0.501876864585552,-0.006404595425625877,0.9646459458986788,0.017144321631730474,0.2562525679740541,0.010978584168815673,0.19418733464940868,0.0049555286369959,0.18712889583308373,0.03483444411127221,0.33032723853331286,0.01617891192079186,0.17446003043578184,0.011018969776230188,0.13957823624058222,-0.01700755845954721,0.25804570001037375,0.0011118628176988402,0.0543048503334676
2020-11-25,-0.023673243410368798,0.4900043955432221,-0.060398556170070866,0.9965913006473653,-0.005419585791240205,0.257539056524901,-0.007574096791880467,0.19461033754534482,-0.0008746446337093562,0.18719035676883705,-0.013255557690739862,0.33516951789433946,-0.007292739868295391,0.17750856509525847,-0.019019308240820793,0.16227318325603868,-0.0033354192133320864,0.2551189004289257,-0.0038339110357306313,0.056218142851921976
2020-11-27,-0.08948097030359393,0.6161486846983979,-0.09665382249042354,1.06258623061684,0.003583188602121043,0.25735021765307076,0.00784532392836745,0.19509901588056383,0.009497289215757203,0.18803628218402763,-0.0017724925683739914,0.33252918708603124,-0.01000477237963521,0.17725139553470268,0.00974980698326659,0.1616105180006308,-0.012078999169998826,0.2552324327540212,0.001189077576220024,0.05631698144974803
2020-12-01,0.09412789102525035,0.6730981654491366,0.12626078947923755,1.131683824918502,0.006283271309468803,0.2576166920787274,-0.008249689357030457,0.19881644441590973,-0.01248596077407317,0.196372924309983,0.00574340548823178,0.3304849622560557,-0.00206602983306483,0.1768001558425116,0.010426033708842155,0.16291610181021818,0.017590510339667326,0.2646786997205089,-0.0003187287151522401,0.056338428544739055
2020-12-02,0.015937252541147653,0.6576245436517196,0.013589347638536746,1.127093514846989,-0.0032239970675570118,0.24666523421927924,-0.0060275250598623015,0.1967916681824972,-0.006246562257081909,0.19830467609045516,-0.02467760395934263,0.3420551853440654,-0.00802506798673129,0.17041848033957038,-0.004655080015411603,0.1652601061809725,0.0013604232890951605,0.2631101485275573,-0.005013561596161283,0.05805861674187583
2020-12-03,0.012746479241124367,0.6358653162804073,0.030320213244176403,1.1067698036311457,-0.0005211888853504526,0.19642991050341446,0.0011710203256211672,0.15592390164919867,0.007473016271176641,0.19630656252730216,0.012125025737608106,0.3224642077561923,-0.001110769716198893,0.1702693024081633,0.0016385687862082558,0.14906664436430667,0.006164668528861351,0.25722555154496346,0.00010316319494381512,0.05771176461759764
2020-12-04,-0.03635691230958019,0.6630258102679911,-0.07715158601898749,1.1577659990926443,0.011540018929839312,0.1901276656724815,0.005707063511541877,0.14046083753715158,0.006650268965536869,0.19657854711782777,-0.0031205807545965176,0.31055638114508705,0.002753894654554637,0.17027874103983884,0.012188464174301123,0.15078619009264926,0.002252439270452953,0.2571080940487275,0.0027425552146524484,0.04966702567858101
2020-12-07,0.024952835610755942,0.6628406982720322,0.037728866928914466,1.154125478323175,-0.0029479787326639703,0.1790538698638619,-0.00414148384882381,0.13737584136364486,-0.013442763851321147,0.1844931551193358,-0.0008521707258120218,0.2956527094844346,0.006134277555216673,0.1684810999008969,0.00629392581895329,0.14586179602638671,0.012998484850684605,0.26124247054419814,-0.0010104652937007188,0.04919957002732802
2020-12-08,-0.043310443759487754,0.6910914289884161,-0.06147630862079495,1.1885608744484017,0.005891286966927558,0.1498357212468495,0.008073258984252513,0.12786418802109475,-0.004510257192189318,0.14444533944821852,-0.008310891731061584,0.29584935008011415,0.006890979909376508,0.15178589760516412,0.005889475757368491,0.1403215100396409,0.007930400839929772,0.2533980928685461,0.003108015796756955,0.04961251775960915
2020-12-09,0.008650734394256994,0.6911354018892553,0.029089510616583245,1.186603034382022,-0.01195527158379339,0.14061449134490475,-0.007360147185754059,0.13150667703572017,0.0036100623219738857,0.14441458960773096,-0.007289200274812655,0.2820402123294201,0.002998364086232368,0.1330202020164565,0.006140121927206534,0.1391679358738149,-0.023514018819195657,0.2647770418452382,-0.003974306635321697,0.04997487942074697
2020-12-10,-0.012869319387313626,0.6288693301030012,-0.0215336560214741,1.1931749461969297,0.0015393863057202484,0.13229845838255183,0.005365146722651394,0.12190582219454661,-0.0006576346390466482,0.10900133864936626,0.0324821241988243,0.3015508244931296,-0.007178421253440205,0.13386523887977714,-0.0009366011360243268,0.13730906184304748,0.0022800942710996587,0.2496549156626993,0.002825320833492044,0.04998225871172088
2020-12-11,-0.014168641553172812,0.6320592661186542,-0.02793606913757539,1.1681533748235031,-0.004087083107254095,0.13246103311608204,-0.012013849844730104,0.12702028240720165,0.000774672912682196,0.10809040894418172,-0.028495416844171444,0.3019037282832835,-0.02085206133072999,0.15318132173623566,-0.00018719874133332233,0.1377264673002871,0.0005543773543489384,0.2498709602321064,-0.0028212850230213402,0.049483802693253844
2020-12-14,0.06385110475237547,0.6552859318061695,0.07124431778812065,1.1807901049900529,-0.0042155429814942046,0.13072166823273776,-0.00819774421081436,0.13119733044683513,-0.004266604571805262,0.10495276863250358,0.005061005457772356,0.3019653006477707,-0.0007434629670257704,0.14818758693126874,0.003426060038571509,0.13312730353483482,-0.005898346139729491,0.1726143658940691,0.00015324526365283913,0.049135791997524596
2020-12-15,0.010469320120148345,0.6533858270522959,0.007344032826049118,1.1809518558952683,0.014491643665163393,0.13811217253778102,0.00923994426887527,0.1326725336539656,-0.005225942915521813,0.10023811920086266,0.022295443897608506,0.30552994374927095,-0.0011185387423373967,0.14663368515529931,0.002368285079009519,0.12877608217390984,0.014475992952846357,0.17552424545209094,0.001653161642944655,0.04952381800980411
2020-12-16,0.09169409877524423,0.7079966493006844,0.07509718900417665,1.198778861953055,0.0004137268187895119,0.13312749861125622,-0.0026530174395716813,0.1227032254332359,0.008198453139543323,0.10425241647859206,0.0064162899041868325,0.30588348574743257,0.0036661922070153423,0.12577254534018453,0.00707178184033077,0.12398444206187403,0.0006918637606138518,0.1752805384293311,-0.0013574988015336953,0.04689991018318761
2020-12-17,0.06583905250367941,0.7253701254159698,0.008513121439800899,1.1977590938615221,0.003797768201913858,0.13050015157720135,0.006637241959912638,0.12222369969223733,0.006290849679498616,0.10634416892862779,0.0006849061671557442,0.2913995358870461,0.007690276364226552,0.1287975160093894,0.0022865958309467864,0.12327727701915212,0.014673349561445299,0.17930740710576248,-0.001943374607069445,0.0445921670825944
2020-12-18,0.013307908316575101,0.7246938229619013,0.01722741891500729,1.1960412820247828,-0.004697069360897665,0.11910714760753262,-0.009159827784318925,0.11558025966688414,-0.00785240744771228,0.10927886309326225,-0.01042077039070662,0.26488360459347293,-0.019236596069939407,0.14143397135853672,0.0002637701809085096,0.12314077824863998,-0.0019749167899184446,0.17469758794964882,-0.0011797724087489235,0.04140806801167191
2020-12-21,-0.0135757361560785,0.7010367579879452,-0.07018459603825317,1.2314314216686622,-0.0029107689118842792,0.11978556659791383,0.005312399840605564,0.11541608687901926,-0.006259381030311164,0.11014525424024012,-0.0046248246437745385,0.2625764607656519,0.0038308257079855777,0.1424261051563543,-0.03090550258127756,0.16913012267297683,-0.0024497909027136615,0.17355610702112922,0.0010031595750252013,0.03738000816767209
2020-12-22,0.04657305991880536,0.7112870392394867,0.044731497135849306,1.2360731595897034,0.002421247281256602,0.11247399707253833,0.010760454939815148,0.12122571108616599,-0.0025905744279161465,0.10787082567063201,0.0109429351274515,0.25119055998311124,-0.004486811526670406,0.13781728433376444,0.01478961938811368,0.1750269439915874,-0.002231055335995143,0.17293853372784537,0.004496491973026982,0.04103375401045075
2020-12-23,-0.018522803599602664,0.7185387135620129,-0.07946654863103625,1.2734737050136051,0.005262166335225677,0.11316941729325562,0.009970380007428883,0.12528892706403755,0.013046534065021756,0.1154259690094315,0.024744049912874728,0.26309340863068725,0.014193428395745077,0.1482166534493257,0.014477022465706623,0.17118720253283076,0.008846672568501338,0.17393174112708165,0.004516633063406934,0.04430074091912774
2020-12-29,0.1534273775816404,0.8684225553162299,0.21590162446136574,1.1924048045710205,0.00017422649071328683,0.11116986854914597,-0.016810782738423735,0.13751974811615372,-0.0010334705208285746,0.1153278158060899,0.020982920180875025,0.2701102277839858,-0.006154327427872642,0.14909625151716965,0.014269780557851202,0.1746666475830748,-0.007147423111220473,0.16595076284825785,-0.009810966199906377,0.054629443000646725
2020-12-30,0.05138297903757673,0.8725989750229425,0.02586253251527098,1.1926050236621373,9.844524330430751e-05,0.09564062073137325,-0.0025004763686759866,0.1316986944135715,0.020195371853805145,0.13446633888451331,-0.009793460457776473,0.24823279032744405,-0.006677440001797643,0.13610108429594323,0.0022936333124075245,0.1723265901813328,0.004751423160685368,0.15337896309241883,-0.0012422028517748145,0.054417807592665186
2021-01-04,0.09812654473268424,0.8989879299071483,0.32003561983814005,1.5763962079276352,-0.013381484541300432,0.105562670611585,-0.013790938169232056,0.13742619840718304,0.006893277875002542,0.13615487273992813,-0.014435693827965097,0.2491411674860645,-0.018032203302884735,0.1458705623673884,0.005803287794852426,0.15319756507411647,0.023066982203093254,0.16891492666308291,-0.004934926540978465,0.055390085259117205
2021-01-05,0.06439446963297192,0.8054803556247149,0.05898542885717694,1.5121840233101098,0.010172089303129132,0.11045203334029811,0.01652073510269152,0.1473805989682933,0.00953958335990278,0.13618875377976214,0.028427814857432634,0.26582655637510333,0.008139786590942033,0.14800979757399996,0.007815770277631742,0.15241755607380178,0.007219764758247806,0.16026047439025892,0.003114457919767062,0.05654680479847919
2021-01-06,0.08076898413511566,0.7937884464055218,0.0936623086059766,1.4915906254672262,0.0064407592867093055,0.1105541157907282,0.0005957266675592458,0.14474110687617456,0.00224612673042909,0.1272650919830547,0.003883457583408174,0.2656412429836963,-0.022818733999710378,0.1648474527650054,-0.0030100255174285422,0.1522149357395641,-0.02298694969318217,0.17728495806974934,0.0007471559042350619,0.05670330110580052
2021-01-07,0.06666918581319263,0.8006110392916969,0.0150616227557243,1.4913469115709226,0.014536521662418126,0.11941388163518668,0.010192338110601915,0.14733492254819103,-0.005387992174632364,0.12663440296702136,0.02264479683890163,0.25461349657910254,0.009004766253051938,0.16864112448764038,-0.0008311060676824384,0.15029089532944745,0.002626093513716904,0.1772856483765644,-0.00020173844533484978,0.05418607844428264
2021-01-08,0.03676448429842753,0.7968909519447012,-3.741180710098269e-05,1.4959797283354275,0.006648431812494149,0.12044291828035018,0.0034273123043223187,0.147649170481632,0.013081416140448878,0.13131318035760123,0.044330260027878356,0.28830622895904484,0.014146298440366887,0.17775071223490868,0.01590967695344312,0.15621208381783516,-0.04058125253787361,0.22970616931511925,0.0011715944189789444,0.05438522426319938
2021-01-11,-0.13820389736351207,0.9710945066829672,-0.11696315553723312,1.538503333502985,-0.007565315799027451,0.11929010663361514,-0.003272027594515243,0.14710508882038886,0.00026070501733515156,0.1302443546163359,-0.018678341273981283,0.29963165868726865,-0.003234371025226508,0.17722846494303485,0.008549097446144321,0.15432550636619932,0.0074265134502156565,0.23110015599272357,-0.000988988182406116,0.053420628884495454
2021-01-12,-0.04540890652650001,1.0059365462339127,-0.04188575400403389,1.5584541220560268,0.0023232733628982868,0.11851013367912906,0.007948005507184617,0.1484661031636306,0.01512285136726218,0.12629564370155805,0.025414754851907365,0.30612446157663675,0.00037196774572268517,0.1751674603679515,0.007326178154432362,0.1545689905715741,-0.0017213838604606337,0.22627218861979684,0.0019075713323287741,0.053898207258282996
2021-01-13,0.09058788395677154,0.9949837004497734,0.07560215702709508,1.5327256373315314,-0.0024787803927581236,0.11788905060336906,-0.01259733781639548,0.15302825404314,-0.006338407477288536,0.12780197202706597,-0.051441177198549785,0.3641947380886958,-0.012484495155041835,0.1757931160827314,-0.004655750562783689,0.15719040558516795,0.001037413081897519,0.22422364134617928,-0.0047518367794843405,0.05472931216258998
2021-01-14,0.04898855608894699,0.9921893855956883,0.07477722980734884,1.5392826234332284,-0.003693569758648836,0.10981370808201824,0.0006151209483417098,0.15074656238407755,0.00918826074520486,0.1296724242726891,0.007303960163844218,0.36153384492705676,0.008075406906346746,0.17876089303189852,0.00217596509965943,0.15693240965404237,-0.00171492315993977,0.20882302627603186,6.694331009435716e-05,0.0533186517587704
2021-01-15,-0.0632918879289936,1.037343924602125,-0.040136862269998075,1.5492880300839704,-0.008341389754964047,0.11466110758224254,-0.007840194611470761,0.15205353158764548,0.001547250210304235,0.12908972634738908,-0.04493079936040678,0.3875431131811348,-0.004804121581226004,0.17817735015675792,-0.012279711917338048,0.1654363478394676,-0.012539796744159538,0.21309123943355024,-0.001125388956685444,0.052086199743005386
2021-01-19,-0.019348577163997377,1.0404522326543872,0.16293380874787933,1.5926343470610629,0.009485733835686206,0.11708511197383677,0.011980151282828758,0.15160462641615613,0.03807876552787838,0.17627540729574945,0.021674930099417712,0.37675046554299657,0.01691231153544369,0.17706428070391675,0.007422746756280567,0.16585563457993316,0.006942665055255836,0.2146933005712263,0.00138227619992457,0.05181024529413717
2021-01-20,-0.01453543595921732,1.0461991285636825,0.003651701750901416,1.5951304814485312,0.013883198392631536,0.12283154832524223,0.0012541075489007013,0.14804615018854494,0.010643225710595217,0.17396460204959252,0.0036377504574901277,0.3767469157456325,0.0009353273733839119,0.17714922192181962,0.008516055352881456,0.1669253296387679,0.01429350895883074,0.2194672554425603,4.378101612069856e-05,0.05179826753655955
2021-01-21,-0.14637482244696245,1.2093101644591329,-0.21284638306913628,1.8194172516703409,-0.0035300184672888402,0.1158525047748464,-0.01697025365886033,0.15770475805861917,-0.005029033832984396,0.17381008440644888,-0.02690561644765547,0.38548924802330575,-0.00168147893930237,0.1771817040520438,-0.007564875720403771,0.1711302372325515,-0.004168290888535495,0.21405628065368407,-0.003846691628602306,0.0526104503375613
2021-01-22,0.06893679279303494,1.1951274034052615,0.0981677492358318,1.828351770562687,-0.0024117713452048903,0.11656188812890479,-0.0016899082019100876,0.1575372089224641,-0.015588035374813502,0.18843015823788223,0.0009048316193964875,0.38514794004668673,-0.00350286459448605,0.17674555448836862,-0.01448200475697927,0.1804549924460924,-0.004556585872090513,0.2145267615414939,0.0006033813177328059,0.05270059995623864
2021-01-27,-0.08164804078562007,1.2329401020648667,0.012916779565151961,1.8277291326489236,-0.024372494390395332,0.14594605203843636,-0.02065559036349981,0.1709118696395182,-0.005583336562852948,0.19153109698673018,-0.010745638971252773,0.3875314937093592,-0.002378194860128337,0.17396803394456223,-0.029020289697993445,0.20965560839545358,-0.006315421956950471,0.20800313149879504,-0.0004785536161588603,0.05244665955588337
2021-01-28,0.09662488997426953,1.2662885592580333,0.06296563107121181,1.8301473300878996,0.011317929205860102,0.15006530431551976,0.024449509471370645,0.1899611117951483,-0.024219835333287733,0.21163897903405293,0.041713892733554844,0.40947835724965914,-0.004627444022392501,0.16207372433227007,-0.00918906274083484,0.21223281378217299,-0.002196829514790156,0.20801050278764147,0.001604630427099594,0.052845752019992816
2021-01-29,0.023743207917120538,1.2614300109246182,0.03551208884584051,1.7908939501707792,-0.020847240585489497,0.16732867491579137,-0.018485573365633726,0.1997309784579136,-0.010633733328998616,0.21463140185671992,-0.024775212024471683,0.4203667259512235,-0.010169720551378731,0.16435304024186642,-0.014675721163193853,0.18871675217459652,0.0037546483109502423,0.2087785892946436,-0.0013468629306975525,0.05273118094759805
2021-02-01,-0.0234099478750514,1.2654663111181272,-0.010241325539041012,1.7986089479867986,0.015482790994104881,0.17579408027158164,0.01761710101120596,0.20604597870539573,0.02090948340707404,0.22219483916032015,0.01538265738648334,0.4217541147565853,0.014442263078169183,0.17273188828984523,0.0458918404791443,0.24146396610997545,0.006839879767470664,0.21059681282593493,-0.0004415092405738752,0.04959724295953895
2021-02-02,0.060087903428444576,1.2679780796495728,0.10435311753001121,1.7623676043550198,0.016722493363334943,0.1840455719543028,0.016569697774428058,0.21145966187442095,0.015130936212744911,0.2233618560723779,0.004732825223364031,0.41428116653583186,0.015840074013142247,0.17458019553901588,0.028269504224766907,0.2547133523029277,-0.013497410895478405,0.21190017771553016,0.0029199645490242732,0.04776925462352516
2021-02-03,0.05098692965484958,1.1780550779066798,0.08903510092443048,1.6588185430105284,-0.0017787075313447343,0.1842780282914971,-0.005225559340638609,0.20363152654656655,-0.0009502727944055573,0.22333729469053984,-0.0020359954137087783,0.4085364106414023,0.009802505881753786,0.1767073753091126,0.006867400767255385,0.2517826601847118,-0.0018587177758698184,0.2110337230399966,-0.0027869681466896083,0.03562174264583732
2021-02-04,-0.015478491305879947,1.17448814088968,-0.041440241333937665,1.6815777185029699,0.00999503304186521,0.1869118614770595,0.006127885143175787,0.20428213267742187,-0.007445121034479155,0.21894327395416008,-0.0074629796380223925,0.4078558677521804,-0.013143788868100213,0.1813055285497588,0.006321526379968956,0.2521405510232792,-0.024716299088469767,0.22409472964262564,-0.0007998146020567823,0.035524155686794186
2021-02-05,0.03366183922337683,1.1350639096718573,0.07601765143056578,1.3387128665763588,0.005092905522707602,0.17935345552755658,0.009432308855114042,0.19916037204274936,0.007362078260413362,0.21905627516011067,0.020431755537208357,0.40923254918657326,0.016558479583040984,0.1774219414940423,0.003121142432524122,0.25188584300613676,0.013426039199271534,0.21211629765947743,0.0012029859149437071,0.03179163265134132
2021-02-08,0.18931847447534922,1.2853793481358369,0.013932821002020245,1.3328832702225417,0.00516386696578856,0.17739169749743677,0.0034111015162091537,0.19208989815454858,-0.0011626652973020454,0.21813465291953613,-0.016092527826339187,0.40276682469186775,-0.0063208191051228844,0.177864177964655,0.010544894194885378,0.25278748499841946,0.009321479679068288,0.2135732826579214,-0.002208240510500436,0.030333732427153336
2021-02-09,0.008134230441249989,1.2624461072173456,0.014179718959699335,1.3069762048488782,0.0008774656340772315,0.17668371913628975,0.0046302331409893045,0.19241690967269998,0.0072877728206394415,0.2187765024387772,0.0003502957394885584,0.402570805065655,-0.01082564254372712,0.1617533342697843,0.001561504939742162,0.2519973757412852,0.0038459006066131405,0.2024900231761781,0.001991611055798607,0.031194407708032133
2021-02-10,-0.03523218018789277,1.2549542145977706,-0.014576871818118616,1.3118063145758945,-0.0013742212806561913,0.17065642942471826,-0.0015523174027164861,0.18999653487415777,0.0178031856771564,0.22271553108185072,-0.0071200217030065825,0.3948469901959015,0.00037217654694482303,0.15950071270609892,-0.0012142973331701235,0.2520713253621944,0.001854632912895845,0.2022800984469969,-0.0010289767582647052,0.031296503027227474
2021-02-11,0.06381405190290544,1.2667661272198179,0.02177033543867526,1.3105227057073885,0.001007510659099341,0.16941019775815772,-0.004257061991747935,0.19057911370285557,0.0038991508588256817,0.22014230476645416,0.007644671393222313,0.3605573834773996,0.00031381700964066623,0.1523434256357667,0.0037586125092196744,0.24760078501120214,-0.009219951922986825,0.14948658857866853,-0.000653564155488369,0.030828996297253903
2021-02-17,0.08654726673980336,1.1777615044979572,0.03735954981159106,1.216674120972182,0.0055625028236818835,0.1674200555998706,0.0017858683058586482,0.19010681841581448,0.031493973084957855,0.24029112400199396,0.008518280681554129,0.35786431953345055,0.005239730145390686,0.15255580393749085,0.0040959368213178225,0.24665199347911707,-0.02817197593332158,0.17407800273182533,0.0017524197618517597,0.03163891669218657
2021-02-18,-0.01092792919689497,1.1603213967889598,0.04513065530121039,1.1936492130438001,-0.006315316834833904,0.16944135328649507,-0.008101489268301855,0.1906194626164216,-0.017713546411341895,0.24932886026815682,-0.004839251309505233,0.34416161484280267,-0.004472078031345414,0.15368622485116715,-0.007821574291980762,0.24813690002784633,-0.0005918895727708042,0.1741733850622254,-0.001889702607590708,0.03105167914528437
2021-02-19,0.07564553838694438,1.1499075177102114,0.009016679475300788,1.1831360120361412,-0.004496216145652315,0.17009501563446097,0.001875587858584943,0.18505741950921675,-0.000985594463193634,0.24741172241372025,-0.002982076183121791,0.2958597716761323,-0.017302941901081868,0.15967283342363686,-0.011755740168172017,0.2514863221776176,-0.0012871656680688325,0.17379844173349798,-0.002639597049987456,0.028100311041697346
2021-02-22,-0.03125805581464773,1.1570015897407973,-0.09601814460714952,1.2406460286183525,-0.008484844684016498,0.17249338916486356,-0.005464471010430943,0.18629214907379493,-0.011387174999814356,0.25170723482809426,-0.06162693918694092,0.3613492929977124,-0.018014580267672782,0.1692464169619594,-0.02136166743061137,0.2630270067301691,0.016528944868800546,0.18579114691118973,-0.0007219517903055846,0.02808017905542236
2021-02-23,-0.10608874014522522,1.202131004452566,-0.1280303174127722,1.3266528128020063,-0.00024796603268973174,0.1694579472908144,-0.005399633388187219,0.18511621453115543,0.008883186977616081,0.25262178106465427,0.036207947064112456,0.3548736969526622,0.003651735849476223,0.169261375202794,0.0006813783254891515,0.25929684674709375,-0.002777305333423731,0.1815367509750466,-0.0015034956442162202,0.028232843477914146
2021-02-24,0.016956196949281896,1.1963827354651002,0.03434616446253163,1.2141841842341017,0.010362368882147392,0.1700381107225103,0.0061612734034994674,0.18165002645635744,-0.03124327289862368,0.24499206385023242,-0.0014711348378556965,0.3458722228194626,-0.009112788173834374,0.15944907547494586,0.017546229711681627,0.2650230537435122,-0.005368763049241161,0.17968681043481116,-0.0009252987888385177,0.027497625781459565
2021-02-25,-0.053651992968216565,1.2159560405324454,-0.09702424640735567,1.2670267110396254,-0.02446562814033674,0.18476576279930748,-0.02048383118641262,0.19525367452778955,0.012339462407756184,0.24602427583939002,-0.03638208888016259,0.3659286581670564,-1.0828783933849671e-05,0.15929028853653834,0.007987491615188582,0.26483935221506816,-0.012004558165142199,0.17324488357736587,0.0003177662838351533,0.02758603362522619
2021-02-26,-0.005823940517225478,1.073106489438057,-0.009992426592036346,0.998912757139751,0.005556602645863062,0.18575091072338065,0.009276243987352842,0.1888841953213412,-0.026812670191696246,0.26230581592085134,0.013217577520705357,0.3594748835065364,3.003768580488975e-05,0.1594007899597479,-0.02804406781664155,0.2820592857022668,-0.01612169148323786,0.1791834607828033,0.010318134939661848,0.04450299305639725
2021-03-01,0.07468502377041408,1.0766175327535978,0.08493945535982114,0.9855392841477849,0.029577055715719395,0.21244391810315433,0.026032631782706903,0.20829245055292867,0.022565552173030346,0.2694353842313649,0.021294873199607052,0.3678625225366789,0.038395636547892256,0.21087164817751594,0.021933693367044847,0.28674198403315304,0.0028190814455844983,0.1804430909964374,0.006064882490025951,0.048989360673357275
2021-03-02,-0.029455388690038373,1.0287412965443787,-0.05107402177844312,1.0091305944293711,-0.012014142221056616,0.19751943060382182,-0.0015577145569273109,0.19224113476225219,-0.01618635214861863,0.2748776290722963,0.014631830766663738,0.36927356753898904,-0.010452185292166169,0.2140399624892718,0.006715967598181072,0.2643658210148332,0.0022345109990355165,0.18097147662035462,-0.0039004634815479012,0.051163063103002115
2021-03-03,0.043229407365905914,0.996267845980731,0.05383604969469692,1.0034103292808985,-0.013587656222796776,0.2011235598800759,-0.006394462212715144,0.177406058028832,0.026378470273250635,0.27470439282452885,0.00244790608335624,0.3383784457670828,0.0009464458866712476,0.2133884935514668,0.02121334582439729,0.267099216293758,-0.010758997814383284,0.18307601808604046,-0.00043532032799565706,0.05097199795532084
2021-03-04,-0.04533583010822378,1.021235543257555,-0.027201814966617225,1.005374067657019,-0.01893774597348654,0.19865617041871197,-0.013356442681082598,0.17099489386220704,-0.027372885849211145,0.2903540109746154,-0.0021769718714241032,0.32719971369290796,-0.00525818287065395,0.21102469228015705,-0.016301523027889384,0.26865082949848507,-0.014271866326895208,0.1851712461483278,-0.005429707909095997,0.05434017981691393
2021-03-05,0.010950836467514904,1.0112053425921197,-0.0021792978921003664,1.0042053563915219,0.022747772629688134,0.20691245638608627,0.01799416480809954,0.17144758227033438,-0.0008836109896832373,0.2817430309259632,0.03448842096522653,0.3446519991694872,0.0015242192139830358,0.20493417567793168,-0.006064709700628158,0.22520247669884774,0.002144641698061581,0.18240509955400963,0.003439416290978955,0.055624867041445016
2021-03-08,0.06565964061612191,1.0142976668062942,0.17951211123864214,1.1239946577211783,-0.005351735444509452,0.19978259853703914,0.0005565696423495334,0.1624509348257384,-0.01873555454429801,0.2840355414947713,-0.03690354974286191,0.36838869118145867,0.005147341563066681,0.1976691305522728,0.0012328803239630961,0.2044170692630476,-0.012005401419627552,0.1815192808094937,2.1907779516045644e-05,0.05470272401405667
2021-03-09,0.05084149708011665,1.014238912591412,0.020682945538166044,1.0870961496695979,0.016740057570811775,0.20790151368510093,0.012372225910119388,0.16571667391482175,0.011400855608171494,0.2873150288861595,0.04117943650404159,0.39614866106116636,0.014186250997121381,0.20113330289083822,0.012147517996691282,0.20712674218403682,0.02560645421651529,0.2087618277619049,0.002684656826881142,0.054462370450090385
2021-03-10,0.013789233818682353,1.0069658010339644,-0.04515605611973202,1.0892077012068273,-0.0015727422083569465,0.20532123765647076,-0.0038847527429616744,0.16588079528051647,-0.003819799615632884,0.28648422721492944,-0.007210624976561435,0.39608079178332695,-0.024009708501795703,0.21297655729215606,-0.0025376053768825227,0.20666783758038673,-0.00473451826254994,0.19327217016476736,-0.007584945979345239,0.06083936140878944
2021-03-12,0.02147321327895831,1.0057336526325928,-0.017039634923737345,1.0608325883353218,0.009473794569964743,0.20716820419127152,-0.0021637581896312586,0.1633856030303034,-0.008140112685430632,0.28627404983054133,-0.03674652808040441,0.41023422999282877,-0.003065173854990057,0.20330879825023554,-0.011407636993498818,0.21072716782825465,-0.0030453671644815427,0.18508257777983508,-0.0018829142582237526,0.060975210313535165
2021-03-15,-0.02456180562093547,0.8022181168479249,0.011605043340634405,1.0605127467206705,0.007076473732875429,0.2078172034728451,0.0011130077588414806,0.1630715945771793,0.0044380057566632955,0.28690701734113183,-0.0005483016330958354,0.4068342599180032,0.0046874433614722865,0.20384034186595845,-0.00616676611537333,0.2082663014884908,0.006057365553025398,0.18274929795199116,0.0006055341934623101,0.06058573136256248
2021-03-16,0.013619502342020907,0.8023669498757117,0.006176280219256002,1.059635508103654,-0.0038808861841842846,0.208383678859108,-0.006084790805601888,0.16382276246988453,0.004600655674202892,0.28610251056338276,0.011905098485567511,0.4092288159570516,0.007304278652665736,0.20287696020917595,-0.0035867680709186223,0.20833881779905475,-0.001327196372116167,0.18124337005878455,-0.002309969205588359,0.06057688532241217
2021-03-17,0.03572839550467615,0.7903296596526499,0.009081751532095532,1.0584880244022874,0.0028794530744777956,0.20846086204932823,0.0031353334605874394,0.1640939889617274,0.000346787579486679,0.2779778638420663,0.023534848268447515,0.4165125422878386,-0.004090477293324613,0.20323183045360788,-0.012762702731220541,0.2123587401691669,-0.0021939336830621684,0.1803983385400211,4.208424318516657e-06,0.0605198020725418
2021-03-18,-0.020377610066251085,0.7753369749380318,-0.025552338265635445,1.05998353711454,-0.01790901821558554,0.21802211996493662,-0.015035483776226445,0.17180808326564467,0.009653327241857483,0.2801596859609938,-0.025046279484859556,0.4253915847015162,-0.01898765429379878,0.2128108298546844,-0.014203529303611968,0.21589166540197746,8.377760082798392e-05,0.17940253330114414,-0.003038458149637803,0.061292891985909106
2021-03-19,0.013543173309506685,0.7223532818859076,0.024463018519519333,1.055131288785674,0.00454596858517189,0.21770315146752492,0.01418814885659776,0.17898444577232353,-0.009089212960506025,0.25401996994547643,0.01277482784268734,0.42676994641700944,0.00716368352272667,0.21369284015247128,0.01785473442920186,0.2260555564872608,0.010446006964790982,0.15939889286400233,0.0051488542589269,0.06382776302455805
2021-03-22,-0.071303459748148,0.7681368548455151,-0.07564947173824887,1.0714596342897404,0.0033637614598492536,0.21696761175772628,-0.003143537833556343,0.17688916038800645,-0.00722153185023286,0.24913294836321143,-0.02617665581224339,0.4359922445098164,0.006976895713784525,0.2153680157076828,-0.0041523657457241455,0.22514938976556642,-0.005706223350026841,0.16022464935975295,-0.0036367954384934355,0.06470040926716557
2021-03-23,0.0035017115714254853,0.7205164698987182,-0.007865975085281546,1.069929052075679,-0.007998521980852172,0.21823094072708496,-0.00825857927056461,0.17933656882801693,-0.01377672143742575,0.2518090481032714,-0.01321369945310274,0.4379499824194676,-0.004364135107394161,0.20752256756079174,0.004964252172272922,0.22297165680954698,-0.007905283378018543,0.16188959105584155,-0.000338403861518144,0.06412129116038577
2021-03-24,-0.03335577229887417,0.7216571598238194,-0.048915460388185936,1.0326366322327307,-0.002286351121565343,0.2162782343825716,0.006490194769482918,0.17954405458853848,-0.01720690051627573,0.2548862653379291,-0.004734830342301335,0.38043764532814495,0.02648078262623164,0.2168334867045461,-0.01487753811328692,0.21642954764327463,0.007939211227269859,0.1522590683315088,0.0031959854787835763,0.0651079783849663
2021-03-25,-0.020025540359275167,0.6182797398538572,0.0016803000313304933,0.9311424626990236,0.0056864759890105,0.21710092757083743,0.0006181999622636926,0.17823672982696198,-2.0125705130822516e-06,0.2511446536633999,0.03320293854286746,0.37706134558803894,0.004002097807914623,0.21687521565354803,-0.01509058090313506,0.2222787420038587,-0.004167335253993314,0.1524306056896985,0.0004598925562811447,0.06487678315795503
2021-03-26,0.06383682729278158,0.6521464567672105,0.06474810416307261,0.9506576659809837,0.016042826631604702,0.2212129505929156,0.006969418668956459,0.17856259840209798,0.015068558365984343,0.23933560791845016,0.013683149375976707,0.37952697529408314,0.004089434192991527,0.21330881472198035,0.012201056482068455,0.21733814195714496,0.0037715647568456324,0.15318211537052168,-0.0004515920271119034,0.06480018829385607
2021-03-30,0.06809104750747184,0.6503261816848461,0.08251704628732913,0.91707002499197,-0.0022549156839858898,0.20184952597473396,-0.0016382027585060289,0.16125383396284365,0.010807521411264565,0.23823367504874748,0.042811168466561036,0.378861256632157,-0.01706864619750146,0.22368427470375832,0.024794163954752438,0.23364958008934592,-0.026503399241604223,0.17261774658739998,0.0017763033520507663,0.06504290079698663
2021-03-31,0.009642706929676887,0.6475183064648542,0.048055689018539724,0.9224481245510088,0.013239301074503355,0.20537263885317586,0.011772931594639019,0.1629407627067263,0.0029478986165432665,0.22101108058626645,0.006180353442187989,0.3778034502718005,0.021600511359590752,0.23401643417918522,-0.000831816863347229,0.2112898257727442,0.027223957093461162,0.1929016595350599,0.00962334748208354,0.06371532855520533
2021-04-01,-0.00029842283291847785,0.6062983477908952,0.02695118836260573,0.887179563053835,0.008458174716067662,0.18150570304108374,0.007583066072234718,0.13932155611064814,0.016174712034635084,0.21352456733157446,-0.03981775245186955,0.40309482013601394,0.0042164755812528895,0.19487414080663493,0.00865519763248057,0.19914817192956333,0.004085426392276909,0.19320139662507052,-0.0032976557116065407,0.06103875251755115
2021-04-07,-0.04902871298576221,0.6250583041266323,0.0007657538346988481,0.8592958541759594,0.01874122380186618,0.18461013805875418,0.011753388973716947,0.14378581711866575,-0.005071170661828138,0.20692142264947466,0.01748077432014548,0.4043290378826325,0.00879568666501001,0.19200565300190403,0.0006520901985334206,0.19770696091170115,0.011752426243533917,0.19744464361555703,0.0039060952823123897,0.061153901012386123
2021-04-08,0.0521144233201225,0.6322413479732358,0.07022792391142246,0.8708238752041476,0.016538498556487497,0.18072170983980448,0.020810262873306465,0.15505689401253903,0.024972060032959383,0.20466870743049265,0.021540698446969726,0.4098228030419755,0.02943938724281922,0.214267964613518,0.01601450832383239,0.1913284445000635,0.021878178933625377,0.2065516154681754,0.012326747615895623,0.07427356859196108
2021-04-09,0.0005656818700877137,0.6031923294796977,-0.005994301177486887,0.861184000795818,0.009610519841890023,0.1609118403120927,-0.0021385822635038494,0.14472453458976234,-0.00977784082368593,0.18356916597548095,-0.011669903125112794,0.4126876431832493,-0.004502531806478995,0.2139044751598781,-0.000701914934458759,0.18247102138152607,-0.0057938716446061045,0.20019712717394322,0.0019202317062023122,0.07088637876419639
2021-04-12,0.03038751540755501,0.6074294899942897,0.03441533117248769,0.8612366845608997,0.002282533846891095,0.14826970738780051,-0.0014135618841199036,0.13551734173926386,-0.006010466400328222,0.18484682140269618,0.03218047643801475,0.4105194596859509,0.0037613865289252914,0.21380941008126902,-0.03348600089560857,0.21612821902865173,-0.004486483389182629,0.2015613902561053,0.0024786319216306874,0.07055994852204801
2021-04-13,0.062020289258219126,0.6033948480583246,0.0755454778752741,0.6673653186601748,0.006782217685013835,0.14406225672329445,0.005865986450981169,0.13577991409564868,0.004546054445850886,0.17215430630167464,0.01683838657894024,0.38690771329992724,0.0036853962310842542,0.21372031910813,0.01695827815265151,0.22487587872202525,0.01212033477477776,0.19780401547115703,0.003493145807951496,0.07095909790558184
2021-04-15,-0.0025197024428348547,0.5865049806996702,0.09182020881431706,0.7223402856353546,0.007404981669748834,0.13800050970809039,0.0032544393275822543,0.13128447623083447,0.00977570676991972,0.17102729145481646,-0.001762484500926355,0.3644678200939316,-0.0005771734342386009,0.2103794608844779,0.005738555258568962,0.2214889978421832,0.011403321590485292,0.18300740034216695,0.0004679845893594874,0.07078779965822193
2021-04-16,-0.031875828372407024,0.6019021788946582,-0.03920535740302752,0.7163312304130182,-0.0003868831073204934,0.13739391232829154,-0.00033798164935786983,0.1297205806324575,0.002278915204347017,0.17011674995015097,-0.007300547878974335,0.3645000202804652,-0.006732643845957804,0.1903592551422469,-0.001496034869711862,0.2214017902093733,0.0036848947526682313,0.18117281983289618,-0.003989206497838464,0.06618238096140516
2021-04-19,-0.10200407148232009,0.7045455916365747,-0.11792244086947053,0.8475048296174048,-0.007520425058756887,0.14237983114915734,-0.011902804559598695,0.13827520083918574,0.0030215521683144616,0.16659071193082392,-0.008900897487520817,0.3379402103409225,0.0029691998168763383,0.18889210925959138,-0.0200348174738289,0.2286455898889295,-0.007610623983615678,0.18370901172165838,-0.002199735164998945,0.0663807613349297
2021-04-20,0.0175631366733975,0.701228435004387,0.07720515725510665,0.8781936793702908,-0.0026099248906463765,0.14354548841730444,-0.0040122635076399035,0.13985585049664762,0.0045285242707151785,0.16660819436496743,-0.010298000409545446,0.34141850159693315,-0.009416667596426427,0.19425713138480616,-0.0001848548946517158,0.2278573983487661,0.008670502506362412,0.18454846778580644,0.004215636114431332,0.0671164938376363
2021-04-22,-0.0797659765584165,0.7541773320692462,0.03831749348562931,0.8816688425330309,0.007345335789516761,0.14165773784692184,0.0054138098376339,0.1373033739006214,-0.006192496532820732,0.1686128195479425,0.005630939297038752,0.34026926551361075,0.014302710396498665,0.19765631076268952,0.014983093943018387,0.23383997247002306,0.009527533525565115,0.18536930027530896,0.007335652730217725,0.06866722000276833
2021-04-23,-0.017489702349883715,0.7425858759775198,-0.021249000862502646,0.8906489655295694,0.006381010230851813,0.14185824317362083,-0.0008443217918257743,0.13771888111291666,0.006327278194113607,0.169405051419668,-0.017476857342763687,0.3397498368824575,0.0026086989706954364,0.19580414930252577,-0.008996679758883491,0.23155459648775661,-0.006849117544524695,0.18777723490693768,-0.004488399664679274,0.07189804019635246
2021-04-26,0.05274448274783113,0.7664306509699974,0.0668270566353719,0.896407828650107,-0.0012013790304637234,0.11924716912434587,-0.0006375224883387458,0.12330502369127978,-0.007185181192497612,0.1694896557234725,0.003783959372172592,0.32552199735048715,-0.010012302525836026,0.18484176741972827,0.006984621864156692,0.22627020798142172,-0.0017448151372999178,0.18824461587035538,-0.0029820635950462875,0.0718518329779201
2021-04-27,0.017837486681745337,0.7676433221535488,0.048702712006944954,0.9023809948930837,-0.0009257514483525172,0.12092621978378318,-0.007838471412772585,0.12143745804761612,-0.0011008882162240807,0.16577536273020863,-0.018449296781558235,0.3317203885852139,-0.00966889698446544,0.1905087376838121,0.010824027903232848,0.22108969239755913,-0.0013854930054560254,0.1867561237021055,-0.0007108324669082344,0.07113560577850712
2021-04-28,-0.007006072463602634,0.7249958685510818,0.027669211152516436,0.8333493809234873,-0.0040577146772623005,0.12456371376265862,0.007052319405756688,0.12131540701407144,0.0014434601292290673,0.16286753836370782,0.013522379470268376,0.3180654305016389,0.004987077572481723,0.19015727549067837,0.01111886171896853,0.22284800215795636,-0.0059151578295453915,0.18687142605447957,-0.0032118170898662074,0.07077182218346284
2021-04-29,-0.02696523420348509,0.7316738221160606,0.0002792128545595129,0.829834871147763,0.00320448115835058,0.11646446192502886,-0.01713345349759992,0.13426380310544234,0.004423300682448778,0.15298804903880048,-0.032033733967201744,0.336654996721086,-0.005067138768653171,0.19052795444420534,-0.0014958320728161185,0.22282260684262215,-0.006415846836556811,0.18590861507955797,-0.003535560378351867,0.07260765395228111
2021-04-30,0.0726392174709254,0.761906644262356,0.00312995292838495,0.7901563178115303,-0.009996683667156317,0.12510486899024775,-0.01264328002680332,0.1421327848625401,-0.02259127923953571,0.16258965370491968,-0.013521765980382789,0.3404192608178023,-0.0077461862625013535,0.17408920488853985,-0.020645495478644332,0.22897869641012997,-0.0032284943015945837,0.18576939639001477,-0.002775970250036594,0.07353623627593152
2021-05-03,-0.00971573892267963,0.7584245739804998,0.21272409267087253,1.0110721605608322,0.0025959557513422766,0.12516789297672018,0.005562530768879249,0.14300407031697365,-0.012572252974572064,0.17047582136936934,0.02167021063200305,0.3293374047840893,0.007326613935604868,0.17504473665578907,6.012582912147674e-05,0.22125152443260532,0.013396098946999387,0.1884783516880354,-0.000148365898169781,0.07361949525564387
2021-05-04,-0.07347227587731615,0.7748972421727918,-0.05658441170013637,1.0560898963887255,-0.010179377143386072,0.12703888056163246,-0.00470960877791725,0.14280450422783483,0.0034453208040537884,0.16361254734157243,-0.016410157549763698,0.33194107822635327,-0.0025710970992708546,0.17544876766053155,-0.012929263878538287,0.22370440652319645,-0.012225037228479702,0.19539634488573973,-0.0034786396535391078,0.07507319658073916
2021-05-05,0.07310311802911316,0.7806835619393253,0.07868628141189742,1.053845066530142,-9.075199825010362e-05,0.12612423151249774,0.007215700318195488,0.14429654674986328,-0.005411132633823241,0.16118085750730535,0.015643997838648137,0.2997712582311808,0.008977274198928983,0.1636210806883457,0.007542148536554706,0.20776622702367614,0.003869051156412204,0.1656762343771388,-0.000793968445363632,0.07517841926951808
2021-05-06,-0.01777727245289678,0.7819507407977955,-0.008819579055298777,1.060943501192025,0.00841012060337702,0.12229576539378978,-0.00343752805636471,0.13963887724068394,0.008127223809853167,0.1632065640347681,-0.013396475222275222,0.3014441021064118,-0.009376050795896037,0.1533638119869064,0.007567596981585695,0.2094042813309391,0.01772466026272355,0.1511117732978685,0.0002778211047450593,0.06776605971673973
2021-05-07,0.014377965735569521,0.7839688834103142,-0.004262810303498428,1.067098001248195,0.004847160373320787,0.12085716239015035,-0.002386885615593106,0.1373895959564479,-0.0035889757974319624,0.15355713477760274,8.015886857599973e-05,0.2682971905142976,-0.004446431591869718,0.1541576103724666,0.004157909357775129,0.20772679523050044,0.006056822914408373,0.151448378643733,-0.002499131045865617,0.06729727768720836
2021-05-10,-0.0308627781321456,0.7724323847349606,0.12148264687967879,1.1104044738404297,-0.01491370914433031,0.12088368828295179,-0.013425918167005123,0.1376602830527504,-0.005282022254459074,0.15364113886340822,-0.01269967276638656,0.26365809340436885,-0.0006512339208279664,0.15143086274448578,0.00358603415980189,0.208068900955526,-0.0009341423688648784,0.14863239482543544,-0.004423228641192215,0.06780579225998824
2021-05-11,0.017867117292037923,0.7519967809922338,0.05616552167312532,1.1055218083818155,-0.0058545901940328824,0.10922237975449751,-0.003370205383031339,0.11172564930339311,-0.01773112916401044,0.1351508851348716,0.008930354117303453,0.2531379459454016,-0.005244862330657888,0.10926743192340253,-0.0032919080712778648,0.20025743330419396,0.0019860456250608413,0.1307973181448143,0.002857159947748784,0.05197312205578089
2021-05-12,-0.14466792312892546,0.8997279881953969,-0.0980352228556174,1.1885822209870702,-0.023383558714190726,0.1305633595818638,-0.010137904956041789,0.11482031843390218,0.006418962860567929,0.13559307820076985,-0.028711749332657147,0.26766075670632783,-0.008953784038950367,0.11196366250623761,-0.012141775182340372,0.20417442035947278,-0.008971574453350038,0.13347107090798635,-0.0017007763558881967,0.051286985291076385
2021-05-14,0.01569395720701253,0.8930717809976993,0.07554669682245103,1.1998889264332968,0.027858265478871304,0.1653642781965577,0.02033554153528477,0.1401702840767536,-0.006350784994450619,0.13573801015172474,0.03535521748344016,0.2730871154984866,0.010962151694895448,0.11880989897261372,-0.0003223929714753433,0.16703952174093667,0.009310431425412925,0.13440314095790873,0.0009508423371536358,0.05033833741041519
2021-05-17,-0.13827070563686245,0.9580197347783975,-0.21955452358422262,1.464698459222157,-0.004796019048840802,0.16397482591843074,-0.0014217757963052489,0.1373841187401492,0.0035708172529760143,0.135222385053929,-0.0008509431084527552,0.2637466753662372,-0.007696778187504945,0.11948528168098815,0.014314828919117412,0.16395640274509926,0.013714248386992022,0.13601578176339005,-0.002262760864879064,0.04801116383040316
2021-05-18,-0.014657504030220293,0.9562980887145,0.02919670663243278,1.4396242472815521,-0.008679342329624952,0.16323566882903043,-0.0025587439385503664,0.1359647824292677,0.013833903548206305,0.14018261201266807,0.0005955409475566691,0.264088499860447,0.006537690849569743,0.12283444590342688,0.012191703364380978,0.16814659490812914,3.508586510495227e-05,0.13185379196681038,-0.00012556994559205,0.047810559458180475
2021-05-20,-0.051470982710161206,0.9618469107349741,-0.19454095365783042,1.601848922660101,0.00691275504089558,0.165866069686653,0.0070524834350942905,0.1397610130221484,-0.005848584303258366,0.14028105501409263,0.003989998614117972,0.26497025036945515,-0.00033471829242622133,0.1213094839752167,-0.014102762760072917,0.175596400214796,0.006828575220324536,0.13293831600706188,-0.0006389224822345777,0.04667957341549991
2021-05-21,-0.09188868940325251,0.9516423529060936,-0.1385963616814031,1.623371975237419,-0.0035330606417132058,0.16454243675542876,-0.009322413914653464,0.13774891943941997,-0.002797356330389893,0.1391822200770483,-0.00868044629934465,0.264909757741228,-0.0076426211808071935,0.1224197530621601,0.015153062965838654,0.16721596781951267,-0.005462774807539322,0.1312389132318818,-0.0027488725664605368,0.04690031201219496
2021-05-25,0.026455492926226214,0.9565630087507914,0.1050162422836436,1.641822065406632,0.005194199122084384,0.16584348301907456,-0.0017113970943721088,0.1375483237597571,0.01349582252166217,0.1477808818322554,0.007703292369083395,0.26601161065411416,0.011937288385867674,0.12743648785499997,-0.00035863891516264195,0.16724090419024787,0.008797730721126364,0.13132344029066811,-0.0025407529583030305,0.04313137244178758
2021-05-26,0.02252624848549785,0.9411116750972834,0.06466690260767852,1.6509068587791116,0.001439740223339821,0.16347509259147242,0.009971832246664064,0.1414344933662967,0.008113069932587017,0.15057600453484413,0.009961975180978806,0.26802501623322295,-0.00393233394514519,0.11575934477253971,0.005661083306385957,0.1608575058646164,0.0012491981111320378,0.12829365348978747,-0.0004353173272705117,0.029843847504369744
2021-05-27,-0.023877402599739,0.9416008961500915,-0.05595081755529323,1.662741048872327,-0.0006555854383411281,0.16128053157581893,0.00510643962499154,0.14334437515282433,-0.003593851828296449,0.14838890640626795,-0.0025727283951868505,0.26205372209769173,0.00022694989891989804,0.11500417179573752,0.0005557747522924308,0.15658628862461038,-0.0047699722349728215,0.12679842682435297,-0.001820221528204043,0.028065754061194034
2021-05-28,-0.07379166499689103,0.9286382022849808,-0.12280229216984054,1.7037486895812097,0.0009130329574386004,0.16146700747624546,-0.0008792391351712625,0.14333159290462624,0.0002073453199480553,0.14701406096312067,-0.0040087854129057824,0.2615603531106981,0.011661986999269187,0.11931905693777316,0.006500636767070532,0.15638697334273582,0.0037251195501793225,0.1264392686092088,0.0001444465045513571,0.028158422248977057
2021-06-01,0.024584780411870084,0.9324926285264582,0.08189437731622244,1.7203890770947632,-0.003189990542940797,0.16160487305836682,0.0027317708142598706,0.1419878745176571,0.009120931736651358,0.15124544403920193,0.014492670550032366,0.2597303118567077,-0.007978895971775209,0.11781876588055043,0.006280078486672045,0.15378660438409575,-0.0024872953822674126,0.12684381561467042,-0.002697535784311669,0.0283766095688156
2021-06-02,0.029039033997692903,0.9474593962785982,0.032258254771529056,1.721460469087021,0.006507134332279198,0.16349198539263154,0.005508882868034801,0.1410010788762786,-0.0009693923408929887,0.1510562671104286,0.002500371490848122,0.25524362111547333,0.013934185531131323,0.12674064361629844,0.005147957361059827,0.15038546098118177,0.007475678316105977,0.12514805216448152,0.005061245295378921,0.035647394522675215
2021-06-04,-0.015690283428070155,0.9470852576306809,-0.004054245335777018,1.721459519094757,0.00775348721465254,0.16565091005859753,0.008637104636883967,0.13165013445885074,-0.010599777433633576,0.15350454894605295,-0.007719615612556115,0.2301410047961325,0.02497591483364149,0.15185772544552933,0.008613376386976809,0.1522393925835376,-0.006728968084680519,0.12542926839967417,0.0025934868876854107,0.036702368425922914
2021-06-07,-0.0965470274032979,0.9228279918168381,-0.03895353330923703,1.7260396533266908,-0.0026400853127886703,0.16232611675058112,-0.004118843388757687,0.1241982168592172,-0.006489230194324045,0.1345626803379786,-0.0031246168784641436,0.22486701357053726,-0.013848543313661345,0.15785520830287972,0.003338107151886524,0.1289815180305731,0.0018542232639508513,0.12380600575916914,-0.0018430290433670937,0.036214728356653625
2021-06-08,-0.004004341837344595,0.9243571175046298,-0.029894048625130346,1.5363524834639162,-0.001201557224445498,0.16201667734311043,0.0010518186249168025,0.1229484316312313,-0.0013146758902494748,0.127524810848275,-0.008848953083330034,0.2142641800514993,-0.0014946322690949755,0.15644796373962064,-0.0021101418700934797,0.12976623042172436,-0.0038047008020565916,0.11914454289822285,-0.001376566773886805,0.03619693117528051
2021-06-09,0.11175007851320409,1.022825323867334,0.03772002271677063,1.5393660937114473,0.00045044354045093273,0.15810424326440167,0.001142902604665752,0.12149732511048465,0.0010318276547621504,0.1269345498562447,0.0011565725440476093,0.20618328807355182,0.0016909044505152954,0.15601561164538558,-0.004401243912007475,0.11986223885439119,0.002804321906445995,0.10772287399578073,0.0022759761310665325,0.036386735088040585
2021-06-10,-0.017217794984859654,0.9683901528977119,-0.05371634136557644,1.5101258688657635,0.0047784027847316305,0.15894163514276716,0.002758001879671005,0.11947796711295534,6.471272595197613e-06,0.12555960772830904,0.006706227145264942,0.2001291936024581,0.005539687303694489,0.15422265681465352,0.006664881527102664,0.11948516859630402,0.0006650147817926896,0.10777750554263077,0.00013694800826865032,0.0364539307339547
2021-06-11,0.017437453374981014,0.9778838549365028,-0.04844509852390876,1.5135263967367447,0.002316413891803254,0.15640343927144698,0.0030095935729941713,0.11885332074490229,0.004020526002667785,0.12297710018605934,-0.005907781579876159,0.19541962475328384,-0.0006795967231870557,0.14990606346758711,0.004276365313248202,0.1184393361432876,-0.0085388311482234,0.09853314897835826,0.0003698749589948741,0.0364805410965677
2021-06-15,0.08137505733247252,1.0336439750981126,0.10599649379152608,1.5742841254460298,0.0021050462152327597,0.15562046018126013,0.010869049236096152,0.12309147843958598,-0.004585711500743476,0.12336838810320093,0.008125035567105185,0.1972337176283948,0.016109798255857313,0.1569500338816981,0.006719709004689145,0.11912802640453699,-0.009967526193061389,0.10384035261362826,0.0023052097843723634,0.036973781746648296
2021-06-16,-0.05006984632246773,1.0390258261337415,-0.09556825121685765,1.5173992124527471,-0.0031675184733503145,0.14661444646559368,0.005889071451040113,0.11121875747502137,-0.004691187603202132,0.12308280012556615,-0.007108890013641504,0.1933313758641706,0.006493878100119449,0.1572953685033031,-0.004192070925291702,0.12163813856294704,0.0049297017091555085,0.10492707101220039,0.002237185273676315,0.03470289556265592
2021-06-17,-0.001169864969744023,1.0328483775254416,0.00834556513112433,1.4942884053004415,0.006079085274252221,0.14599107243399176,0.009759433462052108,0.11192328951415963,0.010769115962578738,0.11107716639538101,-0.0007481794684533633,0.19125458710073512,0.011907630684492732,0.15789088752815345,0.0016736940411771085,0.11981262871981144,-0.040668573077435204,0.17707363210035848,0.006514895817924961,0.04031055486446304
2021-06-18,-0.05559649999999982,0.9377745646192348,-0.05515073030655663,1.475741275881934,-0.007406264295547459,0.12065656357701189,0.004069105368119732,0.10116234302778557,0.014431709507433813,0.1190806899940646,-0.0008035618918243348,0.15912282564962707,0.015035190379993289,0.15628229327286208,0.005291890080064207,0.10688338685254495,0.0024733412435891536,0.17536123345574223,0.005805091391736581,0.0440416867562531
2021-06-21,-0.12349290064540486,1.0029170472135915,-0.16850592502453374,1.5088544688419028,0.012422653219095695,0.08524625039299574,0.014772404827475398,0.09096292287748735,-0.01236077648198599,0.12570466799402202,0.02273185018474784,0.1288200207962558,-0.012754072435343674,0.16516782347725303,0.0025359929061963536,0.10599586148256508,0.006349191075520826,0.173482105281592,-0.0014825102932240518,0.04457783418828564
2021-06-22,0.02571573492186046,0.9190369425379462,-0.007290349337899192,1.3552315814052278,0.004994093691458037,0.08354671975759673,-0.00436037581747678,0.09347822595625867,-0.0064004361924794965,0.1280658133740911,-0.02037874469549435,0.14911697281467967,0.010440052060948564,0.16184320820363546,0.001548336467759508,0.09903250803583327,-0.003208852683384715,0.16506653394002424,-0.00011731268753260976,0.04353958024780753
2021-06-23,0.039420439043696916,0.936992958140229,0.06207386395245768,1.3767526708959221,0.0015698933694342297,0.07491864443186187,-0.004007042320692768,0.09474868819640402,0.020605684599289107,0.13851678257080446,-0.01121601025667274,0.15442480320927574,-0.005955095692031955,0.16530124726703302,-0.0028008346545370915,0.09541363160213515,0.006025879619510211,0.1672104968567771,0.0026537638880837636,0.04405506854414959
2021-06-24,0.026327535151667993,0.9331794777679259,-0.0017916877633439752,1.2310845420626242,0.004646264839941411,0.07343622729642248,0.0008185875948196953,0.09404208605380175,0.0009445894614795605,0.13623099228823748,0.008905075648321803,0.15701349101567003,-0.006926659630051349,0.1688118998414546,0.005428005607469358,0.07430700485610826,-0.004914476921785279,0.16473004407296915,-0.0011481647059753608,0.0442827071192442
2021-06-25,-0.09206729945444138,0.9333841839270579,-0.09301848095551413,1.182777609325547,0.002562417684508786,0.07076737126605924,0.0015321186545377227,0.08309114761102364,0.012962841088176672,0.14100032115181846,-0.02898066663685001,0.18457360268414272,0.0027140488911956955,0.16412080371161897,0.003654274669318091,0.0608626051680652,-0.00019961409671893733,0.16438684617301497,-0.0007626454801786928,0.04286734112477389
2021-06-28,0.0850081391655137,0.980736697207216,0.13740631835149703,1.2280239200012701,0.0026181776015089656,0.06993588682035178,-0.006374665576023436,0.0881600613089046,-0.0005638660758063983,0.13500298891681806,0.00221384473414008,0.18231111764719088,-0.001492791641881747,0.1622798709014092,-0.002576471094138033,0.06279396915556353,0.0019930833604893568,0.160474613839691,0.0003058887410372234,0.04121118984627807
2021-06-29,0.04176025568314154,0.989589494879847,0.03923578973050782,1.2111527236114823,0.0012524323016896198,0.06995923830994899,0.005669178426249207,0.085227071818703,-0.008276491512208481,0.13675195840130697,0.002084876983545612,0.1782461208854659,0.0036480950176026677,0.1602366493197763,-0.003222804903442776,0.06510823022383648,-0.008509989987019117,0.1614065539675722,0.0009751345590016888,0.04092769745635738
2021-06-30,-0.023295624702587343,0.9894397454309602,0.051346899234307894,1.2200617237554288,0.001356856686172289,0.06932900003114527,0.0047920958634437025,0.08513738434548869,-0.0056504415549513114,0.13774356487235317,0.00203152551266813,0.178625698022211,0.008911616502866218,0.16083274567791236,-0.0016831795729262975,0.06632744002073165,0.004557546028281762,0.16308328361461918,2.9578263265159066e-05,0.03983216847419025
2021-07-02,-0.02972729463383122,0.9612909472676316,-0.05283567035716698,1.1595054106546732,0.0161390673805499,0.08439031526697392,0.010038045719415389,0.08722287947776775,-0.014335819393096564,0.14713340639060424,0.027905419238177374,0.20487489281518956,0.009238283238599454,0.15957342445695688,0.003503466498631734,0.06468426509027803,0.010100439622426086,0.16743842575620077,0.003458930053603556,0.04053479385175184
2021-07-06,0.006873899564575359,0.9572405605296184,0.0750431570868492,1.153305156368848,-0.005076323055503833,0.08632356050432563,-0.007540885596257491,0.09529699155250757,-0.011271828638063289,0.1479663049006254,-0.014494599633803604,0.20398524523055694,-0.019763318581120987,0.17499709349224749,0.003038177724981454,0.0629847642876477,0.003043638685998657,0.1682860755754076,-0.003052420285482118,0.04098142854788079
2021-07-07,-0.00518656157927167,0.9505294920108436,0.0018687146426340261,1.145797449072557,0.009324611624692492,0.08838961969336238,0.015041246323487058,0.10375021707353412,0.0018942902803562919,0.1483260359149938,0.04201385122701097,0.253020752498726,0.021280423271368514,0.18235715780398282,0.009845368192258468,0.06792097300965849,0.010421898286840243,0.17058884513205988,0.005971265071029666,0.042169259347934744
2021-07-08,-0.0285229535947164,0.9535980139422013,-0.08726225437911005,1.179591710624357,-0.007809056066308666,0.09388928547697611,-0.008688771260871461,0.11010147628759093,-0.028393589983471437,0.17357617869445643,-0.004929619284003999,0.25203466303376143,0.00417915818972598,0.1650101062943206,-0.008813384796129722,0.07361410120816647,-0.00026642184426580655,0.16955467484048903,0.0007888249432478468,0.04189707279403066
2021-07-12,0.0039954928157507575,0.8927727721247555,-0.044526325903526835,1.1814620772909907,0.010221062873435185,0.09615138598866912,0.0013093074985274461,0.1074566514703231,0.008728883460782414,0.1763719070152135,0.01777347716072141,0.2582286755737878,-0.006271818378408009,0.1574153816779022,-0.0066859870902554915,0.07819855964482644,-0.0011658384076948382,0.1691952224463516,-0.004438995724572896,0.04507447219980853
2021-07-13,-0.013094974949873635,0.8938981053991917,-0.047922821251130905,1.186843468637293,-0.0028358997052387153,0.0971633901882278,0.003202317774761205,0.1072408132731745,0.016730672092949105,0.1868232929184677,-0.011161303754157043,0.2595533382493859,0.0017088098585032428,0.1566662938108268,0.008289128281006858,0.08147980874373165,0.0028448618429606823,0.16953627214973288,0.0006871114759268984,0.044250495720652136
2021-07-14,0.005246333259039637,0.7970404135137252,0.02915127596570386,1.182749594167344,0.0027379899880785536,0.09682083764364079,0.0007315848881645851,0.10734159156019348,-0.004776950144464208,0.18741961048642522,0.0014434977939168049,0.2595475271536591,0.009878080921987784,0.15829850128271866,0.00420117080091359,0.07926454378401088,0.009774799897639463,0.17319291099295586,0.0015737334226090186,0.044085847960089346
2021-07-15,-0.03479764554505847,0.8027251320447659,-0.04513840171948901,1.179277647782309,-0.005815750750961984,0.1009618841987623,-0.0011775339136417661,0.10832103032041873,0.004939508964887738,0.1883597262411281,-0.027968173630909296,0.27827917296077237,-0.010252106424761894,0.16502843357342345,0.0018731068432478062,0.07723084722624503,-0.00030327493751111965,0.17313069704232584,-0.002548177188216032,0.045763695920690635
2021-07-16,-0.010455137104456098,0.7983114422715442,-0.015331742609570827,1.1716848254978778,-0.00665602125278291,0.10561699100558923,-0.0031012948238619722,0.11024221694528989,0.001455113494734068,0.1878355391873466,-0.003111232990394,0.27768988010869966,0.010273606607221162,0.1665273683494225,0.0008611667558918891,0.07659817162766837,-0.006719939403126084,0.17220857152711203,0.0009113937540303885,0.04571437073808667
2021-07-19,-0.01812915120958098,0.7307158133722846,-0.032854436075911576,1.095145723795754,-0.014725801951376235,0.12022662464265509,-0.009559373902253247,0.11345065105616806,-0.017274772990742617,0.1963701456635498,-0.010175294610084887,0.27834963358860515,-0.002895688061043222,0.16096677373950374,-0.009526011122934025,0.08269673073116483,-0.0019306400373022608,0.16894230659886691,0.0012709794486078707,0.045477574737103836
2021-07-20,-0.02850509865418042,0.7202905648126136,-0.011692566913477283,1.0565329343826446,0.019882263084831812,0.13553457363391372,0.025913988264496413,0.14094778130365446,-0.0032391140750891207,0.19608838572372703,0.03903195802761768,0.3090858438486394,0.007216549322735514,0.16122032664156077,-0.0028328349075974046,0.08183740091324618,0.0060491016418423695,0.16941906254748754,0.004833457080032048,0.04726836878934915
2021-07-22,0.0733139732455827,0.7769986428220601,0.11744183016624514,1.147134291344365,0.0028186928778674864,0.13481713340466886,-0.01366364543641796,0.14891118692153554,0.009747958272567225,0.19535266099192955,-0.013658777706677061,0.31349010992512893,0.009105387110471881,0.1594173359869456,0.0048004668710086166,0.08303927633411767,-0.010667368955563397,0.09439361652667226,-0.007403987993519395,0.05143230314348254
2021-07-23,0.038662482115159325,0.7719067153982071,0.04815538926971196,1.148465412348547,0.010252872229508976,0.13314362892237291,0.00428132964195666,0.14896090896243452,-0.014669084896966887,0.19245668775446592,-0.006183334659194343,0.31441471348327504,-0.0025438442745511834,0.15316609557159913,0.00217873619855355,0.08160368647446153,-0.001837898021257299,0.09485614437033109,0.00015853984325474643,0.04752024474977571
2021-07-26,0.10598058505858314,0.7282818173666197,0.049801797008973185,0.987941746237855,0.00233765913537247,0.12851174442017177,-0.0009229471470209552,0.14092797882311728,-0.04251534388203466,0.2357192998543147,0.007207218374642127,0.30514610507084683,0.0016098427101224914,0.14424465405812503,-0.0020366017981517225,0.08180804447814967,-0.0015417071022435656,0.09319508074781141,-4.170778735719779e-05,0.047166202557697955
2021-07-27,0.05179947954312265,0.7417459863748931,0.026530741883049574,0.9882139355156744,-0.006866957327091477,0.1319829844466541,-0.003917490549819523,0.14073726973937462,-0.04401808393600602,0.27391550273669446,-0.01759019106010177,0.3029536650186233,0.00014629177508558507,0.14111930490691116,-0.007084643135197199,0.08569561599304124,-0.0016986800134112057,0.09255283113644329,-0.0021433739449136587,0.04785269265850379
2021-07-28,0.01769548879700006,0.7343995650116772,0.002082067111404294,0.9699067767286585,0.002674083048991821,0.13201347658154453,0.009756534066377824,0.14301384461482022,0.01866375648493448,0.2716504984904467,0.014986594941446413,0.3042662531777287,-0.0012094765001592564,0.13885319107312719,0.0005046910060196218,0.08508772892057725,0.0028603622805448412,0.09089978899200345,0.0028603622805448412,0.04799680377543627
2021-07-29,-0.0011955600134117331,0.7320399993195177,0.03458798635021273,0.9739600578582497,0.0026888981312645148,0.1316664305912906,-0.0031875416869186373,0.1438686421890467,0.03073092214075271,0.29899878512894085,-0.016918661762048287,0.30924527577312033,0.00218621724808815,0.1351460799227345,0.0028773794860483207,0.0835492304979928,0.015954180740712597,0.10298813495172668,-0.0015084337140081204,0.048131723455436405
2021-07-30,0.052315413205094835,0.6525890472505714,0.033627965604696886,0.9036218006947518,-0.0072775310557846315,0.13527898273425917,-0.008678121373128428,0.14781967009408534,-0.016756846263825217,0.2951479308995701,-0.039915758238487954,0.32415049537220886,-0.00777788234833736,0.13952774696239834,-0.0028333335833316043,0.08304929218993091,-0.012066015269732912,0.11323628435011344,-0.001856817447523463,0.048524076632806154
2021-08-03,-0.10058147308698856,0.7114429869735827,0.015319789620194,0.7860535843635377,0.0074023123826740065,0.1368733542872832,0.009071295733590536,0.14823714931932958,0.010519343995604679,0.3000159463117355,0.03392480367137701,0.34535190766668983,0.016905964250339172,0.14838212105505658,0.024135663746263903,0.11788091025209688,-0.0003033295729604134,0.11326063599206211,0.0010768567138162667,0.048650720100535255
2021-08-04,0.03935982757602055,0.7099254669669733,0.08351545094512806,0.8217499633095933,-0.006226487723751266,0.139487994778111,-0.000790025823145733,0.14757970041385327,0.007655063676303132,0.30297331249271386,-0.011778184540548521,0.3481619126103094,-0.0026570327628217733,0.14944948767647984,0.006323563316744179,0.11819123598583771,-0.0013623657215797217,0.10839149058484696,-0.0015833370624558911,0.0488619560556279
2021-08-05,0.02742860716147401,0.7063273842570618,0.03659372683226043,0.8141763283297894,0.005577735780646537,0.14032349974777425,0.002773724811953098,0.1471067742616611,-0.009039933229377907,0.30338060446197723,-0.007308628992091472,0.3491130708621982,0.002509992496234408,0.14753904925005265,0.0017897017530902907,0.11763361775351548,-0.0033968220461001257,0.10881243007384676,-0.0004097502097725738,0.04887714483733578
2021-08-06,0.045162270334153695,0.704553241891221,0.02087401004864918,0.7815495948742529,0.0002979942562661714,0.12963862163525305,2.5595508927140398e-05,0.1433934066814548,-0.0022359211387829323,0.30134383701384465,0.023043195153204767,0.3445854650272164,-0.00045296723486415165,0.14538628880626242,-0.004843107720498482,0.11950477525878814,-0.02667803962943354,0.13962757397540612,-0.0013758702922626789,0.04732818015111643
2021-08-09,0.08514110687750359,0.749738398769816,0.0969839094704174,0.806508881382554,0.004570756965793942,0.12860496704389107,0.009205409819075527,0.14326898041522879,0.009968217228820488,0.3038211066957431,0.004691664051577326,0.3410003988642232,0.01435256609547157,0.12944020978237658,0.00674507630190075,0.12088903776538372,-0.015503603829562786,0.14757591487476795,0.005511107230748939,0.05025210600471487
2021-08-10,-0.017312491228973707,0.7549200579661611,-0.00863219012064911,0.8094531454798443,0.0006538371174979629,0.1250553476851922,0.002740839007172843,0.1344880257846074,0.01221920095857848,0.307971007014129,-0.00703993941202728,0.30661164645800226,0.003798276362901198,0.11161932044014716,0.001004656979986532,0.1169378741797132,0.0027901066283653013,0.14187833879983075,-0.00033834983636551455,0.04551076737374607
2021-08-11,-0.00022360118625251257,0.7410845530593004,0.006740914218744004,0.7214924635029362,0.000862568959421624,0.12120256209252446,-0.001939696942547278,0.1305057656922787,0.0013528010194516612,0.2932929027077166,-0.009957105333184585,0.3077719286992385,0.0007087507160285876,0.11155870697320928,-0.00028028341327036345,0.11152914603642791,0.012004430980156165,0.1500635606335929,-0.0004123617585938,0.04537548628755656
2021-08-12,-0.03036877239777307,0.7570914619319828,-0.043411524057314306,0.7202684092229659,-0.0003392111180938312,0.11659478678171606,-0.007078331668334685,0.1334968893437071,-0.01015558999164025,0.2926634255868892,-0.00989412324810914,0.30027875498401857,-0.008078769990355566,0.11344864167137719,0.0005556912735149103,0.10766569970078173,-0.005277170010337289,0.15060010696214196,-0.004477018853572552,0.045419921083776606
2021-08-13,0.07512731835767927,0.7791291749680761,0.08976855304938657,0.7172928304635316,0.0037238549596847535,0.11639307309851418,0.00305087528666049,0.13346145809540974,-0.0022297289741385947,0.284685593063144,0.012688499120881533,0.3037114022278444,0.011896485438902989,0.11836528565614017,0.01213201135582388,0.11136689059163807,0.016986707732839956,0.16346920508445426,0.002117838638761687,0.04605714854009839
2021-08-16,-0.03873032475356727,0.8026581555643139,-0.05174720707569737,0.7651572637572213,0.0020341066739912286,0.1162773207206561,-0.0025953965444695743,0.1339309074156843,-0.008508892836822312,0.28529824533464493,-0.018236226480116555,0.3084181744258787,-0.00997842375742641,0.12289320842313092,0.001468602065366129,0.11106685535968187,0.0059859078467352144,0.16080168317365456,-0.0005833155880030113,0.045626239449038195
2021-08-17,-0.029971912282462744,0.7989913122713287,-0.047020815098415804,0.7672503829438013,-0.00818845675501324,0.11826490836603194,-0.002695179981587508,0.13427118928708373,-0.017647518731477498,0.2880754268410988,-0.009544739390403711,0.2960211832457359,-0.007223924224611824,0.11959828852437913,0.002004732216081884,0.11106887318747811,-0.002166586581554224,0.16079018203261478,-0.0011027132478752314,0.04499237358669161
2021-08-18,0.005455886057694021,0.794234132001346,0.004828766498596895,0.7581835870763917,-0.007715733437572578,0.11915334170557622,0.004582817597060589,0.13437496315920122,0.008785409934886381,0.2909593462640252,-0.0011049983704441598,0.2960230729713121,0.013615885072718248,0.12308990577714955,0.0003335189526642275,0.11114050099023665,0.001184327433652242,0.1597973510187771,0.0030909194076816503,0.04629401030877793
2021-08-20,0.09735471665572437,0.8302094027511816,0.08553998752734182,0.7602894082218261,0.010235463486420389,0.10944844576925165,0.018776618804935342,0.14250946728674602,-0.039533337295025686,0.31335546075386816,0.0352625523799934,0.3211515008306344,0.01055665827818097,0.1252015996835622,-0.006297574693677884,0.10750497671602605,0.0005341373894733833,0.15984102170849826,0.0008709563395217919,0.04616417643661515
2021-08-23,0.0024675793999414182,0.8130928257096379,0.008066907216583366,0.7502772674948359,0.006769126539275349,0.089957039355959,0.004645085765328391,0.11397014498828523,0.008827281454194202,0.31688324098523196,-0.013156385336597114,0.2908536742603354,0.0030572409167781904,0.124095080661754,0.001070745552927828,0.10616548518909501,0.010669291472116533,0.16312640849255297,-0.0017185414451368073,0.042741775961584086
2021-08-24,-0.04048081273072406,0.8212172363699003,-0.04787083326322079,0.72287335214811,-0.0011412995978123442,0.09013364417662813,-0.012937125552186833,0.11280484347665844,0.021805288270440655,0.3262005779627118,0.020579870971339446,0.2982489579046153,-0.010617102431090776,0.12937425141848274,0.005102425321210548,0.10626659988734606,-0.0013058226246657051,0.15905135644536728,-0.002635918399774443,0.0355398191433198
2021-08-25,0.026484836554989143,0.8184986270550151,0.016925250216585603,0.7162426000492731,0.0027423720078106756,0.08403374916747919,-0.0019117115242502044,0.11267929605937496,-0.0012844146904455501,0.32379326452910495,-0.019680559175941574,0.3049238970260933,-0.0010535040202612252,0.12889422312627755,0.0011291047550259148,0.10632344560416074,-0.009158718381987303,0.16199663561881936,0.0005247146045596428,0.035610791160549896
2021-08-26,-0.04270670053474389,0.7776054411566355,-0.04000399776106261,0.7359325914645991,-0.006446352909971309,0.08732859265812754,-0.005228863733529551,0.11450826490470005,-0.01204550196642355,0.2926706602488979,-0.024744203115985217,0.31350582198138766,-0.009850828776226728,0.13479278832266176,-0.00046915239818971777,0.10569448285703235,0.001629985127476201,0.162123814093944,-0.0006044030823685953,0.03563323510391931
2021-08-27,0.04485487709386481,0.7733384684919842,0.0542220684578847,0.7473748090034714,0.00952451833205008,0.08885560088430842,0.015192191817167492,0.12367020830118271,0.0009212002347938417,0.24863058480979341,0.024840799114170514,0.3228362943670523,0.005631989481582011,0.13569555658137672,0.004852304785175487,0.10049967969706433,0.01427816721496221,0.16977278707786392,0.0007554467915978193,0.035076085714009365
2021-08-30,-0.05063193787222975,0.800888351017508,-0.023166650978873722,0.7586361493858974,-0.004634524621097386,0.09077695521266473,-0.0171800699738545,0.1357868728339202,-0.00373559796881099,0.24005367738593333,-0.026070813264683967,0.32862893509985797,-0.017432353041109704,0.1502607874637264,0.004497410286122946,0.10033791625477016,-0.013124250961363045,0.1757373565326776,-0.008931848727972003,0.044983986172423523
2021-08-31,0.0012084947413388439,0.8006181221259789,0.06174642731136293,0.7729395628842853,-0.0025126040332861537,0.0911427801801776,-0.0019168242819688336,0.13544914531012248,0.012001270247431644,0.21701906551455544,-0.013036008435366507,0.32680811446171854,0.0062689857117994045,0.15150509312588237,0.010647850578958274,0.10384656403513357,0.002148684186263121,0.16577804030444088,-0.001162577117392896,0.04491645697567673
2021-09-01,0.029343307450389825,0.7881681445221917,0.1048143597126666,0.8297135974258641,-0.005350706276674084,0.0893043732562545,7.902173842982244e-05,0.13144156556483755,-0.0010906153012614649,0.20970081649419733,-0.007002041937817994,0.29820324641867635,-0.01034891850845288,0.15356039398027083,-0.008933425262022237,0.11032581743684441,-0.0067097400701859045,0.1622967471987541,-0.005662346337627484,0.048050548948287704
2021-09-02,0.009633846352522346,0.6860327855687277,-0.011656298651592456,0.8369414908801472,0.0026797273187549237,0.08619197351683448,0.005371065301870447,0.12909606356817552,0.002071381816696806,0.2060461845707651,-0.016363277639978826,0.2736071066206236,-0.012497108026235248,0.14777784034710728,0.009045415515436733,0.0828641797247205,-0.002588624234826926,0.1624018824374359,-0.00015887843564918152,0.047627323728772986
2021-09-03,0.014991798490088675,0.6786557844644844,0.03965721242187763,0.8075579947398079,0.0006125832227196077,0.08281801561990615,-0.0033418083645546915,0.12973820407879927,-0.007008559637280642,0.20450234471631284,0.0025991538686066327,0.2726672745221589,0.0016658577786703042,0.1478695245115017,0.006124478494545051,0.08274455522354211,0.01314700486970479,0.16951212814192215,0.0009476704839009717,0.04795608066924972
2021-09-08,-0.07731398889758455,0.7394282940878613,-0.11475094420605188,0.9228237157369799,-0.00013057969359218192,0.08088933150638655,0.008268398621772666,0.1323440439207945,0.021056770888684986,0.2171526192497134,-0.028332035210236636,0.2863981396287442,0.004858372216976725,0.1487214739752675,0.00631471354617099,0.08389008496737353,-0.017610875405379076,0.17971626435865204,0.004590209572544807,0.051407036624806134
2021-09-09,0.01190489145309258,0.7256351822550956,-0.014794607614373113,0.9256079938564846,0.0008002537691368562,0.0809006303759814,0.007412091769838083,0.13431484086241965,-0.017704664893047832,0.2253401720269156,0.05123758687131082,0.332651848945836,-0.010640018645246796,0.1527864564628716,0.006323687192125816,0.08044557324334228,0.009151113151305611,0.1562754037823083,0.005416500919139371,0.055213033712193604
2021-09-13,-0.034866718939752586,0.6729509816326565,-0.045855791777779674,0.8837327416036055,-0.009072382121669737,0.08573403215083467,-0.006617141640688497,0.13342209091168947,0.0005137854471186713,0.22187162418700818,-0.008522732198699694,0.3322071950811508,0.0033467700112921562,0.14330096124771755,-0.004397151345550825,0.08315465609470649,-0.006602605454148413,0.1473530717865337,-0.0035937301817632575,0.05230180651801753
2021-09-14,0.04649642957105565,0.6908226867055494,0.043020164045347906,0.8946020211834026,-0.005538791173112154,0.0875905820754771,-0.007750738601294326,0.13594759790120278,-0.011735520459191183,0.21871077707200656,-0.008155794076606845,0.3323956180087971,0.0021524524247917326,0.14264050832887998,0.0016465623662771218,0.08304011566205495,0.00728645416943288,0.14876684781871985,0.00022442279314649182,0.052376579612084716
2021-09-15,0.024249260349150682,0.6954832354977776,0.054346562219636886,0.9117607659490591,0.00993295325672146,0.09474808150458386,0.011622546737741185,0.14173256102329887,-0.017034411204226864,0.22370401243975604,-0.0032571568862040535,0.3314811820957815,0.005409161063505958,0.1445231893905209,0.009486186925520453,0.08574172073156244,-0.0053441693436543265,0.14535911459932394,0.0014946590346417213,0.05287482092175731
2021-09-16,-0.011084218909991613,0.6872928638564734,-0.01513528483170745,0.8976674882718808,-0.0044458241868168425,0.09594134077385394,-0.013016738550444142,0.14710545132270844,-0.017390481935527013,0.22777848357202404,-0.01727201952458608,0.334428260332706,-0.00037450353507459335,0.14248252568180209,0.003368508056703858,0.0852909576853232,-0.024208100226954143,0.1680632377653947,-0.00289347947405309,0.051646106177703495
2021-09-17,-0.009127586627979203,0.6359994155739435,-0.04785618021331993,0.8641123742897592,-0.007426137194500215,0.09781801718989613,0.0013019713698130975,0.1468000428729279,0.012135124245121472,0.23440940451026682,-0.012486493360772533,0.33070481381082784,0.0009173043348004018,0.13480468514373045,-0.000792324077515872,0.07964161400617585,-0.001241517757234036,0.15589210521348634,0.0017264930812991527,0.051420218482203496
2021-09-20,-0.09648060315978586,0.7067265718517134,-0.13671463047976004,0.972358368049495,-0.015341273967671749,0.10927224037210255,-0.008262642039855205,0.14939991965892974,-0.03185759047352811,0.2542246024464639,-0.015540858236450246,0.32941341707828875,-0.015667751990124917,0.14060303083058273,-0.008980962459242542,0.0890226839989821,0.008844959207881057,0.1578423583955897,0.001781803758709996,0.051991278474525726
2021-09-21,-0.05199183710078322,0.7210031966621442,-0.06851783265462098,0.9872436742247678,-0.0013162578960034669,0.1066527196074679,0.0069461676805857575,0.15107186636869924,0.005195851665741656,0.2513938544414736,0.018644409960646355,0.338089411076845,0.003615403315585997,0.1403676826924485,0.008941855818233218,0.09221013119671105,0.007524033924055808,0.16049422477645117,-0.0005035692374564825,0.05192122408716092
2021-09-23,0.10118275554553077,0.809002570165245,0.13524642912949753,1.099638148852496,0.024463110119678964,0.13644169483127191,0.012328446593832611,0.15614441409884833,0.014643963917039845,0.25569427669894507,0.030244757914164182,0.35712893951200236,0.019639504356320527,0.14967723861768592,0.01767627642770842,0.10600789698108695,-0.013136190192782117,0.16611552402707755,0.0029268445255230847,0.051788882088316814
2021-09-24,-0.04733478784894941,0.7415861836441225,-0.07405510939964943,1.085340057273534,0.0009873502522900674,0.1315527836146499,-0.013107658486729902,0.14839437693016194,-0.013646142452552827,0.22256265340958908,-0.004661346433290452,0.33127584097643153,-0.013279655686292689,0.1492285210431071,0.0012232187083528832,0.10061815220994359,0.0006711143511195906,0.16613452316245517,-0.00047259255907421464,0.05161018850963031
2021-09-27,-0.014566925364967086,0.7411632902675087,0.00047500367957864275,1.0844338934826883,-0.0031473157616733797,0.12937135414873355,0.0016081270728602838,0.14734346016303837,0.0003620409954368445,0.21943512382634592,0.008876110151085723,0.3318410496582365,0.009907214395979198,0.15405027723810272,-0.0002606321235958959,0.10113055948391277,-0.00019560066792993652,0.16050301771243666,-0.0003670718414856908,0.05137988289763169
2021-09-28,-0.028684281648912343,0.7357392807301192,-0.04402400707243499,1.0826511921557345,-0.02040626644106462,0.14629914947755063,-0.01590611186323564,0.1506933565247967,0.011807782318889418,0.20816297023916444,-0.020802888401143593,0.32683100287410566,-0.01663901087606117,0.15968937647936735,-0.0058144909639240615,0.10584993350877914,-0.007979306278545312,0.161933904068287,0.00016805129882951146,0.05069698966979502
2021-09-29,0.01739681748180373,0.7311317483164597,0.020767227963537024,1.083757659967603,0.006135847003515521,0.14803616102977357,0.007789777684799896,0.15378956615131015,0.01124178665275345,0.21358443152229242,0.020332038929365942,0.3323898333904128,-0.0013341986011342264,0.15966887261104695,0.0024641731716868883,0.10566384996974576,-0.0037045338943749798,0.1600112702195988,0.004567892667231476,0.053274953066608094
2021-09-30,0.054320333306111156,0.7497620185337405,0.05288805450523897,1.0945588194563713,-0.00984362975706785,0.14993399478959354,0.003812533657229824,0.153613679945679,-0.0011882799616944302,0.21041684056348045,-0.001468568619307203,0.32226117278473093,0.029703284262722424,0.19122998660268006,-0.0031356820362106277,0.10715957834986568,0.02158137968920658,0.17917576191629614,0.002137573187947054,0.05372018210358317
2021-10-04,0.11240726675680814,0.8358534797339976,0.11644168760554824,1.15400257453726,-0.003933601961203907,0.14447799336311545,-0.013336117518511999,0.14919087929585995,-0.02442365794162001,0.2246539617367397,-0.01618971431505814,0.31157635471031114,-0.02281357757110955,0.20510375385842838,0.0018519221971675646,0.10696458359870006,0.003901906083105196,0.1715828684339588,-0.002288602025894341,0.05431417724399033
2021-10-05,0.05340505185545965,0.8340627241624246,0.045795403750934965,1.1600907219552978,0.016126958819376674,0.15749518775081647,0.009382023501492183,0.1424960765932037,0.00874311977497102,0.2280321800439625,0.0220118898091589,0.3116289097433009,-0.00047542670376349083,0.19685385224867663,0.013037800266842021,0.11268270329223982,0.0019136195317225177,0.16640168302132025,0.0056574413207750324,0.04713092117002849
2021-10-06,0.07188538962117648,0.8653570624308408,0.01735102697318143,1.1427193771229178,0.0039656875934902325,0.158448523006077,-0.0002817413268179948,0.14238195837489853,-0.006152789584140835,0.2225302373518128,0.004875338010176641,0.3090143334857003,-0.006071103164768442,0.19591758341125898,-0.010070108968199916,0.11800791651708274,0.00038265123918785173,0.16614286432921233,-0.0001287117561344703,0.04675282193157459
2021-10-07,-0.025862896622139912,0.8696190572546336,0.004704058781860799,1.080994733060431,0.010899936936271658,0.16272243770861378,0.013971092408426975,0.15070221878684723,0.0330054523352329,0.2550447557727486,0.005852651935050601,0.30858317580725536,0.010860062807289475,0.1974502204688193,0.010782922412520816,0.11438779851339245,0.0011579668101417459,0.16479314824269292,0.00263589771120627,0.040902574900233496
2021-10-08,0.003939648144088233,0.8695215841488352,-0.005836083781266124,1.0805297277370998,-0.0009796692025008937,0.16240263322673998,-0.0021785828104562803,0.1498249104105977,0.006248879000589076,0.2561493441652354,0.025620277631362723,0.3138111209516592,0.004786648045804039,0.19310167921743737,0.0068122107034990316,0.11317738145884243,2.5309935266955063e-05,0.16459152362484397,0.0009358873999206891,0.040640653261197555
2021-10-18,0.14151430157819284,0.9892030821021177,0.052957067378859725,1.0879092675987505,0.02377742477340008,0.1827139320735885,0.015932896482848864,0.15895782439981976,0.02424337563986643,0.2695972777169137,0.005706194903221152,0.31400144760834003,-0.004004623668079833,0.1936521731226301,0.03434483242308941,0.15684769937138643,0.00717589144700116,0.15971281125609033,0.0023478455093572967,0.04082502293654412
2021-10-19,0.038469847379610345,0.938227991767603,0.036860744054350254,1.0125437471295733,0.010422546503346486,0.1857139994769194,0.0077649599837291755,0.15867503390752835,0.017679986806466656,0.2665715236275825,-0.020664612081624293,0.30546078911692714,0.003265311714452554,0.19324602650748282,-0.00010389249555993197,0.15739675188878446,0.005829019638028861,0.1482954913512253,0.0030564037191105433,0.03957293449411157
2021-10-20,0.02504287852933445,0.9384313808167397,0.0677867107108508,1.0313107193130737,0.002122377585859749,0.1857309379043931,0.0017804995282614067,0.15696386511829258,0.011613996577814397,0.26101670534795474,0.012465023014178572,0.2535325747450831,-0.004370615272541111,0.19004567418226043,-0.009829889257063792,0.16421613558739848,0.006569103597759704,0.14668505262926798,-0.0015349560127011243,0.03747226475564537
2021-10-21,-0.06317503525640458,0.9631833000313514,-0.028914901736039257,1.0213653548406683,-0.0011559736973154396,0.1821483020662033,-0.005404651268124993,0.15631076884005157,-0.008848168763096827,0.26351906950702886,-0.02974760359946968,0.273670291428353,-0.009001297242294131,0.19243872656485903,-0.009004049777260357,0.1676586290592024,-0.005774172527590718,0.1462070825730569,-0.004147366865675409,0.03833881934310992
2021-10-22,-0.023951211792883356,0.9662526422889377,-0.02022071081065187,1.0197506724488763,-0.0003220899348428895,0.18043132007165197,0.00464753753460189,0.15373008495012977,0.005128399898733891,0.25955544400715325,-0.0017663420223681511,0.27210023057751986,0.007654091630617418,0.19421437611924555,-0.0027316864496098867,0.16879620186463262,0.008747306921462326,0.14714138133634125,0.0007510392898214206,0.0382782307712937
2021-10-25,0.0396626076168893,0.9699954447532722,0.06223222206544101,1.0246375686404854,0.006449180180049695,0.1788811212809085,0.005021305335162572,0.1497979774991026,0.001580697769195647,0.25021835355457883,0.022693121131889944,0.28223060666576893,0.004422333010593047,0.19390316822573683,0.002291686144695221,0.16704818907186003,0.007543141049989435,0.14734644252251217,0.0017122207391962346,0.03833177454287213
2021-10-26,-0.04209524654408525,0.9857851844731567,-0.0195057584610775,1.0260027168603318,0.0031000809892211025,0.1774852349670385,-0.0033387076133010833,0.14194124403258257,-0.002096329497354447,0.24002125595658122,-0.03697784540646663,0.3062014976642402,-0.001430438383097895,0.19396577250673516,0.009140461220529488,0.16862436574643605,-0.00610967939635931,0.11850815013720171,0.0012819395569769506,0.035826608837679144
2021-10-27,-0.03434417631141699,0.9964679446814984,-0.052519643569885574,1.0293230525358368,-0.0077447028188397694,0.17770448422648194,-0.012052243674539236,0.14945732344065538,-0.018308230367425623,0.24935355891497488,-0.0013454834444989697,0.30251563915794843,-0.004791621671777659,0.19462704456511465,-0.005830126508698232,0.17084789604665776,0.00021616224013094233,0.11809990415061372,-0.0026803324477343167,0.03798012221804266
2021-10-28,0.038083398280344335,0.9196803283473037,0.08910556637816147,0.9215321887149293,0.011930195116504259,0.16885524617866737,0.011902056388752321,0.15034632887783766,-0.0004081938927959026,0.21702707187027098,-0.009426137989811284,0.29893658298865766,0.001318003744581206,0.1864356534099001,-0.017464523695268356,0.18030594257824475,0.004204721374908924,0.11585892504517724,0.002148906692320217,0.03811472701142793
2021-10-29,0.02277026885103074,0.8843972099982288,0.025914766117038832,0.8655037225921037,-0.0014266694224055487,0.16889458312465547,-0.012879528895583239,0.15728102348850145,-0.01042152474100945,0.22229474380920744,-0.004784110983207313,0.29309674525983964,-0.021942650194806138,0.20150539223594355,-0.01382201219859307,0.18657385146298341,-0.013751913185031056,0.125922087702474,-0.003374106654122878,0.04062939902336529
2021-11-01,-0.0181072489171404,0.8436515604065815,-0.018873399866302838,0.7734791798710644,0.0035496091236298065,0.15057792294976768,0.014655589531631024,0.1596137526748125,-0.006785218262837297,0.22041129069131643,0.019378069975405275,0.28139273263787107,0.00993082855225225,0.19173022592572006,0.016245256349320756,0.18502421411194966,0.0085145283912202,0.11753186136289115,0.0017511501777276333,0.04002816603265994
2021-11-03,0.02882212431367791,0.8131350016120603,0.06040213136484064,0.7149513928682621,0.007223154315633667,0.15138541603698846,-1.444906307672603e-05,0.15132101640618967,-0.007920328123506936,0.21618276783357135,0.005672440562076659,0.2815133118808988,0.01067813123552445,0.19060317719241923,-0.008509217423546536,0.18789802120035803,-0.02059450385380624,0.14115595057607297,-0.0028909474176452023,0.041741163254475404
2021-11-04,-0.028106735766945518,0.8214669840834863,-0.018989204174744062,0.7254663811645254,0.0004655208304805515,0.1501386975120842,-0.0025302041583992485,0.15198393936683477,0.004516723103382303,0.21622942754113622,-0.04728044258368469,0.32438591278048456,-0.0029693064153338907,0.18734744694075633,0.0011936434142169276,0.1878918658400047,0.012825332452324553,0.14692949453569415,-0.003707701512336402,0.044206417243445595
2021-11-08,0.09156823978489537,0.8402900969879565,0.05550472021998672,0.694037417652428,0.0013244621365592869,0.12433690150616376,0.012587331731937188,0.14296111713979004,-0.021680768949730637,0.2285338330679104,0.007825420904262137,0.31879193758900437,0.00979914591728841,0.18116500260022825,0.005145255378867102,0.187037508429794,0.01571522834995892,0.15043920297470303,-0.0032887819694276178,0.046019640041583425
2021-11-09,-0.012526137646511403,0.849587256782415,-0.01981573313282207,0.711827607497896,-0.0071859493907101,0.12977556534483606,-0.0026107189176375707,0.1428585462786348,-0.001093784285152438,0.22537202545968565,0.003850003135703482,0.3100044821884397,-0.008651222941548487,0.1839164253855596,-0.005026865118138207,0.18813899294889122,-0.0021500195866715486,0.14970197306860109,-0.003681038464309898,0.04509689683851385
2021-11-10,-0.0264969081374467,0.8576066026237432,-0.017645484033113328,0.7176276716844481,-0.0047985848808623,0.1244160352988034,-0.0031965414456700484,0.14393948870337622,0.011017668948924331,0.22839566621685797,-0.0040572264743232965,0.3101198268056046,0.007294505910920269,0.15243410526317192,0.001960996649561959,0.18764747305126078,0.012923519823358175,0.13857628334639593,0.003461257282998787,0.04616611490090528
2021-11-11,0.0024006161787266476,0.7880111118988287,0.023214280681303465,0.6278032947898904,0.0036481526189975767,0.1214333596379619,0.012730233477421943,0.13735464488823868,0.013236759449288602,0.2128341975353938,0.021511051502791294,0.3154220077216564,0.003144656243154349,0.1300501561613283,-0.0049047075721955335,0.18870505590095266,0.01150529130702914,0.14210999893844964,0.003097364286008892,0.046707641071046704
2021-11-12,-0.01341391158682153,0.7792925979682216,-0.014578757859795873,0.626737582363862,0.006083223496021778,0.11338334992437617,0.015626519879145682,0.1425372399124729,0.0021532342533277025,0.21163429407550038,-0.03119858060769815,0.3225548081566772,0.012889236827733592,0.13691169942341955,0.01162564438498481,0.18759718958253763,0.0014059308039375848,0.14215663259325378,-0.001113474068108629,0.04235667242805355
2021-11-16,-0.06276907115990078,0.7847713198569994,-0.10004847935628387,0.7390422548170792,0.0053662797711632425,0.11357542597260567,-0.006775861745441436,0.1463939247697362,0.016272339509348185,0.21468516369601084,-0.00485290934358807,0.3215235263764542,-0.008750146717240434,0.13897533397204237,-0.00421735078129908,0.1844790536194699,-0.006165896696523935,0.14526823931044533,0.0015192405920537288,0.042755009697476316
2021-11-17,0.003746709172016658,0.7773002573691682,0.01706798436079197,0.7396512015834318,-0.0022892712331129468,0.11187244255446488,0.0014780722783314874,0.14103077447916948,-0.0023648418142266942,0.18605914241162477,-0.006375843318837929,0.32010218594143547,-0.0006025556055193066,0.13427856223460705,-0.0052862119771338745,0.18197159221285,0.008964027358518584,0.1469532511751165,0.00031574424978298565,0.041637547131684036
2021-11-18,-0.061097249348783036,0.8106553537960363,-0.0719421094786557,0.7893395102304055,0.000705565794697668,0.11129902694125415,0.00022482117073607238,0.14026322335834865,-0.01543121147830423,0.19422343815046858,-0.0019667978470854245,0.30223378335844076,0.0031189451795413277,0.1337172033438782,-0.010179796482606886,0.18358323043815836,-0.007337485358965069,0.15083159276547736,-0.00267349894547403,0.04227759763141213
2021-11-22,-0.010955239127296358,0.6330961681078658,0.02228685476286854,0.7729097084589941,-0.004025804597288703,0.08395007665403227,-0.006140806555146371,0.1346453353050748,-0.01381808104193887,0.18001606443665252,0.011530543898624778,0.30544747619552226,0.002123206055751523,0.13289475460804417,-0.01922196852407831,0.14426473749856722,-0.029423424340659896,0.18550775103867062,0.0005760983246600653,0.04127923127660214
2021-11-23,0.02419176883577125,0.6225681713060622,0.06159299057978307,0.7908276490778325,0.003366282115753881,0.07794200177022753,0.007020430261693336,0.13423948311516942,-0.01044528760627514,0.16879163247344398,0.012043566203431458,0.3047169310405481,0.010005248409133565,0.1365816809462342,0.0066818411496470526,0.1480038152513286,-0.010826208445425868,0.18859563638591406,0.0017105207325585107,0.040085343623569365
2021-11-24,-0.02240770136015677,0.6146455212575507,-0.0232603821612364,0.7619083846975441,0.002522242381149332,0.07801025663053936,0.0026289908619179943,0.13428932438535382,0.0020295793149965793,0.16175786022797542,0.005681867257180644,0.30126826341208923,-0.0004723068356400576,0.1353315017477106,-0.004826430496539368,0.14607135136921964,0.0005673655019477808,0.18704392283625815,0.00023101860448217492,0.0399845696143004
2021-11-26,-0.0485724543998869,0.6000398827267732,-0.049777491821063696,0.7753738197725452,-0.022197502698706368,0.11264020981941426,-0.019975193303698815,0.15216050186356828,-0.023689812099143052,0.17602255621869445,-0.02231696007880978,0.29406696931442955,-0.008837431967458126,0.1351780090281523,-0.02177733990826187,0.1591329585149373,0.0014619314332137514,0.18611555704102709,0.0007895084606148559,0.037796699743868546
2021-11-29,0.08248330978377645,0.6718366671718857,0.10417736317340925,0.8514610011794643,0.019479605763066135,0.13075130856124134,0.012271773261288635,0.15674625749981097,-0.0029514758376451467,0.17309461855525152,0.019764314619201463,0.3044436329709028,0.0052410357638081086,0.13396576305314487,0.007979600928075623,0.1638786866912635,0.0046839664371675065,0.18420867017861547,0.0063657696802417495,0.044051553804707544
2021-11-30,-0.012978783805260114,0.6549989898208387,0.042049908652460256,0.8372555584389658,-0.01816624257203554,0.14533070594195027,-0.02137921051996855,0.17446014608305138,-0.014747495166221574,0.17553823203849972,-0.009072173993507739,0.29168475744071154,0.0027929356705266137,0.133563367607778,-0.0031800898914384292,0.16282938144702452,-0.003916188273278421,0.18234641717938516,0.0009771386158150001,0.04377983845174266
2021-12-01,0.003875514270562759,0.6411889866807352,-0.009705436207029705,0.834399433060532,-0.01193880792223614,0.15058864690761445,-0.006710464033462696,0.17566272164345487,0.007466715694257649,0.18051914648107803,-0.0077070163215926645,0.26576032089759616,8.828794338837393e-05,0.1333261423939299,0.010705293298169985,0.16438956230792126,0.0044471912385866934,0.18215709921917075,-5.326646428020812e-05,0.04354584899504674
2021-12-02,-0.013667163836975605,0.6322136704061625,-0.01707809016473618,0.8123786121453481,0.013654776667825363,0.15607065072991996,0.016848988391020732,0.17947663715916806,0.0045386807421979114,0.17569879416901388,0.048030438686137975,0.3174357676296913,0.0005254823754784696,0.1316681346739221,0.013142056133428406,0.1731575857455488,-0.012240255467767292,0.186747686864715,-0.00043986172823241827,0.042503444503671786
2021-12-03,-0.05279026060331957,0.6387198983119524,-0.06704210754537875,0.7925143510242572,-0.008943130079716198,0.1532763081669729,-0.006146120743916916,0.17682032089539418,-0.001623721962986981,0.1754919594101336,-0.003206238081756786,0.3157619356190835,0.0045427210674696406,0.1321551177901963,-0.0123062671799116,0.16823611009542824,0.011566224592601836,0.19098300875084054,-0.0004586749379775232,0.04186066115207309
2021-12-06,-0.05457299326817938,0.6510414600550686,0.03551519507240449,0.7972736107919465,0.014997813572794384,0.1625054166024505,0.014260468213282017,0.17619447075362887,-0.013904530682986398,0.17764533907334001,0.021418762252612553,0.32309998062039974,0.013784838590544184,0.10836391713029801,-0.013344033831729744,0.16781469282638642,0.0008067679097496007,0.18487639383811535,0.0033352142631083363,0.04158311921217895
2021-12-07,0.004408031700439566,0.6520009458792629,-0.007982259963387583,0.7949713529843029,0.022584167149825196,0.17998201477568268,0.01214218606342292,0.17406081438587107,0.029678170095760185,0.21111506562919852,0.015294288669086921,0.3206072637476084,0.007088998921245037,0.10654779150111511,0.017604121346051965,0.1697125526001182,0.004953640287033098,0.18324593810195064,0.002088563963572557,0.04174989921533723
2021-12-08,-0.0036297971129163474,0.6381278915189783,0.028627657792633283,0.7719328436898911,0.0033100246950564507,0.17879518804229114,-0.012956173291213575,0.18114630647866614,0.00039036513154429124,0.21006235713947274,-0.008268196488368731,0.32203568988747805,0.0023043778543954123,0.10282011698094423,0.017146534101776897,0.17980741720164445,0.0006781984980098351,0.1673033016454055,0.00022948910847053156,0.04011861077848484
2021-12-09,-0.05805710529616784,0.6569554460716925,-0.0750368183858415,0.8114955421163095,-0.007542537720215062,0.18115170593934332,-0.0070624372113529885,0.1829069727952612,0.01026830056657516,0.21304455477864556,-0.03156910883490011,0.29590591889390205,-0.00979493257199304,0.10994479547312383,0.0023568892376401554,0.17999280592686048,-0.005282186234351438,0.16284014778323283,-0.00033554948769132334,0.0373273504532161
2021-12-10,-0.00617592829231588,0.5407335393885916,-0.04979592187586071,0.7960521675625987,0.012363660247509158,0.18578182191304035,0.005622739562295348,0.17875149917549438,-0.008016244206105028,0.20141482054007784,0.023682706395847103,0.3049802472760381,0.0019886455420857984,0.10647842994608477,0.0025430700519923936,0.1791934175011941,0.0075261252197442,0.155246716194179,0.0028598911292992578,0.03527126901090092
2021-12-13,-0.009299948294880265,0.5411207977835053,-0.03084650807163451,0.7988512738836924,-0.007713584884388092,0.18608349227510487,-0.004456330176490528,0.17925372230113915,-9.054811587003221e-06,0.20141130642943805,0.004697962183352253,0.3050421540730224,0.0021761092561149824,0.09933036756205735,-0.006738031226314803,0.179823425847604,0.0033697765138478693,0.15558552052807584,0.0014645734584058138,0.031118775162022518
2021-12-14,-0.0011320006327743858,0.5420479148312829,-0.008759545958471265,0.7983072335662982,-0.005955895866971442,0.18657842499866512,0.0035875069547363684,0.17913235495637428,-0.01148121629990081,0.20031367518781115,0.008310623912858152,0.30468707477848744,0.006025250326056551,0.09863916916473223,-0.0009562041725239491,0.17956778609699778,-0.00739811827499144,0.15012058696157302,0.0015428269876522054,0.030005650185607136
2021-12-15,0.05073995152450798,0.5854799565965212,0.07324295303343993,0.8414757905193686,0.019117440776417333,0.1968420789962898,0.013359655208639146,0.17968131817037306,-0.006321746499602622,0.19346924923030034,0.008757156133089498,0.2981173650058979,-0.00025903499880784996,0.09899838462818147,-0.0030908029856424085,0.1791569540801976,-0.0015143722880565631,0.14308325031049754,0.002901173424526756,0.02984415713151091
2021-12-16,-0.02334720887032038,0.5866895839256456,-0.011856639868040988,0.841208594889258,-0.006625007982973631,0.19815908260569662,-0.0016406073558319309,0.17129718098310348,0.004734938030997275,0.19445189866812024,0.00975700521347789,0.27242220656580884,-0.01061559539342776,0.10046244135847754,0.0037234443370685972,0.17431584787714388,0.021262853719812912,0.16343278589013588,0.0021568553281386595,0.029009847631458807
2021-12-17,-0.03175628242063864,0.5628619858648896,-0.02174087021102254,0.7725331213234327,-0.01091715374865257,0.2016880353493147,-0.005039961511741923,0.1705590428952837,-0.012641294401759116,0.18512757743415473,-0.008555287953333868,0.2743121000920609,-0.0007091804580127183,0.09422668954512792,-0.015953266720956902,0.18154542519276906,0.003423412430527654,0.1627351374616931,-0.0005761891645989708,0.029616874445927463
2021-12-20,0.01244818042769612,0.5666217268196719,0.0117917039514013,0.771032123947468,-0.01357606374672481,0.20721068961661396,-0.002608645770256406,0.1706706536225968,-0.021756518028649287,0.19523661911453846,-0.021682736650073194,0.28665311107369246,0.004464338093626156,0.094468367344972,-0.02420729170483471,0.19743651395570383,-0.007737744891710024,0.16116010826723884,-0.002122665423468202,0.03156626561790515
2021-12-21,0.039669808121650274,0.5620063459476051,0.018470407301255876,0.7319711447893843,0.01436277061937885,0.21332479812304803,0.01829741350009128,0.18243800621286335,0.006486011877640083,0.1947542760631795,0.009738968594482329,0.2866808012106446,0.00636812786469796,0.09574759210660937,0.006125547879678598,0.19759384505314148,-0.0064977226858362646,0.16076957704547715,-0.0032589847658168183,0.03247213398328354
2021-12-22,-0.007270584987472497,0.5617636315997296,-0.010492109926503183,0.7288649027185333,0.009173977448144372,0.21477884752506826,0.004954913512707264,0.18134274987774865,0.004754916335536192,0.1931087780970595,-0.002914099240832352,0.28633702925432897,-0.004996079085304793,0.09862370892399726,0.00999228240409866,0.19092331921566438,0.006678634400129906,0.12485532260039496,-0.0009547505809831701,0.03312170083229918
2021-12-23,0.04036631909925838,0.575377824414179,0.028115255142805457,0.7017216661360788,0.0031887924549234125,0.21475526445942475,-0.0015497215697230988,0.1802418291369653,0.0007507733119434362,0.19135627796970409,-0.022344836657946683,0.297841034023638,-0.009143266707248446,0.10013663984439992,0.0038699261061859937,0.18985480166623075,0.002298816425495458,0.11757151809187157,-0.0030156202303280996,0.03558109884716962
2021-12-29,-0.09882989448688835,0.6588299308279922,-0.13361253742298698,0.8353134336322222,0.004633771126301013,0.21506713171159342,-0.006566371902265456,0.18180214618638946,-0.01434562277971255,0.19517347946848165,-0.02152407991239586,0.3080908919324897,0.0041364383894057265,0.10078639669376321,-0.0012755984146755888,0.18924047596567667,-0.012874132130778978,0.12754984125681146,-0.009500528450275174,0.05006088773094764
2021-12-30,0.013327649182995976,0.6467150227289963,0.020901450420269786,0.8257753750395519,-0.005334323372040795,0.1994043312717326,-0.0070653922593856625,0.16873679637934844,-0.0014233972759349093,0.18004823975715872,0.01777883474081037,0.3019396075319118,-0.00528186724240766,0.09718281034079805,-0.002900872689105475,0.17292101109850802,0.0018613516326853954,0.12758553130887781,-0.002340089530136496,0.05075788391011851
2022-01-04,-0.029760071909871715,0.5649068757908303,0.019124167269178906,0.7329072075190113,0.0008523630035808084,0.1888901126124298,-0.00742572016621608,0.1657284667929586,0.005570322116362734,0.18183951494526973,-0.018576099056915082,0.303364077321834,0.016285227348863802,0.10996425055642724,0.03211238788443414,0.20351349120532244,-0.001525074398238086,0.1269950181836835,-0.0022420065411298804,0.0457557602707122
2022-01-05,-0.050299119715353974,0.5808283709323087,-0.06461203048364139,0.7344303265799756,-0.01781609556504228,0.18844523677314098,-0.011228015692498925,0.15248654106594572,-0.015335347307588672,0.18238944567409163,-0.0236402829248245,0.3132373932686899,-0.007052663407732201,0.11374440058028967,0.008484144498392744,0.2040112199786553,0.007593588595249414,0.12823805461365254,0.0017671687394588704,0.04612887511484581
2022-01-06,-0.010817304092382065,0.5776290284155108,-0.03928860292478889,0.7398931524619523,-0.0023712405289733132,0.1829765490346621,0.0045112674233698125,0.150829660903163,0.00601464382659195,0.18155397647282676,0.00924499134300329,0.3135682293142318,-0.026726175878721167,0.1490363844759656,-0.011462814841909398,0.20685376545453643,-0.021278706618572587,0.14887688499623944,-0.0014070067887923265,0.04626432185047922
2022-01-07,-0.03799314506999847,0.5836574807731182,-0.06829334034292592,0.7631363296369629,-0.0042035975019598095,0.1784271849600054,-0.001907579449470138,0.13947725714648004,0.018611636294338763,0.193692138186064,0.007111768264713013,0.26381633860676745,0.020775534811467506,0.1658901994528597,0.003611960420526451,0.20250071396809655,0.004484379662843618,0.14299992862691532,-0.0001451564196232039,0.046272026891429
2022-01-10,0.0043089616473763834,0.5704277740048742,-0.037100127933014315,0.745153295747921,-0.0034502806626709403,0.17570104932218342,-0.009151952123883996,0.14153367824289256,0.008395744577395265,0.19633386786373222,-0.018445493494082876,0.270430733333007,-0.00514293839946536,0.1664784320057085,0.00863526551883248,0.19846762610679555,-0.001229423633884094,0.13738458196442188,-0.0020082101251320673,0.04661466289349852
2022-01-11,0.01876141040969303,0.5583423756170459,0.046183408277522826,0.7551887695834023,0.006246286224653156,0.169359672947824,0.008122013068896221,0.13514380406945908,-0.0035294641915855638,0.19058486315787057,0.020270602688838922,0.26920510230998596,-0.010818198595732235,0.16309448218055278,3.7075557790646815e-05,0.19093423047532287,0.008297566364612192,0.14037006507304384,-0.002872000227746194,0.04519252239373042
2022-01-12,0.024724878024516166,0.568727127434639,0.03732329781752147,0.7764293036370389,-0.00045523721272862903,0.14908315162867153,-0.00456783955238356,0.12782768989898188,0.024345377972840712,0.18077778121094665,-0.0019625697638274383,0.2617365747867245,-0.000690138499795838,0.16049804168875928,0.0053666911037196325,0.1831757104117213,0.0014487236442066067,0.13943983322241918,-0.0032690292273956562,0.044759962907993694
2022-01-13,-0.03159528085572703,0.5743597067348563,-0.03767382666966463,0.7658113346708307,-0.014565482138057646,0.15587324804735134,-0.01105123403571358,0.12577016677952482,0.0003707731309095739,0.18077696587643294,-0.007840510952481037,0.2616294685491946,-0.005451451383357728,0.16056936108124523,0.0022730619293845635,0.17449684590567405,-0.0035085689927606095,0.14000099000433874,-0.00021945290365707335,0.04463065608916087
2022-01-14,0.014203757856340418,0.5508865101185619,0.021164460005354078,0.7444232520721255,0.0031637374301084964,0.15501603734165245,0.005869162495985645,0.1260087556723204,-5.971213567869844e-05,0.17672398180477544,0.014329155670469693,0.24597603465912776,-0.00849162484704433,0.15979706468475968,0.002231763288003221,0.17448578986471963,-0.00023993182788953403,0.1387004850550172,0.00234409316051789,0.04609531188705721
2022-01-18,-0.013126772278645697,0.5514878660283086,-0.041287887472192,0.7394495536294684,-0.01474335849202532,0.1541271451424204,0.0005533779538675119,0.12412839838871341,-0.007083553797949137,0.17626698961934661,-0.0019626222723447173,0.2294913641563388,0.015690473550963244,0.17035208761572104,-0.004031635904862327,0.1752699892615118,0.0015009580001595923,0.13624553342747475,0.0038157469059831284,0.04718371238250197
2022-01-19,-0.01011180977206478,0.5515556453218331,-0.01689216763607009,0.7362838840463738,-0.004838690270654238,0.15315884449268893,0.00017543745264416702,0.12340400176151686,0.005850207651904814,0.17770420021693148,0.0278042260711487,0.25080369260789404,-0.0022178039096440497,0.17002343627969765,-0.0047909271632505706,0.17434856349388214,0.021750240226754217,0.15560434905569553,0.0048981006708058794,0.05067946298271114
2022-01-20,-0.028104197456868485,0.5564051284894019,-0.033356592238253595,0.7405734439523949,-0.01338619666559536,0.15761350624834342,-0.008172190977696345,0.12521392092382172,0.031168741317892806,0.20366986804730655,-0.015614357600514732,0.25355772895639445,-0.005034132713430878,0.168463481349875,-0.012451338237661487,0.18029288609278657,-0.00261303260915438,0.15329361880910325,-0.002287454361264653,0.050287861282195714
2022-01-21,-0.10956440993017905,0.6190888400915746,-0.1597463393517854,0.8383039618103668,-0.019055722339374494,0.14689084207863998,-0.021767959893819647,0.1331420519008353,-0.00011129308740277063,0.20173580786006043,-0.004946377842651404,0.25071627309238054,-0.022923554749367445,0.18369157416341164,-0.00786664980664884,0.18217384909626255,-0.005783955453527162,0.15489091866787544,4.027298526106057e-05,0.048528113702677615
2022-01-24,0.00486536910587045,0.6219967269453098,-0.04758054993556477,0.8417066329770736,0.0022439218159062183,0.14830702866447712,0.0018877107722469915,0.13406251574157346,-0.012848354157613578,0.20777284793443845,-0.004335004077673959,0.24670641005121682,-0.0015404625864570305,0.18146672043804982,-0.027451193204501848,0.2048937458574995,0.004865932021964245,0.13701198193813435,-0.0005239829423631593,0.0471944808906434
2022-01-25,0.011249976379280135,0.6240565156956364,0.009472645499407692,0.8497710580536589,-0.009139101004537438,0.14736434543619037,0.009186391344660564,0.13968486323188936,-0.013890129935457329,0.20885604068660202,0.027645639418110723,0.2678475634220835,-0.01747037531555279,0.18874712755728465,0.010592895092137606,0.20176779135975406,0.009062466164147732,0.14012193856227415,0.0031074895523288243,0.04941877710191346
2022-01-27,0.008319261145414454,0.6222131412503665,-0.010154374657954787,0.8419007836189344,-0.0035501444216625576,0.14298160741610808,0.0036762463429973425,0.14096327575764922,-0.014788628843645492,0.2004988873320324,0.015151410898017343,0.26325931755605353,-0.010111517602669567,0.1881320472408994,-0.0064129516595348756,0.18363344622303296,-0.029240235314192613,0.17188473104926716,0.0033462477041939476,0.05139175634035599
2022-01-28,0.021435273320602178,0.6062103572887999,0.054133154972167495,0.8729418611395555,0.028243736144923946,0.1700884792964525,0.020630083113974594,0.14527392340964365,-0.0062889940210069705,0.20127906856635838,-0.008033987864670708,0.2623739918437165,0.03821739785958374,0.2360689051302107,0.0037083371443591903,0.18292303125015008,-0.0005073520387016922,0.17059176445859717,0.004187768230187165,0.053165520244227014
2022-01-31,0.016058455223704356,0.6141593538824469,0.05168195021795349,0.9091589833617185,0.016442968098241157,0.1781173761851748,0.015825429394764945,0.1558293245277996,0.008917067746032993,0.20282828912626122,-0.0017321285849165526,0.2622751192689254,0.0007138235596868368,0.2360713511153717,0.011547993730716346,0.1840073510434264,0.003375758884062055,0.16923674284112555,-0.002266858124743033,0.05354755771781395
2022-02-04,0.07021545925009753,0.653403270597538,0.0989458798335014,0.985435777721887,-0.008611051066467973,0.1782421389302699,-0.0034218328136148483,0.15605441030624748,0.02653611604579152,0.22130955956551832,-0.021526148434745762,0.26143202484812306,-0.004976849044212338,0.2349241991980726,0.0048454037405739605,0.1842527298509994,0.0011623716966936346,0.1690385119735573,-0.005279218582852524,0.05547532759063252
2022-02-07,0.05481584252899144,0.6056282538934138,0.05186030629852757,0.9126817422827457,-0.0037313741422180416,0.1761645400295273,0.00351948478799736,0.15546595512469757,-0.00042905091228591846,0.21331087877933078,0.006050675212277564,0.2507425835400997,0.007753019807351188,0.23640794961084413,-0.01745496744188491,0.19467363241093424,0.0076966982449738685,0.16525398037536107,-2.2793214389487093e-05,0.04483070753791343
2022-02-08,0.006540557097861594,0.6038026511460295,-0.006124834641837105,0.9070881492182494,0.008581861599157638,0.18062040072789673,0.0005933418696491248,0.15368276603086597,-0.009484861329663767,0.2171425657543444,-0.009805696455864972,0.2453554216260435,0.003838169177746151,0.23674970239420187,0.0032986886087392935,0.19472051015882422,0.003505946362961754,0.16554249693257472,0.00021574813252284614,0.044064531629271514
2022-02-09,0.0054761865040362494,0.5965203600122228,0.037231049763069984,0.9160848891323182,0.014906914901303536,0.19028694477283145,0.0141943549124155,0.15902616719449414,0.02102522656745155,0.22632602488882322,0.0017161904476403682,0.23644180524248645,0.009553773458088017,0.2315743909128621,0.01184159776889647,0.16297387687739595,0.005191211698984677,0.16618191521853506,0.0004940728220390536,0.04327885646186462
2022-02-10,-0.016082353342852778,0.5725145276032021,-0.0497729044653645,0.9057796757592661,-0.01676078404651979,0.18920743521441424,-0.0041492368909470945,0.15407553713302358,0.005035561720339898,0.21606374799146574,0.004918844109904028,0.21989467038177393,-0.00010083956303925407,0.23073564295273521,0.009622039643576098,0.1638303939801979,0.00206579178751949,0.16440305237692268,0.0015210404385362587,0.04317385890002778
2022-02-11,-0.017216853971477465,0.574487876841772,-0.040298479829196356,0.9062450715322686,-0.009447410554391945,0.19102804650083652,0.01489844996259201,0.16096206858678175,0.009692249597332269,0.21683165983244823,0.014290633497078306,0.22272035249683322,0.0020791364167768037,0.21134095679281326,-0.0035089360505787008,0.15949472928392647,0.012206366212685203,0.14874740125769045,0.009704272083694369,0.05387591441053344
2022-02-14,0.0015949673925345358,0.5577402135721546,-0.0005365428704137954,0.8781624858262205,-0.006464589635316239,0.19148750727425917,-0.0124358329570859,0.16788826713106655,-0.016226141457581222,0.22150190840070025,-0.0003102980532766711,0.22207875185453502,0.0034249800604377136,0.19816598268863328,-0.03371128957644141,0.1961453285026196,0.012051454662452863,0.1525552905146856,-0.0026165988796877223,0.05503441150282311
2022-02-15,0.05019138436874665,0.5824896945698893,0.08521426671026154,0.9203206228290162,0.020204497527570232,0.20663579540348995,0.011966619590997233,0.16747880002876112,-0.003425435237876748,0.22145380909277138,0.005155614249860565,0.20981587225354284,0.0012188099274507921,0.19757404576469653,0.034371129495927466,0.23102012122472074,-0.002530660064698844,0.15301463086616124,0.004560779881505991,0.055831340453539546
2022-02-16,-0.020624566357455784,0.5858280125819206,-0.023272351784450047,0.9100520033989757,-0.005888451587273419,0.205415173492943,-0.012703944866523265,0.173577486620361,0.00786077911277458,0.22129969997118948,-0.013053561257895956,0.20662999842056282,0.0016162844780703873,0.19393429860622347,-0.008514062331390465,0.23249870688432178,0.0014991797427014108,0.15150078307935436,-0.006769271307557226,0.060578496840197685
2022-02-17,-0.0828504056423915,0.6485539827039728,-0.08380285119802858,0.9420558844196067,-0.023168579060223814,0.21827122680142808,-0.013736356543444758,0.18018071286600587,0.0009902047613441277,0.20679643125875768,-0.020517266210236987,0.2198237558653373,-0.006550700657576867,0.1953469649717267,-0.0027846061353049355,0.23128214375518175,0.01440878785111433,0.1573946727719804,-0.001768074923287134,0.05954962483711255
2022-02-18,-0.012306672683886584,0.6412626660680354,-0.03351579422759584,0.9404423037533253,-0.006912107923992523,0.2146696955542209,-0.006949796257957456,0.17733658835614766,-0.018707432507792193,0.21841567494399197,0.0003160835391562245,0.21780031864381402,-0.009264288875473507,0.19711720110099776,-0.0013568205006662824,0.23084780083046874,-0.0008256003386528943,0.15634004474276714,0.00027985373987384697,0.0594685865695461
2022-02-22,-0.05186910391622061,0.6605950881918842,-0.06129614639153035,0.9531674278074351,-0.01749527918975563,0.21970585719456798,-0.008069200482918357,0.17901552579136756,-0.04083471218330448,0.2615146365455066,-0.019420411838460036,0.22259378064827506,-0.015027419146645469,0.2018179536805932,-0.01801403566805203,0.23694066916663925,-0.0033580464168138117,0.1574706608747039,-0.007300543754739638,0.06541830535356923
2022-02-23,-0.024762113549291902,0.6635572376415614,-0.017295235250482942,0.9469850849983041,-0.017162214682660347,0.2214247445160424,-0.005564298898590174,0.18014496242495015,0.00745778993707103,0.2623041795137169,-0.015416487536766367,0.22823562624983207,0.001719006053077698,0.19329327341846886,-0.0002736242968717591,0.23704948337408224,0.0030465446960520766,0.1574205471491161,0.0014215210661282036,0.06433661399322312
2022-02-24,0.027533606536143194,0.6732502331359668,0.0031050717821523802,0.9474960920267577,0.014980131837317714,0.23045420757470927,-0.0016168343488731172,0.1802274496273989,-0.03201390760886066,0.2825909412144136,-0.013203689443379288,0.20489101238729315,-0.03032447600539922,0.21809845489898913,-0.048826242446228435,0.2861544779759425,0.008427647770635694,0.1432503945987183,0.00013402658459337502,0.062062644684471924
2022-02-25,0.03307301773101901,0.6790410024781052,0.07243948715199292,0.9825287915142128,0.032460647686978636,0.2567136783316974,0.03269160504937702,0.2102689077399411,0.004760807052602356,0.2566865141388235,0.04653652874901615,0.26324457400110013,0.02078801434248975,0.23225140849364695,0.03528242530391602,0.3160825325349058,-0.009920074202529914,0.14841088925007295,0.010334567135712907,0.07094557426907498
2022-03-02,0.11862088741500684,0.6800297514830256,0.07016938350953059,0.8326286393918347,0.0056277434959845565,0.24826641618809772,0.005523363993973871,0.19213059889693027,-0.012493705241528303,0.2581120293043417,0.03015582742598576,0.28311012883476794,0.008006930982105538,0.2203840758394683,0.002043156633615121,0.3157995476182765,0.02326733446327245,0.1632487747454911,0.005196755965071595,0.07265241886081426
2022-03-03,-0.036342405275688744,0.698474391536465,-0.0422386185613268,0.8283587589952924,-0.007516447367521057,0.24981471518228462,-0.008594293624496426,0.1963759052064211,0.002981611557373459,0.2572879042560079,-0.01450556061355845,0.2877563295386516,-0.0017795783991828814,0.2204090097757627,-0.008766704993884315,0.30317661404926155,0.00475544795568673,0.16323430655583002,-0.002247926623275496,0.0733072244473507
2022-03-04,-0.07784415021340253,0.7584825919857159,-0.07632525637930608,0.8781332499218615,-0.004524559191168896,0.2481313183700194,0.0124802358956375,0.1980832594862373,-0.021652915372202007,0.26259162299407857,-0.015541397912876068,0.2753995899872635,-0.008210457412585557,0.21329661382455742,-0.0119944241721527,0.3023239364765285,0.019187034040198964,0.17144635060988797,0.0034411253518329154,0.07345006789159068
2022-03-07,-0.02095541898195616,0.7629163661462073,-0.03977847679649657,0.8899880435036819,-0.02305165970191411,0.2609915675617841,0.0057724182096631615,0.19833330037558425,-0.032682132825498846,0.2787898455645958,-0.012700172887394232,0.2712150171206856,-0.011142735769489237,0.21397790214305543,-0.01689692884891771,0.30634317751562606,0.0214603369998384,0.1352410151332248,0.0069109271125025636,0.07600739322618535
2022-03-08,0.026220737452613,0.7646204595274891,0.03976513635399446,0.8808103569283959,0.0013759552609538264,0.2394928072027857,0.012074802623240025,0.19076544284424216,-0.004842941613556186,0.2787318714423966,0.014955060450882868,0.2771414877300817,0.009326163057506548,0.1684605619801904,0.018066171572894727,0.3140359939641757,0.03154228145701393,0.15923008887917692,0.008635999236651972,0.07985322065001436
2022-03-09,0.07830095402627707,0.8078524719560781,0.05553443625779982,0.8836601502316525,0.02321371913455967,0.24699436192542154,0.01688688830424472,0.1917333303960654,-0.008796825369179116,0.27459618076994535,0.01163575703613796,0.28090549602246057,0.016502195054228074,0.1788372158132863,0.018354544028079785,0.31857763714239506,-0.02908646910135276,0.20347355658802402,-0.002159878987581398,0.07979603773378433
2022-03-10,-0.07273443234572811,0.8149036645127742,-0.05580758553062151,0.8305423271413511,-0.014488625465444969,0.24997789694818903,-0.01312471491842586,0.1983668233229522,0.0025201428141424227,0.25088471614878,-0.02166461269083268,0.28103357632141107,-0.005934264326096865,0.17919833556928,0.004964437911113368,0.31860842110736676,-0.0040630829215708795,0.20582670752205398,-0.010187575545197735,0.08634178850568122
2022-03-11,-0.01412432946815011,0.789485278427982,-0.01646458368014442,0.8044374598339517,-0.010745126110741852,0.2518769502178095,-0.006604013679720276,0.20052857761172413,-0.013463428137435382,0.25088746405186646,-0.015362945193735756,0.2840649473239807,-0.013855391305500325,0.18283412619958855,0.004441015433894848,0.3139003047397116,-0.005436036447521723,0.20925226831274968,0.0023011528224962767,0.08638994511200565
2022-03-14,0.028016374894607385,0.7968327657010892,0.017883685258311098,0.8096945298788049,-0.0016550364401428804,0.2489304232760587,-0.008994192380122253,0.20385585660262057,-0.04454403143516575,0.28225279142627646,0.0023411103489294044,0.28296910130599495,0.02734710133485541,0.20739945330292708,0.02017233302772771,0.32187422132337834,-0.005925530556316707,0.21268792152297053,0.00579363865539049,0.0878576364388481
2022-03-15,-0.01174278693976885,0.7965540238724986,0.007864539732084576,0.795484939915296,0.01774231468255424,0.2516080841929856,0.0035968175812424448,0.1985414598797975,-0.062188387812772056,0.316167920931771,-0.002897386319417139,0.28277750495875054,0.0027543985739963478,0.20476173534308786,-0.015863622250061084,0.32356835149067725,-0.01943817469903075,0.22844868412266733,-0.0034403150415906773,0.0893667473232605
2022-03-16,0.041930099459353644,0.8112021712920578,0.05342235614860843,0.8090030426862601,0.019201553433546674,0.2564768625844105,0.0061522886178837,0.19862029421528724,0.0837050643316201,0.45798984399611153,0.024760376336963857,0.29658592063990386,0.009036674718573445,0.20733378337774425,0.01563620800626018,0.3267356731019346,-0.01362229385489755,0.23602135103452024,-0.00293536821484691,0.09044832111591161
2022-03-17,-0.007865114301425577,0.8096087028261407,0.012147210711074346,0.7997480551018294,0.009098007645069156,0.25651035727718413,0.004370356042311117,0.19268165555698138,0.06403547847510806,0.5205577370825806,-0.003104447575132797,0.29159616774266517,-0.006201595506850224,0.20831100775899777,0.015021245274880187,0.3310892511066957,0.014540078828581764,0.23733488456268365,-0.0031741974236312283,0.0855561532617897
2022-03-21,0.0020632786428592094,0.8096318575875162,0.028078344309637657,0.8063260257503689,0.01013621756693022,0.25749553459466057,0.003439101383081832,0.18688359208347136,-0.013676730818491842,0.5200353232108769,0.014728250958456503,0.2969835908209374,-0.01370068353856738,0.2128384690172523,-0.010874402316237392,0.3105493099919823,-0.00799935283377342,0.23771008299096258,-0.0010238419906563742,0.08504717255632555
2022-03-22,0.03544188344653145,0.7993509674228861,0.030340976842925034,0.7537804298452725,0.015978791690632148,0.25392002507382777,0.0062877114668615005,0.18384111811035442,0.03586712012806124,0.5403126166653301,-0.0022897101876635435,0.29622122211241236,0.01521939554277677,0.22018219374006695,0.016232995120001505,0.2918986808005531,0.0006334312079892984,0.23721895090111375,0.004738092136557879,0.08515911410288535
2022-03-23,0.00983848747525237,0.7973897662106777,0.016606348783994924,0.7527993749310447,-0.01504138886787508,0.2588974367466329,-0.00956867134371035,0.18117411960670005,0.009541538713551305,0.5408304934282975,-0.006235804068480199,0.2937013456484854,-0.006645050433478501,0.2210583378812341,-0.0067348523355705535,0.29128709991419677,0.005551409466628953,0.23751509117863137,-0.0026927586153797844,0.08195167699871798
2022-03-24,0.030495974449133822,0.7450047595857807,0.030986884582756485,0.696455862638772,0.02014426076496682,0.25265227422515163,0.004284833676312549,0.1729480054377912,-0.003921547883402283,0.5404722902641892,0.0017697504297376197,0.2848930026245142,0.002219385556895072,0.22029703754049287,0.0045734723443361155,0.29139735337829625,0.018728857208478274,0.24075213581275826,0.005902248483348814,0.08347160513816958
2022-03-25,0.005788166378863486,0.7423992190791159,-0.003442075267313216,0.683412650760768,0.0020588306754354773,0.25036639027910945,-0.0029938552445135,0.17086502644489818,-0.02799137037638754,0.5444436895224211,-0.0023241796051135313,0.28502987568813515,-0.0024240445577974343,0.21810678768377498,-0.007052648875878401,0.2925752497011406,-0.006978785114494839,0.24274258539181062,-0.002994550028802243,0.08456582173686118
2022-03-28,0.06019355857568573,0.7344127090365055,0.07082106586790161,0.6726870610193856,0.00652980555440385,0.23932830073033695,-0.004530670299289617,0.1685821062754621,0.013050905162003709,0.5318000783799115,-0.022171570320616903,0.28755273153035016,-0.00027913423024830003,0.2112743348427289,0.0034248053806467736,0.284849720995359,-0.007884211031810232,0.24453818486626897,-0.0005897454656388116,0.07951778958750465
2022-03-29,0.003931407285790092,0.7234487240403871,0.016188042629378733,0.6640852192065935,0.008972851647990662,0.2269926024606062,0.004243558366616758,0.16609440181751053,0.007968729973576933,0.5319246208068427,0.013205600517957574,0.2853350561590603,0.006262534015578726,0.21216423436531748,0.0027710773090017476,0.2848097733780187,-0.017541131486087082,0.2535985274165613,-0.0032091924534003516,0.08089714343374077
2022-03-30,-0.013371764386407397,0.7265188204525483,-0.009803105253656566,0.6682145766183817,-0.011157358150765856,0.23091675009227247,-0.006973910623864821,0.168958961449383,0.008738288024176836,0.5221384821459243,-0.004455768153410264,0.281298497584342,-0.00016180585053424782,0.17963135673387898,0.005089200741082158,0.21785849786100267,0.006338248284328087,0.2529258867728605,-0.0048437691516771,0.08328731485488895
2022-03-31,-0.030791269270287247,0.7350678996807993,-0.02892967194618782,0.647021094592517,-0.013649594954585854,0.2139759253497661,-0.007574260497492268,0.13250353954267774,-0.008527155645145284,0.5224410101665972,0.002788508711154518,0.22961935765951788,0.0016963323306839143,0.16649236349821392,0.00021042815653350764,0.18638321924358586,0.010213915143953796,0.25172462396795076,0.0021267402722958315,0.07578328820732019
2022-04-01,0.01725643749750644,0.6160201648568708,0.050973264913014675,0.6270502304048647,0.0044774044489518,0.21375508605218244,0.005234815229979151,0.13237680218336537,0.0038334729605089624,0.5210755809407362,0.007369300789552041,0.2035942755903579,0.001776220701285287,0.1647361297792952,0.012782128362253734,0.1897231852864319,-0.014489710028940296,0.24508532920238837,0.0010729834874887438,0.07371962417997506
2022-04-04,0.008468542505535503,0.5997082828286974,0.021696056376278746,0.6017328009827634,0.009185333589159751,0.21244178025938312,0.009386694733282321,0.13102224088746253,0.022049321244052383,0.52682560642253,-0.01841989512469662,0.20718550488653897,0.004505469533163747,0.16482020358752328,0.022567296697364913,0.19612396712722346,0.006376021539224293,0.24554346501206326,0.0011269510570261641,0.07330972117575783
2022-04-06,-0.08327599224174854,0.6093453299633927,-0.1117338045509304,0.674280921242595,-0.029581019521762626,0.2390398092293819,-0.02409087350215037,0.15231496397755345,-0.02621491715263845,0.5294654165343596,-0.03406899816182216,0.23141728167956988,-0.023496488198319173,0.18343298651134787,-0.02089131867596207,0.20764564711336628,-0.012799292420543984,0.23913207480351548,-0.007185426535277565,0.0766100157685143
2022-04-07,0.013384172645351801,0.6028950952219242,0.025761531959613403,0.6525689486445146,0.010775613965856133,0.223728118789972,0.014993740175433338,0.1599742885176503,-0.0054150913502513795,0.5163842731133867,0.0256529972606805,0.24765014303180544,0.0108802826500772,0.18150875255674356,-0.002953329435122435,0.19512485546375635,0.014526734713585105,0.23186794680185727,0.006531248413818777,0.07617116276024233
2022-04-08,-0.028774080993997926,0.6097920590953423,-0.013244704142179913,0.6499766859182491,-0.0030746554106127594,0.2246593613093022,0.0032083336224020477,0.15461672337517096,0.0023841293580114144,0.5158704484792574,0.0028217583687274437,0.24150318529050405,0.00784926927416757,0.18079332799876732,0.007755142041573131,0.1894512777040804,0.003605249803854152,0.19921886691207571,-0.0004201087350605107,0.06890492170642919
2022-04-11,-0.06758643796456455,0.5933473924518583,-0.06834054553705034,0.6803044678402614,-0.01696736670702731,0.22168262059821195,-0.004639441476920151,0.14228557003168985,-0.030456181265429934,0.5268451182054188,-0.02301204186320023,0.24797620611351084,0.005299850423733266,0.17315285673853864,-0.0061165285144685255,0.18544802393485502,0.0014436452547277948,0.17569141305612,5.396787766907149e-05,0.06875139278912598
2022-04-12,0.014140710258546322,0.5394928047314861,0.015352235175966521,0.6458315327028026,-0.00448158207366674,0.21558230128057998,0.0005733944480695452,0.13549572836898408,0.004018665112684177,0.526931487006629,-0.008932070342044006,0.2396074893233521,-0.001036845169268206,0.1714852385113927,-0.009275763394478116,0.19014797286559462,0.013138630677827771,0.1826563803615728,-0.0010582815432144698,0.05938105399459372
2022-04-13,0.029692638313107547,0.5457015756151498,0.032731531286714195,0.6458333992642774,0.015228824086518898,0.21602599206481415,0.009295088429658035,0.13762664897918167,0.00665667778576854,0.5246279988687508,0.0051912849058674245,0.2360166948461408,0.0021276202172254934,0.16239881561344985,0.0009938697204619443,0.19006229536772748,0.008619036079873467,0.18464979875021648,0.0041162208176171,0.06065835923245092
2022-04-19,0.009840143594949948,0.538674697196915,-0.0028654026735368938,0.6463593132202369,0.005217545833859837,0.21564481258417648,0.007245406551543131,0.13532896758018376,-0.014119028122079724,0.5007690082076851,-0.017695858325837845,0.24224685810179394,0.02632231722563459,0.16041404252536634,-0.028319583861592133,0.20604104824386593,-0.011142736326643483,0.18757046158904694,0.0017108707403878586,0.05721071804462445
2022-04-20,-0.0009345193156114452,0.5365326736259198,-0.006365084120859506,0.6483607099214408,0.0015446821244169138,0.20878374213427145,0.0015141539328441987,0.1350260738131398,-0.0017448970543228858,0.4414265745000977,-0.0012622584790074264,0.2422583031355151,-0.0022424572649342263,0.1610506690940888,0.01259895230946431,0.2020668705200431,0.0004233775984005282,0.1743054843208013,0.002163348530599318,0.05661868995782903
2022-04-22,-0.04239326381994865,0.5377164936701821,-0.03947358536877754,0.6455582695518496,-0.04509267078838857,0.2559800003036817,-0.04086711654118956,0.19644998588499196,-0.01647843697249302,0.34579888511669743,-0.04059650211451459,0.2560941082123859,-0.010392494283957892,0.16402914791806092,-3.4200665903910224e-05,0.19524107222234763,-0.013067925130516569,0.17374698352824416,-0.0020977388597103637,0.05614911036662421
2022-04-26,-0.038518709404182165,0.5524697577117962,-0.051067770198959084,0.6711688910209558,-0.01969312536529344,0.26113490895205804,-0.008925226127642108,0.19701834866344123,-0.031201748610229913,0.27949487158492387,0.030842382856286044,0.2850973926111205,0.007296632153915396,0.16339447319636294,0.00485386505865342,0.1888238599409593,-0.01227241524434637,0.17141832925686462,0.00317511841919264,0.055916722648117576
2022-04-27,0.032526428648323634,0.5659708166913274,0.031781049932577576,0.6732259389233696,0.005569542678768166,0.2588619301565765,0.01157148496687849,0.20176587836674767,0.0038654488537158468,0.27775145382034033,0.038548310141165755,0.31485522160534957,0.00021904245659681133,0.15394117305401794,-0.006012602926139615,0.18600122075143527,-0.004711602647276144,0.17002561293352272,0.0034736936538036205,0.05672513009706982
2022-04-28,0.009283376076980952,0.5514376601405565,0.012281921731914405,0.6659667298753205,0.02024512469628824,0.263092084914862,0.014422043103216377,0.2076244067563823,0.01228834877358719,0.24727476574632848,-0.005867876246504235,0.315063741768858,0.011737320946874581,0.15065165964149488,0.007855017228902165,0.17909918691093268,-0.0027169682594087095,0.17013095640408374,-0.004200530644543914,0.05681829605574208
2022-04-29,-0.028176187302801126,0.556081002184971,-0.040666344794624304,0.6769143048066947,-0.035432993426666275,0.28415258008617966,-0.01635577792219547,0.212368148664563,0.04090095198843339,0.28841506657219385,-0.022446587274756187,0.32227329679807554,0.014456154497816278,0.1531481352455519,-0.006771403842302203,0.17911631478626136,0.012374138802251322,0.17486413603579182,0.0015261663580279372,0.05607747270769418
2022-05-04,0.026213180178295818,0.5528535008369144,0.041862625495130736,0.6848386522737807,0.03831966716440886,0.30893716864788573,0.020856631361923932,0.22539107310327933,-0.011999279550990845,0.29047155561582017,0.006841409407352786,0.323789419197571,-0.018560215763789405,0.17039666302596765,-0.026751361376392984,0.2004344844605093,-0.023994062513627002,0.17865013163049134,-0.0015902187620951654,0.052547953559777504
2022-05-05,-0.08805014733977322,0.6213027056760436,-0.07342291335124551,0.7273917080400844,-0.04240946017479549,0.33784975894704466,-0.03700756991529338,0.2581908323990029,-0.009668531487440115,0.276662016628365,-0.04252672547683872,0.35115383520353743,-0.018701731150572158,0.18446165083887112,-0.005805980246290231,0.20005211519866303,-0.0023664633540515395,0.17787560583610698,-0.006108782610696442,0.05575410710608402
2022-05-06,-0.007631185578881402,0.5677222314637487,-0.012841458048436444,0.6716276145780886,0.00139221011480317,0.336192201943299,0.011064250478074742,0.262119296012375,-0.0315698791684384,0.29008433479628615,0.02743412113198715,0.36271521034755977,0.0035957462757709485,0.1845540027978551,-0.009319610833422117,0.2009480869673886,0.010917255845441676,0.18216026866260285,0.007082594528755977,0.06115380094134334
2022-05-10,-0.1392252215935079,0.7131394961845832,-0.12903651185319903,0.7799387326657091,-0.019402690657098716,0.33592442952095236,-0.01193722679413544,0.2635918256885293,-0.007853913564356127,0.2873284605494019,0.01734382694088722,0.3652887782405082,0.01228672158049467,0.18770618577661405,0.000217273375844968,0.20035679819888452,-0.011494662423675821,0.17647986017339928,0.010703947122096305,0.06985687554170489
2022-05-11,-0.07084412071022912,0.7344644361326887,-0.12430052669405628,0.8631810350344147,-0.017817289119406093,0.337963268519315,-0.0021239376273432665,0.26305090849512014,0.008489927451226174,0.28718760101145546,0.00543553052358042,0.36625892823821954,0.0037751709445897515,0.18771266544870258,-0.005719169665548808,0.19885847679434396,0.005661752048667634,0.17614047778207095,-0.0012170570237083958,0.06722785851508484
2022-05-12,0.005742934998813049,0.7399392274763282,-0.05285390903047107,0.8694265075442731,0.0006038143641886536,0.3377491004279238,-0.007918473816039858,0.2631438087248761,-0.020748299502976048,0.2925133610935968,0.014766184179625767,0.3706066873319409,-0.014537914882371909,0.19614310137214727,-0.02056152851427824,0.20775729727397774,-0.013767162011050238,0.176431250724198,0.0019006193583009652,0.06718462774824586
2022-05-13,0.008397594008488723,0.7348743940872654,0.02684620831931771,0.8471127813081296,0.02391727897207318,0.3516171380633418,0.02267116535461364,0.27590619710214576,0.026736971309833584,0.3112906681942951,0.011788976023210324,0.3722596964604885,0.027521120325986193,0.2164776748076459,-0.0013085506867730355,0.19917997641218238,-0.008704890281411146,0.17243775768097214,0.00032801101520362196,0.06722238428999325
2022-05-16,0.020155410509215984,0.741830253742661,0.004664236703961361,0.8373673913784753,-0.0034056291423085207,0.3479685871778068,-0.0031168470303326815,0.2731969651773181,0.003116366592665002,0.2981006941045096,-0.0020211501304714043,0.3670783326780261,-0.007674834806320704,0.219031466202262,0.004352565609022841,0.1768122853923622,0.003917897122680101,0.17115629825845424,0.0005485793754139401,0.06723339128788008
2022-05-17,0.022784994701265156,0.7189903460078105,0.03702342735531653,0.8020997771549371,0.024078603310859925,0.3507277519546393,0.013670061274871248,0.26573642753229065,0.03631772426170011,0.31922996855062424,0.009510332755786863,0.3474723273349039,0.0030273306429503544,0.19885421586846358,0.030091158942360873,0.2059534318612599,0.006697977838997589,0.1689963759027774,0.004109683729397261,0.061176834205371594
2022-05-18,-0.06327031555329281,0.729500620863164,-0.0923584514339227,0.8242401328915262,-0.046814501810587786,0.3781050908429394,-0.02804297730360235,0.27656356437104573,-0.0036347885619443182,0.3190310339078182,-0.05355092848112513,0.3844974529888126,-0.004330421927999767,0.1982506611332646,-0.006749937826542556,0.20639266846985496,-0.0068464403415376685,0.16009277190292912,-0.005580692519338944,0.06289817475892938
2022-05-19,0.059785829273766446,0.7773161067516838,0.05745978866174063,0.870947487176298,-8.25080144774656e-05,0.37850290880000403,0.015688998231321635,0.28290858786537043,-0.019995639054175545,0.3248300844101215,0.018813470960591563,0.3910928656247123,-0.0002695608257962442,0.19737375916501898,-0.02112271413453343,0.21152472783709456,0.019604637175868793,0.1760832392112954,0.005768356762870294,0.06489960921948615
2022-05-20,-0.04256576168064992,0.7605049106060118,-0.033797141030521546,0.855191004577953,-0.004993020589057367,0.37619742441734494,-0.009388034987913635,0.28403983378219794,0.023964229169366105,0.3209574307434923,0.0010470693172990584,0.38321559795696386,-0.005509979016410364,0.1985767482972256,0.02334240917952375,0.23216430231555168,-0.004813277306048838,0.176167768868865,-0.005139151681047835,0.06843328790735839
2022-05-24,0.01682084181255974,0.7617869068447132,0.010331856790035123,0.8528234309702972,0.01159544219834787,0.3805356778817611,0.0032030432394347477,0.28445862643441927,-0.02812729211054089,0.3347476872256244,-0.003441384056734968,0.3821366511922361,-0.007709877861125306,0.20093413303054278,-0.007341698527495186,0.2316037948505297,0.013935674744942263,0.1770300591952896,0.0013643976898451685,0.06805816174323674
2022-05-25,-0.003767914164378748,0.7466325347206352,-0.018028875315136285,0.8317124496891977,0.008786999614712578,0.3770376008086917,0.006937117682842003,0.2834317245064829,0.0023131978820207393,0.3337250101400002,0.0002645172754664436,0.38165987354241365,0.0010732180302105972,0.20089729120556798,-0.006799663852777703,0.23151394812195691,-0.010804597779527742,0.17567464504078423,-0.000619386034219071,0.06734269936707175
2022-05-26,-0.00979493650758381,0.7415006560639411,-0.07497633969356989,0.8485251050003205,0.019926929045009232,0.3851554771889933,0.0073209679451317735,0.28346207436478515,-0.0024390352765892537,0.33076036560821426,0.013053071596948167,0.37887741562736577,-0.004730138570760618,0.17924765604849208,0.009205825808118623,0.2164194119926686,0.0008885753030172339,0.17317016967709867,0.0002387630372882851,0.06729145704457089
2022-05-27,-0.020384407104011043,0.7396200999233641,-0.04306256962252074,0.8478424674677084,0.02615461211437452,0.3986330944193218,0.00850942755076686,0.2855056448009574,0.030155914240629054,0.3482286043015919,-0.009207730655333212,0.38050886720704424,0.011138947932594866,0.18351452441302307,0.012924252933587246,0.21668945242587007,0.0038223449148574217,0.17415683811965021,0.001713481918552745,0.06719069255547419
2022-05-31,0.10344503599146415,0.8415608641715586,0.1172958984254165,0.9817565309234262,-0.007703166176004333,0.3682997582753846,-0.011604979383329822,0.2503964545356402,0.0325570807873839,0.35985249408028736,-0.010021658130533333,0.35233175040451303,-0.010938567125077342,0.18392009616211338,0.0126848100481686,0.22218178032781588,-0.006065291509841642,0.17008860804190085,-0.0014090309823374192,0.06686675659972806
2022-06-01,-0.06373994033029341,0.8567802354245507,-0.06208451072804332,0.9869655700087616,-0.006503914700613702,0.3625720156298581,-0.0010268012126978228,0.2483451643892724,-0.004748051912763238,0.33969688023302663,-0.003552140906193286,0.3369341594519789,0.005914200290473358,0.1833046356115944,-0.0027263767158715734,0.22126145448775156,0.001332599489511903,0.16566701824897387,0.0010069903405417035,0.06630158772855095
2022-06-02,0.02199060001331412,0.8507829672124273,0.005593650469638631,0.9737686880696114,0.01807119151787481,0.367625122472114,0.01712699701737793,0.25222291147404236,-0.010208893996963257,0.3431469862956118,0.02687148073314111,0.3224729916710341,-0.006999742771009071,0.18493649540322787,0.006157768362590018,0.22197831084990768,0.012315515465324662,0.17103515846194817,-0.00019203389767024346,0.0655546367417805
2022-06-06,0.030631379220495934,0.860532050797214,0.01503117658572591,0.9750036404853064,-0.011931819627050614,0.36260969909063573,-0.015115046581840236,0.2526059871602579,0.027961182390298288,0.3525796982714516,-0.026859557418547803,0.33525234550894034,0.0012888554576404193,0.1798692015034538,-0.002103204108799308,0.21982746966666297,-0.013316254878503896,0.1769901988081482,0.0014180965757304045,0.06334415061580945
2022-06-07,-0.00525261859973082,0.8582757367375298,-0.02300280286581575,0.9724345719307276,0.011109047590858906,0.342407197742003,0.0064680029853227084,0.24720043647926782,-0.00404653923228481,0.32653506540303767,0.0045902444644273,0.3263989363558366,-0.01156893690592288,0.17465301212983475,-0.007658239017752725,0.22013457339132783,0.006133421981091844,0.17253026017004278,0.0016307160591390003,0.06336122275686294
2022-06-08,-0.03260743477905895,0.8516367412421655,-0.013286177087788105,0.9465252688192773,-0.012787110835783476,0.31723474945942026,-0.011900355283292674,0.23877337917730557,0.020215417142882868,0.3285173438888577,-0.002339203565807016,0.3256338099872627,-0.0028022176802283156,0.16402948206439094,-0.0056021661282785904,0.20050826900108906,0.00044429063322578086,0.15051169791426858,-0.0019344877956281271,0.06353310506453239
2022-06-09,-0.0027023727504704572,0.8060279645661819,-0.0013997872049093824,0.9307410223262581,-0.02339537086983103,0.292060584406255,-0.009131635968735802,0.203046542373724,-0.005625826206517329,0.3268043305155949,-0.00487325891786696,0.2877778876457967,-0.008915006449193586,0.15410984963309096,0.00811320236594012,0.20138557607691862,-0.0009842590850033576,0.15027255712649817,0.0006910867953243988,0.058456210882668856
2022-06-10,-0.03352832803129426,0.8107792817367377,-0.07105405476921658,0.9472936921144726,-0.028328523604903746,0.3074546913379003,-0.00100994165883933,0.19907393163823048,-0.001542774462593483,0.3018409498689539,-0.012901165845292464,0.27595386521770265,0.0010048441630631242,0.15344297714013255,-0.015695976538349237,0.206442883077266,0.013417333180106449,0.15270241751590066,0.0012138912065056654,0.05422932936145958
2022-06-14,-0.2653993761780001,1.1229927873294734,-0.31347295319480617,1.3425304889715848,-0.0389368785606801,0.32824721878918584,-0.017459063316941845,0.20392731743120698,-0.029927301307586297,0.3225647046072128,0.013399432029379267,0.273108534959916,-0.009441334084593222,0.1482842455640823,-0.025035277462788892,0.22415355765475597,-0.02930581287183703,0.18035319541891578,0.004383871468849551,0.04290505469669971
2022-06-15,0.014106374109857087,1.1086439264024537,0.015381157128002042,1.3068439449204585,0.012244257862528297,0.32741688666425,0.005222143246351275,0.20489979134921008,0.009107545042813747,0.32268379409433084,0.005548229558516871,0.2731393586412529,-0.007561568307927523,0.14798136486311086,-0.0047853749588481235,0.22393045897885308,0.0009574052166838503,0.17912374249340088,-0.002242800974006288,0.04356046879626485
2022-06-17,-0.09781457866819021,1.1458948371240043,-0.12673833978062188,1.3515032093565968,-0.030953747993476256,0.34292408230338717,-0.0347517766601826,0.23599204596398216,-0.011194149489865447,0.3151055279647469,-0.04210341662035964,0.30270654361722826,-0.0410259460987231,0.1958784557518265,-0.025832698897802167,0.230389043271213,0.011020631805224378,0.1766075125281004,-9.998822064909103e-05,0.043264390765843784
2022-06-21,0.011052128273884751,1.1466529420559564,0.03408723810067607,1.3554188236041067,0.023621886194701583,0.342634914036055,0.018714469210644596,0.23119245792078488,0.022236353749767252,0.31143763105856653,0.024406278097992395,0.3135108336635538,0.017114100087936346,0.1773977928390696,0.021766503047450664,0.2437715943431123,-0.0011055182183433694,0.17346971311623693,-0.0005605887659703581,0.04337756923790752
2022-06-22,-0.032987437863755395,1.1401863802734924,-0.0649091167795345,1.35607746054557,0.0012721473655189178,0.3429256415452547,-0.014517434737615994,0.23529163127402633,-0.023322833166538135,0.3256507192534564,-0.011554847678187943,0.3150472535852422,0.0013319727566339916,0.1779396098990879,-0.011949665488761432,0.24651688148965548,0.002411070632680125,0.17323000770336694,0.0025745674608763517,0.04408555916341029
2022-06-23,0.05426449986853667,1.1596743840101205,0.08459579964058514,1.3954799985495925,0.010231622701540875,0.3325258143738132,-0.012003647409517787,0.22989931781454556,0.013275294738175536,0.30494381933570025,-0.00012471012962955486,0.31198137124568565,0.01195806824560645,0.1848169385084036,0.010002014874589368,0.22342573945020192,-0.003954965349221673,0.17269830669994482,0.000744550215984364,0.04200690757308911
2022-06-24,0.006241238718652318,1.1498561891774266,0.06980237540314226,1.4149003365552282,0.02945696883479147,0.3110553983979578,0.0194536210093866,0.22524390192080715,0.02004939461249155,0.31064741115434397,0.013881772663809237,0.25839634382776494,0.007275306205230238,0.18840286269318257,0.008476144566624967,0.2254495057358363,-0.0002104520343578003,0.17069232572793874,-0.0006485708951095001,0.036516436101086576
2022-06-27,-0.022241776757556585,1.1182869480590178,-0.025998742429041908,1.385998242128768,-0.0015721604824278067,0.31112287105664704,0.004649424721368543,0.21781866723189125,0.024596725268410717,0.30764929535978547,0.023034133472579283,0.2626962132928654,0.01481054539093908,0.19798117006627833,0.009828753014782211,0.21619165778216973,-0.001665330081936983,0.15639045827247455,0.0014053394079128368,0.03129710189348127
2022-06-28,-0.019769830978352262,1.1147136712581367,-0.03959458766006737,1.3866205686979065,-0.017938811332427813,0.31705016427611227,-0.0016216460593319738,0.21611808825074366,0.010578964316971915,0.3006747137359743,-0.00018642834778974396,0.26266652744792424,0.013971454541935546,0.2051372915576899,0.003555638560237873,0.19990850466270346,0.0005408944792543304,0.1555255222869326,0.0024098618170673176,0.02520970771227296
2022-06-29,-0.0007205902952285299,1.1097052528962383,-0.03266157714163379,1.3807942667674928,0.00731392314448725,0.3153581375123794,0.0008120929675183336,0.21561373947790902,-0.011082453824680953,0.2827209081456752,0.004020511604002781,0.26274264314391266,0.0012295525071819953,0.20388624611547185,0.004796742762747436,0.19917941594735264,0.005932922258531499,0.1488101717635834,0.008025921964659663,0.03595070500372537
2022-06-30,-0.01822398857809544,1.1085690337606755,-0.03143285994731053,1.380469008210033,-0.011012143068180954,0.3154184982590294,-0.012864238342649227,0.21657072777450687,-0.008442302364391979,0.2865274211278955,-0.029520660382173245,0.28226246126344573,-0.018654654146244055,0.21290977489096663,-0.0034080703512417688,0.19807088417858112,-0.007521368597146428,0.14632896991750236,-0.002214276821813291,0.03722459669156924
2022-07-05,0.020804924356943734,1.116551925572793,0.061619219517012956,1.402458739982207,0.012603425250897662,0.31012357078869374,-0.0029412832205488017,0.21354016726131764,0.00021591129105132586,0.28584375752071284,0.026065779532272525,0.29388103214654226,0.010766295588733673,0.21685730656738328,0.002459269227699483,0.19553805875738217,-0.023203758687545324,0.16642102999718125,0.0005220388480647818,0.03717749848890589
2022-07-06,0.02300103826328254,1.1248816762459426,0.050597621985498595,1.4214664063365732,0.00898538471046466,0.2959639214401211,0.01356570140787596,0.217680471847607,-0.006768298053526663,0.27289994196865847,0.020345074990707403,0.30065667816576713,0.011949684664267199,0.21744450474458493,0.016673207229930626,0.19910531977641738,-0.009967663480605392,0.1678382163146509,0.005418589005398533,0.040310113484117664
2022-07-07,0.0475594704695982,1.06602120092379,0.037664540736988085,1.3519173954677437,0.010756800261910934,0.2989052674355844,0.013490985630091691,0.2222796431453735,-0.0014279119717077603,0.2511112815331001,0.023985599127777514,0.3081302923627896,0.00504370140110401,0.21520172365589488,0.0048127597481099705,0.19459580546970368,-0.0023692100049054554,0.16720788549146107,-0.004096922919019382,0.04334128437378845
2022-07-08,0.006558865999319715,1.0552754756506195,-0.010019996116695028,1.3437622230578818,0.0014150268907686006,0.29859197064945414,-0.005101377428630882,0.2225815579903333,0.006111473158448082,0.2505654454775845,-0.018824210964250382,0.3163314577533667,-0.0024928162499411083,0.2141811204288157,0.007666969174083288,0.19634516899123652,0.003798008797362604,0.16801750098887058,0.002245643286896118,0.04358200843617483
2022-07-11,-0.08310122615257892,1.0727033807653625,-0.10672326484068537,1.3748226596965352,-0.010209459529465928,0.291316673652456,-0.010974862632466664,0.21349024611896955,-0.02652707898824029,0.2664106962810265,-0.03544146029812804,0.32744589788672923,-0.00956298383704896,0.21533344173715296,0.0011013519910065095,0.19515937489473198,-0.004723500706295191,0.16023954447833158,0.0013849581310595481,0.043387103604907405
2022-07-12,-0.031071893237447586,1.0578863263680272,-0.053470681745863266,1.3711660147476936,-0.007443140345921444,0.28994866795742075,-0.0018428123956736038,0.20905470315138727,-0.011360529794243455,0.25094890473672676,0.02562237834304132,0.3261180879350817,0.017547818393420483,0.22438237402249067,-0.007928843296112466,0.19693527080235784,-0.002036594718638551,0.1553861414947915,0.0018437281515723248,0.04345629699104862
2022-07-13,0.04491919288219963,1.0818937834638886,0.0700885096943404,1.4116249889979835,-0.00448443117443861,0.28569283063040707,-0.0006126886564022738,0.2066270668761336,-0.0022648299522884815,0.25072609945345203,0.006973588320162705,0.32652650147974444,0.0017493945342134042,0.2203669338471986,-0.005741208392700574,0.1961568815819948,0.006287531102829729,0.15548889700233454,-1.7567062621938637e-05,0.04356846021333291
2022-07-14,0.02170701971416271,1.0899978299375235,0.07180593397470725,1.4487102251971509,0.0011542296381567303,0.2839319635951246,-0.013666729326660307,0.20768479853806787,0.0018566181483108278,0.23930533712746316,-0.02241038506158269,0.33666804581969606,0.010708398829246586,0.2225982232332038,0.0024021737652297737,0.19539948284187025,-0.013117002758186693,0.15982646649404741,0.004157368450920967,0.04350511431950348
2022-07-15,0.01375494818929987,1.0942037343240374,0.035206670416286424,1.4595627835136316,0.019905982805040724,0.2836508846954517,0.01265266457588473,0.21319215571866326,-0.021163388704809147,0.24855637308054318,0.011250229947090025,0.33808897842473484,-0.009251427117828377,0.2227970741214593,0.007798765726772035,0.19523918406577925,-0.0003460269432584959,0.1599258982818069,0.0008867511464071427,0.043476308442442234
2022-07-18,0.07420353554188226,1.135606045595133,0.24508055627914702,1.7013300188970897,-0.010376281756305158,0.26789220499581945,0.0013452302727451158,0.2134779712460834,0.024676910606286614,0.2654980553673987,-0.000549006641685014,0.33427802287358005,0.0014580174625865119,0.22279361185343272,0.012208663200249728,0.1907688419773586,0.0020088224432838623,0.1500851819615744,-0.001977539270469216,0.04493858723490616
2022-07-19,0.043283817765173545,0.6744612416666024,-0.01902200987632249,1.2724775261319097,0.03113205340548639,0.2478354293853639,0.01994585244636827,0.21824599424922805,-0.005015858278343601,0.24447869665806513,0.02242134986907958,0.33964025217368776,-0.0010732803045962794,0.2195356544472742,0.00768305366790359,0.16572138735986447,0.004346510056416176,0.11811489343588566,0.003878535761755778,0.04451242876696387
2022-07-20,-0.008946704818216354,0.6746626547431648,-0.017051619809325708,1.2765493083442143,0.0036970327592102973,0.24585023487771446,-0.006349227445974266,0.21840507178208612,0.008938053507292194,0.24440155268151487,-0.006122804501365131,0.3406086755838642,0.001359152219310021,0.21691425924186997,0.008791998083998926,0.164423204260135,-0.008340741542381904,0.11998739318067951,-0.0021814611818468687,0.04445441001362571
2022-07-21,-0.001047259998986322,0.5682596996583739,0.03836846383361587,1.1761092439192942,0.011658428460566455,0.21339746432612747,0.0050013374775004,0.18014667662857492,-0.013492932417269916,0.245875866876536,0.019900011223343114,0.30617748898231806,0.008561890229302564,0.15014252586920615,0.006941076283226722,0.12503263436726197,0.009582315763769769,0.1181079465856558,0.0018453617710618056,0.04428744245920226
2022-07-22,-0.02244963708477194,0.5771105355818669,-0.028117119577772465,1.185724808070857,-0.012223978613704022,0.21061450266995324,-0.007441403173867644,0.17081818327195933,-0.0012979176883797794,0.23229463643071185,0.0010939670738557335,0.29773583756961136,-0.008403497253554255,0.14928144626532008,0.0040060639102765675,0.10943898643806717,0.005524951765233849,0.12099447210584947,-0.002847691319890089,0.04611771863135965
2022-07-25,-0.060160921533652004,0.6068609626438917,-0.060457419671910845,1.181992149452937,0.002578281028617039,0.21048591973585118,0.011261344101492222,0.16640974413047868,-0.0008732755443971313,0.21772293223182063,0.014568426743992065,0.2948113781651282,0.003661792832891846,0.14910329993948443,-0.004040263908339112,0.09741627611679286,-0.0034369827758421196,0.1201454042534103,0.0012639780553113124,0.04581662370442203
2022-07-26,-0.007658597658366545,0.5798251609507085,-0.004411161301775459,1.157052608159095,-0.013543896430788618,0.2170602580391931,-0.01459060565941075,0.16922798934343794,0.014567059585125814,0.21875680500553538,-0.03278698086507661,0.32208243623279065,-0.0060873802277674255,0.14924464989892192,-0.010820887514871926,0.10906672304187533,-0.002690121997852042,0.1199713566930817,-0.0019335538315252603,0.04696636728184368
2022-07-27,0.07808320527413123,0.6380712336934379,0.1279872047540381,1.2100414783128326,0.027307832503399222,0.2137965650121672,0.018024898787769063,0.16734289375232006,-0.00984092903896342,0.2086648448698737,0.01688981990337001,0.3235041695655696,0.0043698395626913505,0.14843461772567934,0.011024343284855034,0.11082194416102935,0.002302509354041984,0.12075200387488161,0.0014877837247701075,0.04664796402683133
2022-07-28,0.039135420255506766,0.6408476975426054,0.053179543872195895,1.2075400170968582,0.012137909155405576,0.21587879868216364,0.006112854671686767,0.1678120030805722,-0.002236599479973049,0.1861368592481925,-0.008782892968569683,0.3178356469041882,0.002960962114923925,0.14152674084568503,0.017223485893019055,0.11857920269146267,0.018063935211491352,0.13910269561066788,7.758936349263152e-05,0.046737915831213006
2022-07-29,-0.005108896039707067,0.6349398107534555,-0.002338220303896807,1.1917468463860528,0.010646524433486421,0.2032526098694832,0.007817122091358751,0.1690268083108873,-0.026274407316974703,0.19670939744615357,-0.009507968743592339,0.32021363606771047,0.0037131694989762125,0.1347996512715212,0.00995431006484907,0.12023340779570837,0.003711713098444975,0.13995395970892643,-0.003461251348267094,0.04882311879135062
2022-08-02,-0.043106920606035465,0.6590555862988184,-0.06400507009724793,1.214028915619494,-0.0172808042131301,0.21622349225151816,-0.014526142868163108,0.17804092199599916,-0.03118731380833772,0.21667369466210798,-0.005610522162442846,0.32095393459537,-0.0034699752633033567,0.13585663355502067,0.0030820323239169143,0.12031912146141777,-0.003128424751949768,0.1379911720536512,-0.007769039289342298,0.04953864567811356
2022-08-03,-0.010202097330667334,0.6558738402057079,-0.01311227288409258,1.2061127684940536,0.011059420646964658,0.2113957890955711,0.0011034544993964728,0.1708942823337161,-0.0005231840265258402,0.21697414341908372,0.01744309340938255,0.3056778642792804,0.011569202235444213,0.11962117621547905,-0.001999252550359055,0.11926510902952915,-0.011882045055901307,0.1412944103621893,-0.004458035623126026,0.05133895591475751
2022-08-04,-0.002964254621153756,0.6545884863990896,-9.673679639303609e-05,1.1979809160174908,0.005737628497783346,0.2093093902558425,0.005440147106987898,0.17059307106723667,0.026855218223098196,0.24302175501644502,0.027656839368852295,0.3072253627718677,-0.0006712631002797119,0.11632650680679087,0.006161496769225683,0.11917880329148191,0.02371575140131709,0.14357366823628737,0.0065152709473669706,0.05632396121610302
2022-08-05,0.029138367857226344,0.6569918344367147,0.07476713392115605,1.2094631820986266,-0.0011646002498531876,0.2091760115650677,0.003952217537162732,0.16551015902498234,0.0018572552350206812,0.24347642841658082,-0.007721555196715628,0.30289385568872546,0.003373905376960864,0.1108198654371633,0.0013537984906654105,0.11120397882425809,-0.008298173254978366,0.1421014686122235,0.0004624687690658952,0.05295140679638462
2022-08-08,0.025314596092411094,0.6435732337480321,0.027892487186896988,1.2079210268370606,0.0019868407087213335,0.20751587066340157,0.01148103287839105,0.1638097509014534,-0.004497109537029847,0.24341632615519182,0.012226306674230105,0.29472262088083845,0.012118014481804325,0.11611665653767822,0.010532756842982972,0.11354299278540834,0.011034857960912277,0.1457511442866173,0.003225157830842249,0.052104930574609534
2022-08-10,0.007896651582362076,0.6436366306815083,0.044146883924310466,1.206997748593706,0.018920264249336478,0.2145375196962858,0.008530519703302404,0.16381762670642533,-0.01983757546534733,0.24719005685392806,0.010937060151623079,0.2869879658344844,-0.009736286995928415,0.12220473919281635,0.002661359566467616,0.11291838848252986,0.0070237265309299355,0.14680484999150137,0.002110850024855486,0.052040969470633115
2022-08-11,-0.0056448561097825764,0.5609023717687248,0.009737892406271575,1.1170189328308235,-0.006763341099352204,0.21200582967595621,-0.009463151284996,0.16238273968067088,0.01731021593866714,0.24493956245436407,-0.016640095957801745,0.2617295011122008,-0.012184877150956036,0.1255313646245517,0.0010033239632159722,0.11294976612533941,-0.009348851747815648,0.15018844144927984,-0.006057618177150416,0.05615466303482237
2022-08-12,0.024920842136395074,0.5443881706579027,0.04612078501248418,1.0809618698799355,0.023678907030988936,0.21810755007169308,0.014990494649285693,0.16761385672230858,0.010650081703687727,0.24683760309558533,0.04623912054894231,0.2915708052347764,-0.002446113638338086,0.11175027885390502,0.00871942806322481,0.10541841405196162,0.011465450245478096,0.15345801377663137,0.006504860079496354,0.06039138675559471
2022-08-16,-0.02228723815070623,0.5417022692294813,-0.04202470964665007,1.0985568690822858,0.005067907138537853,0.21507998898100103,0.014655868794082604,0.17186733538183022,-0.018645429873999326,0.25388703922270434,-0.006133860964174329,0.2937768355073114,0.021284423754419447,0.13281893780475884,0.006388155289089745,0.09840453277446859,-0.01499047431596207,0.1635442483959317,-0.0007676997436432578,0.06046275984858196
2022-08-17,-0.028309886853664,0.5533322813224406,-0.029455781121173016,1.1001236694818928,-0.01239205683744733,0.22384033193457661,-0.014029001806340268,0.1723307375079111,-0.00012023145391948937,0.2535719877399209,0.005611139310876569,0.27760708843068505,-0.0019086677121122261,0.12895002039232092,0.0015257959372224138,0.0987746451126094,-0.01242946151351911,0.1628065891880539,-0.0051279419697993454,0.06105970209269587
2022-08-18,-0.0025995308309802265,0.5531998824798411,0.010309588170313832,1.0992002867216522,0.004963415806183756,0.21746807669294563,0.012470422537080276,0.17221142899924063,-0.005089144755797091,0.2445281764249958,0.008133185161457297,0.27698185024978467,0.013363933921386966,0.13027707251162413,0.0033788632227257876,0.09852260495484069,-0.00014804031081396118,0.16278529954469398,0.0026964261997988476,0.061855479424539714
2022-08-19,-0.10091122977108136,0.6065367984842404,-0.130363590419127,0.8718215316136784,-0.007868516582434235,0.2154546590115147,-0.0002471131148112979,0.1725628432707203,0.0057042023712741636,0.22702294509587265,-0.015065504039287133,0.2852225318614481,0.008128967740069755,0.13197166456050663,-0.00597533925935015,0.10192318355403808,0.0007190059579957032,0.16276057716440004,0.005115412130604905,0.06427900224062112
2022-08-22,0.02655907756488714,0.5928940128063895,0.007777577745409316,0.8689854063047877,-0.01973864114520239,0.20887573683254282,-0.0008160346634910017,0.16236413325665772,-0.0036484557302698464,0.22688337192671154,-0.006799507415751736,0.28001826708440186,-0.0027082419949482376,0.13261953441960295,-0.013298423232916674,0.11753374052529102,-0.005918800445449407,0.16404868523924218,0.0018937253212921344,0.0631383418736146
2022-08-23,0.005591772428355719,0.5935976556659411,0.024086222367852184,0.8691115266615065,-0.0026671918607448575,0.2095049318501969,0.0037688368122097307,0.15913393036846896,-0.008278218449665533,0.22380204511665308,0.018287452469203085,0.2826211949246698,-0.012808366372974325,0.14250542951077133,0.0045235872316384245,0.115880601441733,0.006927870797510298,0.16208226626334718,-0.0004268214263073786,0.06268889077258516
2022-08-24,-0.006567144193241514,0.5936053547049555,-0.0038071681242812486,0.8605090372113443,0.0025451057840117286,0.20657185688183233,-0.005496346486729171,0.16162564522498937,-0.012438359857815792,0.2232248048919692,-0.01025746836622026,0.2809266604191009,-0.001585946556360626,0.14054188697528466,0.0011935821181229913,0.115106004819774,0.00020550065133257417,0.1592931735428895,-0.00036681091471233026,0.062343208693620616
2022-08-25,0.008854177391564496,0.5911616564862243,0.022774670279775783,0.8559064845889398,0.01327040257471595,0.2039826360750521,0.007734626121799778,0.1583526026316276,0.034866666972232736,0.2593940070632151,0.006169515743259864,0.2810778282815611,0.008567998444397866,0.13840327124293964,-0.005420036056899859,0.11833941830451947,0.004925387047555522,0.15908616466209427,-0.0007228392613911486,0.061588331209396226
2022-08-26,-0.06300733617374113,0.5947384064544687,-0.11682334479024556,0.929114007929034,-0.03319019593111751,0.23905584624076842,-0.016379224100932576,0.16929514399347242,0.011190355623786123,0.26310596857186286,-0.01011540173276166,0.2813810034787364,0.0009190208733010003,0.13828473507130992,0.0031564751798040546,0.11612759617680077,-0.011286523868061886,0.16399863081622854,0.001078380385922074,0.061544151049020265
2022-08-29,0.002826079069726626,0.594705510722563,0.0305258160630609,0.9339385155095027,-0.005735203636398955,0.23452381719060975,0.008595743535189502,0.1595589789836036,-0.006173770484610022,0.2574586679006578,-0.007917332961595448,0.2546572115975854,-0.004711403313405865,0.1373812548900932,-0.013155583625017793,0.11974969631839014,0.0012414319436167053,0.16360761695646134,0.0009534715609258352,0.06121082596209594
2022-08-30,-0.024891223533622695,0.5225504612665796,-0.01886977063378866,0.8191514114147216,-0.010979312242172603,0.21828194451896257,-0.02092191978777469,0.17014316512991282,-0.003665786354631654,0.2559496479271395,-0.02387487273492285,0.2657492805678289,-0.0010874287325903743,0.13740376074886884,0.025567559677376277,0.14145762533799366,-0.00763606125166253,0.1659576378435548,0.00011010424994447849,0.06101465475888047
2022-09-01,0.01129373789080408,0.5000464744346118,0.03483914068837906,0.8055654834017801,-0.01011068958248273,0.2158109941591992,-0.013706093395651315,0.1766306867087209,-0.022933234645593124,0.266398213531646,0.024779846337651783,0.27519813450931474,-0.01581217374863836,0.14981458729033154,-0.017520416148028236,0.1489689699858763,-0.020811468724280295,0.16782753803360578,-0.005254703641524753,0.06374722379890832
2022-09-02,-0.00573980458607445,0.5000013468892887,-0.003552796058178138,0.8055413562597192,-0.008684877465639446,0.2125466901062825,0.00907354456562135,0.177362272750615,-0.0053358090613191056,0.25247620352911865,0.017523045527753075,0.2759516581558515,0.004511754865496049,0.15004486192011787,0.0019186062591472666,0.14580070139675105,0.009859874271375807,0.1716167000402052,0.0021096751050849872,0.06304967862028654
2022-09-06,-0.05753112540374745,0.5149349792800919,-0.009027946830436414,0.7761268523496654,-0.0032733663128826453,0.20557269759373406,-0.00991376067401778,0.17317586336568103,-0.011969983540283266,0.2320674200593053,-0.025785582273825224,0.2931567649500953,-0.002239850080614958,0.1496741254029395,0.007430504751633818,0.14730345577057996,-0.004682802929449667,0.17190166535814339,0.0008300983780126737,0.05621602812971262
2022-09-08,0.024120375890078122,0.527469650734551,0.04437851793442414,0.7908191473719298,0.023092967384017893,0.21877344074125524,0.015270344906796641,0.1805774436402707,-0.019904282354050798,0.24140409063944543,0.01755851636032892,0.2932282795043181,0.010805042651234689,0.1490005998640171,0.006404390565416751,0.14777868654432477,0.002788715343450745,0.1681481491684374,-0.0016708481625944804,0.05390251126112696
2022-09-09,0.10156914700036608,0.648731410724509,0.0506460676385847,0.8091651988027744,0.01586506431368644,0.22547754743392023,0.015352126833208477,0.18667827218502336,0.027240751920748738,0.2419801783822993,0.015780298357453915,0.28341090633552074,0.005185515890170456,0.1496899957599296,0.0026510971280762218,0.14695346864375056,0.005498469905677876,0.14500669819400339,0.0007090493324751733,0.04948513176560766
2022-09-13,-0.05646451025342213,0.6639688250522137,-0.0882823653900537,0.8252619224610546,-0.03808387712608484,0.2601850054764518,-0.018646208191007315,0.19918042161723148,-0.006286170429234907,0.24215606794904446,-0.04145702023047342,0.32044655022581875,-0.006552929127688999,0.15164465116341308,0.00877227136521203,0.14904593367618185,-0.010960770782207184,0.1468353299430647,-0.004413365578106546,0.052159011793876775
2022-09-14,0.00036504743417758225,0.6544969823148646,0.03667853109057923,0.8301188205554603,0.006490305188396366,0.26160241088627856,0.021185874181742354,0.2084887857431519,-0.021920711853804595,0.2517575466990456,0.019901602067579013,0.3249320949490995,-0.0009222199772545464,0.1456992037776702,-0.0005668292113128993,0.1458967686921126,-0.0018887893837808698,0.1393006198779485,0.003109016109551444,0.05207338556591069
2022-09-15,-0.028904424281144855,0.6559199421704407,-0.10694902114351768,0.883415880428884,-0.01325211020803253,0.2525012366404116,-0.010475101279237177,0.21028191157342993,0.0024449266598544407,0.2445118061573407,-0.012483898308107044,0.32628748276050157,-0.0010815368999667714,0.1415053319708637,-0.008912540419292554,0.15008284342885903,-0.020371793802870245,0.14810924512259266,-0.0018698380398830083,0.05197658423872699
2022-09-16,0.008580382279345947,0.6587825363497359,-0.022064914829621748,0.8808688357671428,-0.0022438956697497805,0.25229635218290897,0.0025644734100912932,0.20746770016438965,-0.0039563762231340175,0.23450390744333732,0.014840654484524622,0.3240751249643257,-0.0007222642334203892,0.13412072041463097,-0.014611049264563459,0.15933927844905202,0.008739848144535479,0.15254243455215757,0.00496415410591328,0.04997565058715217
2022-09-19,-0.01362216300957578,0.6474361318150997,-0.04108515582073926,0.8592454945700632,0.0048329360239802235,0.23454952421352457,0.007907692458887988,0.202723939440665,-0.012466972132237925,0.23148272001560066,0.02188851601733747,0.29118198956243396,-0.010772969202154448,0.13969733115111205,0.0031993826738840386,0.15670390560844616,-0.0052962499649172635,0.14358249707723902,-0.0020007617007254466,0.045474606392572815
2022-09-20,-0.03377465469874286,0.6512766999305256,-0.039123875437056116,0.858225559014322,-0.011110291888255932,0.23302423620822635,-0.010842134099328526,0.1993109692459407,0.011730358875490291,0.2309774777492994,-0.008910733931917785,0.2921369199312763,0.012020457212752947,0.125243109690987,0.011174476879602623,0.16006489471354837,-0.0036828986805607818,0.13748960370439736,0.00022582284834448386,0.04538098786626758
2022-09-21,-0.017652442135778587,0.6487645417632029,-0.05503062456294476,0.8675958161474441,-0.016572302719061124,0.23510057464290549,0.00012711289584840197,0.19345051392145546,-0.01735460702838659,0.23645748297693964,-0.010186534701320327,0.293688549666746,-0.009150823675074434,0.1291072221046546,-0.004817787136712996,0.160843669637318,0.003640377317993091,0.13493331656650645,0.0006923713794450547,0.041234235210803674
2022-09-23,0.05581387922401876,0.6881635860456434,0.07480262411167198,0.9210073000547396,-0.009685344626184061,0.23246153876989775,-0.013141736850969149,0.19272225354675168,-0.012002701979774771,0.23834045394547837,0.009123711387963916,0.2940701465453366,0.004569056542897336,0.12068468303479207,-0.006153870230138696,0.16153433135393322,0.00449870639617258,0.136810790128855,0.01616077797160061,0.06830242651073189
2022-09-26,-0.0015192393622203025,0.5990525694910139,0.007674742573675886,0.8212966123881456,-0.00802126966337875,0.23247717775720134,0.002115673963335754,0.19307093646476217,-0.001906443824832814,0.23605260699459363,0.006434090213773457,0.28990053514558,0.0036388077700985756,0.11748907747692758,-0.01574131012247929,0.16893534895152557,-0.011088532446697113,0.1398572202884144,0.002373091226901774,0.0668715756419764
2022-09-27,-0.0014170590721496645,0.5893894302124794,0.0005368107811924177,0.819912944629353,0.002310364143194903,0.22864600077459662,0.012902488848830128,0.19922662348907583,0.004684270786122711,0.23794023051956723,0.02217762309336395,0.2977399608855234,0.016977734685519556,0.13259571437790532,0.003909787407000211,0.16378537993244627,0.00652522345740849,0.1427864731911613,0.004432975098019658,0.06792670345966835
2022-09-28,0.01774132083705319,0.593469198774687,0.006792852160128373,0.8134262497713425,0.02081336586101548,0.24552208160758066,0.020654250334655695,0.21208067541497236,-0.03334477311955672,0.25912482149948685,-7.49082228490263e-05,0.29187498463261874,0.0019385626331782132,0.12424120341243244,-0.007455455567072722,0.1645645332062632,0.021837380806737614,0.16255818427023386,0.001332221679862817,0.06773382692003796
2022-09-29,0.003876937605521535,0.5939595444047824,-0.004943000919086243,0.8133393987448502,-0.024980042972667694,0.25477053863021876,-0.02171220203827447,0.2246258459447602,-0.008669271917898137,0.2580402651548623,-0.011635875515334217,0.292594683725752,0.0003096961295304041,0.12397687576569998,-0.006032473154649318,0.16530631098274087,-0.004772220645070103,0.16287969581814407,-0.0036272481495700903,0.06953208119160555
2022-09-30,-0.006606218761733383,0.5923829350659321,-0.005124749924817931,0.8051608742712837,-0.014544246816191188,0.24747496622359988,0.004180780901615335,0.22330109473973056,0.00405175583217023,0.2176332790204591,0.02652384564744058,0.30523436861906017,-0.012995477566756654,0.12929939100636528,0.016929417256799993,0.17598379770237343,0.0029858813739076983,0.16204190821968845,0.0006371047300180178,0.0692840069039987
2022-10-03,0.010320987156490808,0.5536126394336188,-0.002924739940262984,0.706585747469306,0.02605399282290314,0.2521013263796487,0.03213131377511869,0.24289884825786093,-0.007849278772501415,0.20845597419574965,0.05777599879509971,0.35718467594064374,0.012056350990661656,0.13613922594399652,-0.011683763605351127,0.1799000503373586,0.018680108325624372,0.1725227242911445,0.000499415291972896,0.0693041857406506
2022-10-06,0.018332864383524262,0.5573983871291646,0.022699074335210744,0.702099481775241,0.019370247460833042,0.26426207872388324,-0.007110695418482906,0.24325769420507298,0.0547018782865784,0.2984767658367217,-0.027533011663553836,0.37248858765009496,0.041719911521612814,0.1963652998754958,0.027541028246122885,0.19914755292253047,0.012606767625237058,0.17814730578861912,0.0015628165143666286,0.06933484888411479
2022-10-07,-0.012148694548768777,0.5518958713197444,-0.005761323156469735,0.7004480123002038,-0.019864063012771105,0.26958844401323373,-0.002065365388814397,0.23046643191692673,-0.006624019668509245,0.2986066803354246,0.003180950024122751,0.35812719263981785,0.015690123975848354,0.20105355346861484,0.007549110503608571,0.1800614966061252,0.0019744587904387844,0.17584326557759658,0.008539133518706983,0.07397141599550379
2022-10-11,-0.024802276840627187,0.5573792562782371,-0.03967076653649602,0.6945934680399023,-0.013190873098790783,0.2708300222956995,-0.016572159019174307,0.23308061941012426,-0.05167806180665938,0.3356622929192278,-0.018920376621423134,0.3607566755172353,0.0021193106983168567,0.1888053060386482,-0.01843739355058557,0.18122217320160458,-0.01203235175856436,0.1645360894474829,0.0008703184471858175,0.06996597659038382
2022-10-13,0.01456856798544845,0.5596048710124961,0.00397693907608648,0.6957633905412919,0.01965670474614464,0.2810421775396857,0.021822624280361965,0.24225504909564444,-0.029394218787896925,0.3456716422977727,0.012703407592094509,0.358794932202568,-0.000257898854196841,0.18941144552545486,-0.00086954675868277,0.18113591881787872,-0.007877383742019604,0.16422368269188461,-0.002681354911320276,0.07155332537193324
2022-10-14,-0.010324594391616367,0.5209720110899986,0.007096422541233991,0.6977553448865845,-0.02404318890677336,0.2914944015893853,-0.01967843517592632,0.25061341103709905,0.011960397297076656,0.35096482664768947,-0.025789898832501806,0.3587993530410967,0.013478583289547185,0.19079126184080333,0.009924446370453664,0.18262258646492516,-0.01718743401499005,0.17443711959234587,-9.606816224487932e-05,0.07172788805438834
2022-10-17,0.021532731114135013,0.5196811943206024,0.02876885298907352,0.6851375573370552,0.028817136729004312,0.298472070404796,0.025502011897619373,0.25992105092409123,0.00417741483575827,0.3484598093196219,0.029205200003716014,0.3667795293487284,0.0009216223953238818,0.18985594847651222,0.009992410006264702,0.18458772245519897,0.011958090039949652,0.17927868330787894,0.0026816121714424847,0.07094771600920877
2022-10-18,-0.01377728705849225,0.37521353029614973,-0.018748194220458744,0.6514368814800213,0.008712808497923564,0.29393702284485623,-0.0034880294098447403,0.25607452777358086,0.015320976702310014,0.33708178544789724,0.006389936303438168,0.3643916891504273,0.002470344005282809,0.18991107596490434,0.00741648902991941,0.18608364220600487,-0.007489654576127716,0.18006807334505334,-0.002649959709163717,0.07243210926845454
2022-10-19,-0.009015628121436827,0.3229018257723654,-0.017915579565727383,0.589546394249851,-0.005579461465180387,0.26488791409510887,-0.004523029536107491,0.24671388671474614,-0.022980245691848335,0.34281467817777544,-0.001450207130343541,0.32661918911194776,0.001405210482372812,0.18626854968514908,0.0025607860338687886,0.18384757438860366,-0.01200895470237065,0.18087465875132627,0.0011149937745040261,0.06924140442621216
2022-10-20,0.004105960250786439,0.3233707390077729,0.0066185770859933536,0.5696316171907043,0.0006159526711504192,0.26350604094715896,0.006882341246418928,0.23748362521521313,-0.005531240433499984,0.3377468655776715,0.021878765297241427,0.3277958347257505,0.006718792457081235,0.18537124026494686,0.01154646484932818,0.187926147927846,0.010624266213500504,0.18480495861792828,0.008598639409917124,0.07312431895902326
2022-10-21,0.004145814083616187,0.3071550649673187,0.010899263727657123,0.44928911180990544,0.021381663290670278,0.2712734484613131,0.01330879021370013,0.23692292143014504,-0.006399773708150633,0.3366833034974751,0.011166716052711188,0.3216431265263563,-0.011861842706706545,0.19328258416021166,-0.0013631099371452556,0.18479806354409486,0.010244346464043203,0.17204796199200276,-0.002066096569777205,0.07325783832993048
2022-10-24,0.005548602092795919,0.30635147513119754,0.030630245537585057,0.4594563961864082,0.008372303204950598,0.2725924457520365,-0.009962167037404964,0.24077386985356583,-0.0690070486958748,0.4021915051965643,-0.04688781086689903,0.36928884058634087,-0.0035611935083175294,0.19445842349726988,0.005309335259934358,0.17603978408884133,-0.004833732969293258,0.17134018754651661,-0.0034396370001607067,0.07471320321547119
2022-10-25,0.04071432392345125,0.33149590362560793,0.08584774854637825,0.5268474122300838,0.018799968339463305,0.2795083732549309,0.01564473523988242,0.24469430413455998,0.0016982602119703786,0.4034243101488761,0.017917241754276256,0.3670697634963427,0.012153577767020984,0.1883933215361855,-0.0015407521285703597,0.1764385888174086,0.0051479782806365445,0.17038348696150357,0.0026641983235883445,0.07363675985287325
2022-10-27,0.0007701893920798672,0.3034564513087494,0.026787237162847,0.5069874098350484,-0.02215534609742041,0.2881722582574013,-0.005880547500895754,0.2419507565165873,0.008470085628688668,0.40158650702209925,0.0060289271668819465,0.3643535788416573,-0.02738724455603948,0.21773682779317363,-0.004084500361963262,0.17422898105150125,-0.0038706987427174107,0.17045553659969587,-0.008639020645246092,0.08195930043721926
2022-10-28,0.019919613382681032,0.2963006262145907,0.03155722181691917,0.4582469254834295,0.029105157574119533,0.2968379760889046,0.011834492042917593,0.24393440917450926,-0.03252414723455442,0.40940810493527685,-0.004450225923310533,0.36203581790111283,0.002642383305025162,0.21296629194284997,0.007583783682315966,0.17415819406306,-0.008009755267381773,0.17328685190882911,0.004777120803263399,0.08274578043019475
2022-10-31,-0.007315719404802617,0.23929787879022318,0.008551247523331806,0.3970128971399465,-0.009951339515880286,0.2969820320682668,-0.00157874400510848,0.2375017461190021,-0.014455166876171752,0.4097448659165144,0.00098350424395214,0.3618140735761498,0.016648759727894483,0.21747889434499573,0.010123597141336512,0.1739698104528872,-0.004728180701412289,0.17378798000638002,-0.0024690124855438985,0.06452462857791824
2022-11-01,0.005425693748833621,0.23865086901879712,0.010372893865937002,0.39703247858604446,0.0018284620442692466,0.29435100279444365,0.01083337039663472,0.2387581224981854,0.05701834707294229,0.46885814549018395,-0.0073652973779584005,0.3638336842746464,0.020984546256259055,0.2247761979986472,0.01330596964163663,0.16436027608360287,0.011485383440041966,0.17255175511672635,0.005938125764628463,0.06683912158848897
2022-11-03,-0.01160437698729394,0.244051014052532,-0.029038024067773067,0.41753267438775327,-0.03403733573166602,0.3217143028351687,-0.004694540283512555,0.23823325007563195,-0.005571618800941492,0.4672517799306389,-0.00537192179702506,0.3584136932493352,-0.004077342055326096,0.2228678924112887,-0.003196961248467098,0.16619685632442607,-0.00889322398952304,0.17512817076079473,0.001924930537773537,0.06570304356640881
2022-11-04,0.042836422544369875,0.2760202958523373,0.06902666866438019,0.46880470518503536,0.01103124758226324,0.31611811808691975,0.010268714865343866,0.2312153070961355,0.04969619007591967,0.49488436582060974,0.0028161665815383775,0.35833171107802136,0.010454077274763794,0.2236630856554874,0.0010682345301317039,0.16162758757897172,0.024901707626907004,0.1800294750511227,-0.002495575703300774,0.06659787575635413
2022-11-07,-0.0346663759426173,0.30775332334784916,-0.05620440128332648,0.5207200238680243,0.0009828503503105026,0.30147076112208465,-0.02052722490050111,0.22967498517287324,0.017929673023512734,0.4992996218264406,-0.039895268401584624,0.3845393722015314,-0.026322415377473332,0.24801746726251475,-0.0038687650434755566,0.16010483954964183,-0.006196437425148877,0.1806613941114187,-0.00858521132904861,0.07247567788796809
2022-11-09,-0.26729338115558593,0.9857664582073673,-0.3616886157362878,1.3836532958282042,-0.02238968805752075,0.30819191802784596,-0.024554845751542195,0.24814174349943946,-0.021434885280681954,0.5036538375460574,-0.009676296002708926,0.3744609884870733,-0.008351040028813086,0.24462966195118055,-0.009494496208158036,0.1595620212730447,0.012868360962352481,0.18532887158457734,-0.006975186173977717,0.07672646988619539
2022-11-10,0.10128294980725969,1.0567928538688482,0.16573334262677705,1.510525781078473,0.05319805646077299,0.3467392442430519,0.04034734927433144,0.2622306623297717,-0.017827968157765637,0.5061694440847629,-0.026657213385769166,0.31793944860305806,0.0057799733411487315,0.24288740084737975,-0.00787346520657163,0.1556948050107633,0.022480936447154893,0.19022233753240655,-0.000754459204024704,0.0767375020525647
2022-11-11,-0.042558341444434586,1.0606631926314536,-0.020106536115426815,1.5093506658328657,-0.0014415755383641456,0.34209869158500883,-0.01912135563808553,0.27048896251702764,0.06340190040492079,0.5193849195753043,0.04139556621804593,0.3445122445090421,-0.009653839033468599,0.20261740187003988,0.007036139888349632,0.1288801770384769,-0.0017100153730208332,0.18609482710272568,-0.010639887843133244,0.08463462386281476
2022-11-14,-0.024554946101583337,1.0621116294649562,-0.0359062268124596,1.5136485748260073,-0.00880077431902078,0.3351126282349537,-0.0151322638987417,0.2761638272909299,0.01575992943604324,0.5229537690250404,-0.00354212643794121,0.344133051374048,-0.015277620282478581,0.20263384613368338,-0.0009453067711403073,0.12765239304100526,0.004469429598835079,0.18649311638054875,0.00017516622589719056,0.07783526335888176
2022-11-16,0.01018899077851373,1.062390839625646,-0.014054067110512538,1.5087309140399738,0.007499447272531452,0.3302234270947412,0.010395962684450293,0.2708950974221414,0.040601470172305705,0.5088872596921172,-0.009091950525464968,0.33965676872813516,-0.006763347418602125,0.20350905664931657,0.011492648825222326,0.10913554237403357,0.006772015507101057,0.18134136282135185,0.007110353969736155,0.08266055347995897
2022-11-17,0.006298981796566802,1.060645890415247,-0.007029650415589779,1.5085503681868364,0.0021209577316877786,0.32522052726297196,0.006190592801277636,0.2615858020592101,-0.0058500844461925675,0.49644472936437345,0.012848430479222394,0.3397330803156577,0.01155053519765603,0.2080716765760398,0.0016371729615455841,0.10834276333832697,-0.0016896857553911878,0.17841684316820394,0.005215062375917153,0.08487552623495888
2022-11-18,0.0009777981844431756,1.0609945946716206,0.009887635773971306,1.5088342514813902,0.005110465986899218,0.30993935389583865,0.004136570810619883,0.25058445742798796,-0.002294824707255904,0.49602824450671984,-0.0028977611931399073,0.3280870831950644,0.010107908331615166,0.20555467642579658,-0.0016149185031950769,0.10664300843578804,-0.004704181426619656,0.16622764789006345,0.0003631703387411072,0.08491182943774257
2022-11-21,-0.05613219285338447,1.0687586567952956,-0.08970586185171858,1.5324223668967174,-0.003952642531844718,0.29802240524350043,0.0039059627297057396,0.23600757390088326,-0.019884984361891567,0.5024797265725386,0.0003258463804836793,0.3101037227267051,-0.0007457156001231901,0.20548604807386653,-0.008161842506277528,0.10934538104326176,-0.008372563031220089,0.1668871325756449,-6.139273156908531e-05,0.08419094884677303
2022-11-22,0.027720564884405312,1.076889971956862,0.026456164626519216,1.5368904985409215,0.016034456073842296,0.3008937867356027,0.01980610728574869,0.24389463130191302,-0.012552351325067506,0.5025838119407118,-0.015673535898467574,0.312269513586646,0.019590128158479363,0.21697036039165132,0.007174451434874081,0.10919069386131619,0.0030637451432045984,0.16350500344914456,0.0025458498040135925,0.0844572317329413
2022-11-23,0.025512514836767683,1.0833949506362517,0.04128137035236057,1.5453033053586254,0.005741823892768403,0.29927010894520384,-0.003330773082318629,0.24351115296828488,0.007210184514906019,0.4953615861210654,0.003917282030482601,0.3131019054493346,0.0026678620005727584,0.21710335834854672,0.0011072184578117287,0.10917035334862026,0.0036341670298040093,0.1550913485523614,-0.00015544214896974704,0.0843090092455854
2022-11-25,-0.006093785660968183,1.0826439428707222,0.012474246632501044,1.5459571239553562,-0.0010126313958107244,0.2995391799701258,0.0023222391095699475,0.24294695703943386,0.0009546176530536493,0.4945773431389945,-0.005089503323485242,0.3003350496474827,-0.016322167973075043,0.22304664808904853,0.012620297675511864,0.11044929231085891,0.0040729457958912935,0.15266683846199883,-0.0007295471336082953,0.07780040543722067
2022-11-28,-0.018428224096090847,1.082391221506436,-0.024173589713818857,1.5464690703110493,-0.015389616722980051,0.29925645891438263,-0.0024097374382605315,0.23989650009491004,-0.015673869036616855,0.4977408219237173,0.014882599278844704,0.30292844663098084,0.003946508089361796,0.21990873461777194,0.0028722806651179413,0.10992839874719353,-0.007382105462998991,0.1538582627098082,0.00017508007108455525,0.07771947796258799
2022-11-29,0.013702874710143967,1.0841053222843184,0.03899266952881669,1.5492119697846067,-0.0018307231018262625,0.2985786985066937,0.008542796627762748,0.23744724105913834,0.051536052038645155,0.45374718292762684,0.01100419340805377,0.2623427011265921,0.01207140338164369,0.2234408160423034,0.0027371083398640373,0.10929163859162311,0.004520939761348586,0.15215365995723334,-0.00023758940020190324,0.07707017381268627
2022-11-30,0.042822120721603706,1.085328795075065,0.062496979815597,1.5339413395067512,0.030240997658954806,0.30938919957292055,0.015321637187546111,0.2372199121904989,0.020754583521253808,0.4552570878888769,-0.004279631660911963,0.25346662444876333,-0.0008007567750550182,0.21951075397203879,0.00726973770613477,0.11014785484517292,-0.0016112864156115222,0.15234933349864266,-0.0002376458623400712,0.07621183158380833
2022-12-01,-0.015798726343159746,1.0851302533631837,-0.0190941107132937,1.5296639797172742,-0.004864667577399208,0.29796913053897695,-0.013186315924227471,0.24167254889169903,0.002689895075702314,0.4557534545096468,-0.03453905763255044,0.27548876778173403,-0.01153914444330083,0.20061678383486714,-0.0011140810329324014,0.10847077838903953,0.027073460640587226,0.17365554061657948,-0.003996657747792644,0.07164378071442429
2022-12-02,0.00537544035935969,1.0814195892818914,0.012266209713477054,1.5247379371268095,-0.0029569203502067157,0.2826375185439294,-0.0019519089364297315,0.23922001677735627,-0.008265238247010444,0.43550598913870825,0.007583206821442919,0.2782850313749896,-0.010658013424887926,0.20432583878734054,-0.007968163128984641,0.11235981650108225,-0.004652818855349044,0.1712415492764452,-0.0017615456864453637,0.06918982420028547
2022-12-05,-0.0034816395056307204,1.0816046704397613,-0.02391542391190316,1.5240431349056671,-0.014854227515018534,0.2855901647170756,-0.00811799572860047,0.2412473318592633,0.048074220706314945,0.445554869353382,-0.012983628134252743,0.2798074957115954,0.006204383463753951,0.19676732842769443,0.003466810841950951,0.10831199197793266,-0.012794726605619009,0.17831296788201195,0.0032020221159539406,0.07019134047161119
2022-12-06,0.012568186275520829,1.083124408771126,0.015298269211961207,1.525010448411476,-0.008668718398284522,0.28754256315426724,0.003956896471561069,0.23884633460820673,-0.00021151456467367365,0.41698584210473005,0.018852957195734363,0.2902821767101467,0.016703757675162672,0.19140743717818984,0.0027127677966324645,0.09937947349126718,0.006909612843633065,0.17632960871559336,0.005835151024701555,0.07007359724643959
2022-12-07,-0.00846378244531235,1.08308794173348,-0.025563153722723816,1.5245345409487836,0.0038970881337436784,0.25860336473064444,0.009418926346074082,0.23992106345175684,-0.026169090782947376,0.43246631689722964,-0.004560635834404122,0.29020062499948934,-0.001423957537484954,0.19101065168116724,0.0013395314730031127,0.09831303018348436,0.014875667705246207,0.17537027805427166,0.005761195387125324,0.0729343647519413
2022-12-08,0.021172163517936222,1.072582504343349,0.0372958807321142,1.5075084066416296,0.00605159785082988,0.25707185915991976,-0.001671670531501591,0.23782289343464957,0.033858522233728774,0.4168744441304505,-0.02672871992098174,0.3010569540435922,-0.013123195609741048,0.19156202396225247,0.001186418381568865,0.09831456027634725,0.0003485471034857129,0.15852706540708478,-0.0014420365631033793,0.07262494928194624
2022-12-09,-0.005526021640830431,1.0688799904467046,-0.012912905218218858,1.4990050485840194,-0.007064370599155037,0.25902803885085796,-0.004560497859635723,0.22601952578775836,0.022233240850058202,0.41840128435639073,0.008337095571093214,0.2738049004904502,-0.0017790565404919468,0.16910747275277666,-0.005764862438535083,0.09971421210537293,0.005553815423857866,0.15517398830545415,0.00031234886505814767,0.06599144451859484
2022-12-12,0.005893169011430242,0.5071366318355983,0.009765648161497414,0.7820480676586841,0.015803209401479407,0.2477299498311999,0.009484932385305803,0.20661098287074367,-0.020204266424294834,0.41731502200126297,-0.019104991025864666,0.2791437687134188,-0.0036010251118656126,0.16707188363773345,0.0016546790911877616,0.09221298171460982,-0.008211412440230027,0.15633426528910294,0.0016249021018294994,0.06076598829357689
2022-12-13,0.035672258277975995,0.38557181077699154,0.038207850951825294,0.5463980876928387,0.01007069280270447,0.17247575641814294,0.0011647927107525905,0.15587796063225462,0.008046760762331713,0.4062388948187171,0.006038657401221943,0.2656887669870076,0.009985755581065283,0.16956810705793615,0.008782378042757475,0.08894177794756249,0.021392482652769874,0.15461808691081094,0.00280746954724723,0.06102819898917999
2022-12-14,-0.0010060229874446012,0.35139928336722676,-0.01146806989449839,0.5428978280459503,-0.009006070253451756,0.1760608049969566,-0.015049222112867187,0.14970559542554393,0.0009993876604137795,0.3568388398876902,-0.009162222712170603,0.21844008669319154,-0.009282374664500517,0.16930481911620235,-0.00012823507858759198,0.08754886579696423,-0.006469515420051055,0.15709281863144037,-0.0029349536296157607,0.04716195874116035
2022-12-15,-0.02434881529729626,0.35119437859865443,-0.03209321221935826,0.5397004677023636,-0.023957912178097836,0.19379221316840384,-0.013846474062703104,0.1479735753229351,-0.014234823545093922,0.36237400671604847,-0.002298517349091203,0.21844662777410484,-0.007416249482486408,0.1623726473803881,-0.011958607864570906,0.09957920445414814,-0.015626044722188183,0.16849116134044617,0.001279565723728153,0.04703747070602301
2022-12-16,-0.037957983653820686,0.377832869328642,-0.07639503856284316,0.6027559039989654,-0.006968414618332937,0.19362203176473985,0.004113014299855054,0.1447550219152536,0.00848126928219529,0.3393134616310948,0.0019269150126855691,0.21789745980147215,0.01881081066321468,0.1719503006372037,-0.0037226810569263623,0.09393221732195296,0.011408380575475968,0.17114284610977418,0.004231825327678605,0.04337524459610119
2022-12-19,-0.014154416690377118,0.38083297350741163,-0.0021493468192922984,0.6023628055615102,-0.010641534918160249,0.19666820160033202,-0.011920534726604608,0.15030501075289224,-0.006278322212142082,0.33946989603208333,0.013855813646665436,0.21881505938012635,-0.000913372385860011,0.16830293545283637,0.006662577752588835,0.09616888389433657,-0.0028789757041922147,0.17147073440988336,-0.0015932059770565183,0.041484705172130404
2022-12-20,0.02624533514714869,0.39155710609914385,0.04026462344590359,0.618028069843831,-0.0007065692374329317,0.19546899041604052,0.0004304142853511814,0.14965742444596083,-0.014939987798960028,0.34509374365006334,0.01860158897637379,0.23056888720866364,-0.020259885552506234,0.18021203832932603,-0.003653313255852777,0.09709849943655223,0.013908005967369899,0.1751553435403406,-0.0017433699353235769,0.04234195190507795
2022-12-21,-0.0045987219181041665,0.33275444544889926,-0.0027098843892559288,0.5237434230020206,0.015424336171126781,0.20332863409031945,0.01105632422420899,0.15392823590110827,0.005076386008350415,0.3347666348544154,-0.013986778755647631,0.23452718856445068,0.016392384780695542,0.1893172978355357,-0.009513566414869775,0.09877158388954858,0.0006657875020725192,0.17094978725935636,0.0006657875020725192,0.04227079728220307
2022-12-22,0.0036817803886622412,0.3210662960626688,0.0066891252732142695,0.5179691592771324,-0.011636577520561964,0.19797753285454367,-0.007479096216365402,0.13900613376026136,0.03068588196333966,0.34071179427721754,0.003246372067041827,0.22980689317999073,0.003937930358470679,0.17671362635639087,-0.0010297299093066153,0.09610113835178534,-0.01312242487334685,0.17955708067989132,0.0029205649775836643,0.04250206768956197
2022-12-23,-0.00203045612924503,0.31019971984515804,0.0015771885456705248,0.4999339998447051,0.005806304571492289,0.1980075374936936,0.009805313515380226,0.14342247504124628,-0.004535128011695876,0.34278755929616833,0.01528122101751205,0.23625536409003614,-0.0005319576750509005,0.176382763154696,-0.017886022968507647,0.11492029330877339,0.004923418759172505,0.1797620103186141,-4.464770042302171e-05,0.042476815517960106
2022-12-28,-0.015848872142071743,0.3148957739100259,-0.026232789991435124,0.5077682745662161,-0.01734419191647649,0.2054070523387683,-0.02090215974726094,0.1598619486114998,0.014950634364695237,0.34369593124656583,0.027940328835933847,0.2553274777775035,-0.01193985295445398,0.17201535530234568,0.016380932062395753,0.12092966727224644,0.005466784134176947,0.18002498106136783,-0.0011928774388682035,0.0426990714429126
2022-12-29,0.006325122443015443,0.3075008036666319,0.010624985982774693,0.5009040054077073,0.018227111932490006,0.21136760497050655,0.016812638699558523,0.17165029825445557,-0.007888843226486338,0.3383792913476873,-0.005783994431723043,0.2511180474830097,-0.011032012180779247,0.17520890255516916,0.004689183704679056,0.12170390203440022,0.007312251477641572,0.17744124767945085,0.0009164776174958816,0.04267259397653164
2023-01-03,0.00048800493831095796,0.3045114870930733,0.00914820275945985,0.48346033544565703,-0.008316233757539036,0.2129873951421528,-0.006901682025785825,0.1698303899171081,0.020000769696129957,0.3015847342861305,-0.03897462768162276,0.28130034386798997,-0.020979361574329714,0.18152532885523293,0.0005178491671299532,0.12125291421997736,0.009277064608016144,0.17877922599552554,-0.0017636856301547403,0.043409171059597886
2023-01-04,0.011897303918324463,0.26802028985224063,0.03475239698640448,0.44681654425458744,0.008473844518427994,0.1841208707009672,0.016845793093666413,0.1717633829174762,0.03360032742944832,0.3129029135477691,0.033956568826362936,0.30802334787314223,0.028568243559951686,0.21115343656234212,-0.009490367656003761,0.1218205307241421,0.008058696398273746,0.17875049397917736,0.0009631499562891679,0.0433123122118478
2023-01-05,-0.003013737633064325,0.2622328531787603,-0.006297807947066074,0.44238933349254206,-0.013154789051082598,0.18791330660994826,-0.019553871222638734,0.17869864025777468,0.011262275986373657,0.31316977432049137,0.010207324192458084,0.28395427125241657,-0.015734184081709998,0.21423496636486242,-0.0042603300078935995,0.1222848664210512,-0.011203444311746144,0.16367953775043828,-0.0014409199146254712,0.04066758920308971
2023-01-06,0.0065631741674502635,0.2625475599525614,0.014775840070025087,0.4433635478615463,0.022326217520927696,0.20654654129674302,0.02092476625036289,0.19462908956719369,-0.003675767254538837,0.31085555907759665,-0.002972077245574269,0.28347544504809236,0.01704142830575704,0.22044779177563895,-0.0076604552828684015,0.12207895129195975,0.015638852031168056,0.16881086255234012,-0.00025761806810313607,0.039802883917787184
2023-01-09,0.009816138905070874,0.2640562330995713,0.03576015619400248,0.4510393758848818,-0.005276865785550676,0.20119315657328576,-0.011600109463440733,0.19675696982130464,0.013741434308994886,0.2737061424993794,-0.024642045531091932,0.2934403965206261,-0.018923773020355264,0.22854826637846654,0.008936516639963294,0.12618155615520124,4.029479873130524e-05,0.15963027275451833,-0.0045089384595600026,0.04293157245643949
2023-01-10,0.013283468127797755,0.26445852981681,0.010187059059478913,0.44959689729587693,0.0058193322275038855,0.20030543535305312,-0.0021255042504491894,0.1961673309429133,-0.0041843920325681525,0.27500047019832025,0.019766724120576333,0.2941775199713349,-0.006254233994487341,0.2195286185454955,-0.011521931837027146,0.13038747127199962,-0.0017222124883282898,0.15993768605383232,-0.001134665743089815,0.03857627694445467
2023-01-11,0.02099543937804075,0.27058752676553544,0.03107104477167407,0.4478012353514561,0.0061418600726033555,0.20102000527225236,0.002618726675466317,0.19312052221614032,-0.0012606861373113177,0.252251011168763,-0.009583168803087898,0.29578085300818485,0.0044802052012648886,0.2207772291274896,-0.007656219413309039,0.13143418950009814,-0.005024087778490576,0.15587302236049988,-0.006625711119690407,0.03977345474642789
2023-01-12,0.05073458242343,0.3123746422782958,0.021320039465884063,0.4366690146260764,0.003341486845285014,0.20021018235399435,0.008965952923604454,0.19619040855346243,0.003898737089377862,0.23099629397205895,-0.006734851985464071,0.28048913338409065,0.009371897200941092,0.22028256309986108,-0.002166272188436543,0.1308693857613959,0.011018767600858298,0.15889483757193454,-6.859806675769679e-05,0.03961593085496396
2023-01-13,0.04730565289731273,0.34415981484237174,0.01712903930691545,0.4339926897940672,-0.0023546677616997887,0.19881342207546857,-0.003032343462843706,0.19586873804070698,0.003675234465834117,0.22187229586111884,-0.024867152838365377,0.2931910266695979,-0.00800076442868772,0.22162603023443017,-0.0008485890316254413,0.13034743087733813,0.0056653021367670765,0.15892318341119116,-0.0063435599063559325,0.04458751674479954
2023-01-17,0.06758207910599898,0.4039927712340809,0.08362450388404281,0.5108852466785145,0.004565840318582125,0.19129783047637575,0.012999318412850616,0.19848362628301053,-0.0005583478267986434,0.20502632652061337,0.01877310993990122,0.29201548102421276,0.01471241559266735,0.228163001915207,0.011969218955270304,0.138709229143709,0.0007430500191011549,0.15434703788624235,0.0065983957495784895,0.05072998748372705
2023-01-18,-0.02415070856627639,0.4081246932169488,-0.035510615721474556,0.5222397172230464,-0.017242844390720494,0.1957424050226906,-0.006122270587054262,0.1994008769651639,0.004072917473654745,0.20464941576433957,-0.0015663919794636902,0.2917001013892243,-0.0037522406947905476,0.22524378423423908,0.004629497565702965,0.1355023080399997,-0.00302703854182885,0.139846976656021,-0.0015578774129758443,0.04944500497601181
2023-01-19,0.017956909759782414,0.4089795037076933,0.0230545059515287,0.521458918557814,-0.008766096244928067,0.19563185466487154,0.005062711132366708,0.19319490122738872,-0.0016704800211582618,0.20541977436041067,0.02048162760260801,0.2966007886354128,0.010928165631316846,0.22679327704139138,-0.004268811813819923,0.1356193801551554,0.00815289012802258,0.13828943344019665,-0.0010984243431156134,0.04878012249124769
2023-01-20,0.07027242236050726,0.44591820758981154,0.06435441994638029,0.5358996863821622,0.01632954330181169,0.18755715432993605,0.0031366020997412062,0.1863708403367422,0.01641970712831462,0.1978853704344687,-0.011045189530026334,0.2999151432254457,0.004188251312499047,0.22561740799086732,-0.006850942522724404,0.131996055871787,-0.00017746707394594607,0.12240788475515942,-0.0024121302505402914,0.04870049082340307
2023-01-27,0.02010376947852822,0.40772913475639266,-0.03529482428963353,0.4644958568034854,0.02688115119958893,0.20692677893344957,0.0017460996507686415,0.186069070849716,0.03111007517043857,0.2164659612273373,-0.017231794811984842,0.3072983969506014,-0.020411686547787068,0.22637840530506542,-0.021236812521218233,0.1482386208906854,0.0036652407646127843,0.11866843072004285,0.0025238911351995585,0.04682795769476273
2023-01-30,-0.009619838809900213,0.40396591219894323,-0.018707393123657,0.4752130337909532,-0.012281514531191692,0.20824344844761244,-0.007095307878086669,0.18256878110570285,-0.02684061207647723,0.24233309328084304,0.0040419188977226786,0.3040600629325416,-1.1180513927942166e-05,0.2264237223056526,0.003302293635604451,0.14603842046713747,-0.0021878077802047788,0.11828014608913259,0.0007720547841010058,0.047051482069787876
2023-01-31,0.013894014481496358,0.401875584423153,0.013063045355242466,0.4650074919842769,0.015418030358401629,0.21329957754013348,0.0163708208533444,0.18990490495973514,-0.008631405349440903,0.2364256953321425,0.016974623921827404,0.3029038411580613,0.0072550582477789016,0.21733909043757282,0.001629432619829041,0.1467685857213182,0.00430815206663336,0.11135746080394066,0.0008817259419820168,0.047200975526333844
2023-02-01,0.027253680603227325,0.39806799842563045,0.03654407027872593,0.4692053001360165,0.012706002310108162,0.21142292100743887,-0.004307209762731725,0.18809960168740444,0.013354082300421816,0.2376855448055703,-0.0169594714110601,0.3048801968095168,0.00659573700240666,0.21055384060449098,-0.00029135376704897555,0.1446714639977081,0.0014265257138356907,0.11124721492886286,0.0023079460132232324,0.04808222515939381
2023-02-02,-0.011385612780585412,0.40720298415382356,0.00017122994569581678,0.47100499748390634,0.013881521723637364,0.20859049666698437,-0.0035591160019883827,0.1862899475003543,-0.005965120152234123,0.22432321554059964,-0.025715662483962974,0.31781515119381104,-0.01257873695969171,0.21391476848948554,-0.0010458582609368977,0.1446700374167037,-0.006694075626635773,0.10181495342626906,-0.0007108629032171221,0.04644178842292989
2023-02-03,0.0031376677865617305,0.40484017569352426,0.017100263863871992,0.4690876721731325,-0.0063097886030518725,0.2111678464479433,0.00809034567178125,0.1854114402371586,-0.008871538872141156,0.22708384116998048,-0.009983756053331783,0.3136424240174753,0.0201598183439152,0.22647421444553767,0.01783956223946792,0.14829594626151277,-0.02416303851956395,0.1373046632419851,0.004098804034233619,0.04928270501634675
2023-02-06,-0.027639477593258088,0.4181521884033934,-0.027372782991199756,0.4703442564303493,-0.003966692391771938,0.1996998130271381,0.002160432302435144,0.16681390730390033,-0.01800431053865037,0.23664565048163852,0.021607277112241474,0.3066920618932191,0.02165445327059566,0.23447846402585187,-0.0028300251545114834,0.13534944362657036,0.003962526036553654,0.1368227439333195,0.0021927008021674515,0.05005399549369521
2023-02-07,0.028323069403361205,0.41944455659524593,0.0403286671396643,0.47863259832067057,0.019203237725825464,0.20062468813356038,0.01413797332121787,0.1641481615417585,0.010067702936035901,0.23437272388338248,0.0006620902167098783,0.306606901207032,0.006552020394731984,0.23070862876931839,0.003983774348576603,0.1349798423444191,0.009355704750241552,0.13815078680792503,0.006412873688428283,0.05512573275649292
2023-02-08,-0.014222029628686407,0.42923382170191915,-0.01297132312628678,0.48846622449347626,-0.011300880157091778,0.20312541194484818,-0.0061502446155578625,0.16363597716649925,-0.0006495458532963895,0.2272889076635409,0.030142631179828325,0.29509845736925616,-0.007787431211928638,0.21824370524444459,0.00828151358570984,0.1389197187562257,0.0028824640651297483,0.13523848282808615,-0.00015830714468040308,0.054778455494665826
2023-02-09,-0.05106928131245401,0.4868791205976525,-0.06625157721092523,0.5565836427599213,-0.009865343222374461,0.20740719780473005,-0.0008632717010014444,0.15515967830088975,0.014916569264078512,0.2034560561941846,-0.022166463914385977,0.2802865914740409,-0.0013160021434905156,0.19726818033881102,0.00021993460314670066,0.1354095788226619,-0.006979935662960395,0.13536339201611844,-0.0009963333913370204,0.054774218889232625
2023-02-10,-0.009251904896381138,0.4898053628723012,-0.022154399873150075,0.5650135143895263,0.0006637685377405524,0.1994947034760811,-0.0005599595775771279,0.13534934881062294,-0.021672933921389633,0.21617557645698302,0.019031403531201613,0.286515212775771,-0.010467112827432432,0.1923049531117468,-0.003596180004561057,0.13519464034098552,-0.003352580486489897,0.12958724354397724,-0.0015290871714764556,0.054802813696468736
2023-02-13,0.006976597759511548,0.48975070427484774,-0.005342875726285173,0.5667438563579476,0.011138758057547611,0.18958991079969537,-0.002695047515816523,0.11831816185175154,-0.0015247776333683102,0.21578745371067645,-0.008305566263335428,0.28756053411271504,0.0013541609666486902,0.1839209214022169,-0.005050089469252151,0.13373184343705896,-0.006113417962839332,0.11937943281653633,-0.0002448118936074699,0.05480229938955523
2023-02-14,0.01976976835229454,0.4904255434689645,0.0334719921707638,0.5653905735766542,0.0007418484466650472,0.18749543408768884,-0.0006728843534166577,0.1090017331392348,-0.001316868845134178,0.21042149177754066,-0.0205645740177815,0.28371150842276216,-0.005355759375561064,0.1711043910795344,0.009926892207321566,0.13463587406355731,0.00215561717674819,0.11970029002630023,0.0010223023021585537,0.052464892650711296
2023-02-15,0.09303599019031633,0.5644755821210353,0.07564950814245482,0.612138041536661,0.006035319860196293,0.18753663844614163,0.004581439166224319,0.10842160550503832,-0.0112407959476556,0.21351347533722786,0.026088129787154538,0.29033925183955694,-0.009900723378655385,0.17363186081870416,0.008050986706447279,0.1310421375967357,-0.007471092294775502,0.12219711794135232,0.0032659823271197143,0.053276335842129825
2023-02-16,-0.030126868872715443,0.5863485229887132,-0.021895501715099557,0.617845589092214,-0.015453456596031206,0.19775561414946505,-0.0033448345149260524,0.1100416234454915,0.006523842774751435,0.21486685227148686,0.007744325847848888,0.28994328921366563,0.017916671782052907,0.18271651892588048,-0.0004592495329003746,0.12760955650402211,0.002674777920197396,0.12156559240097431,-0.0015687673911496094,0.0474377236720482
2023-02-17,0.03859360471703343,0.5781520569355156,0.03230477927603828,0.6218569547948711,-0.0032838868813497386,0.19854699730375353,0.0011864576407228722,0.10695963386678234,-0.013031261232571053,0.21882606024412682,-0.0062351051775510575,0.2898017393401841,-0.0026554821566883045,0.18131184225302463,-0.005607167470194017,0.12923469095833795,-0.0013816299773772298,0.11453532999263513,-0.0005126447090669353,0.04754582209162709
2023-02-22,-0.01345146445171456,0.571231033354396,-0.028885891035942413,0.6346771048489553,-0.019815414790793493,0.21186157740170072,-0.009227157904940924,0.11227294591516632,-0.01291468440975266,0.22193721817691145,-0.027560023869239794,0.29285233171702024,-0.0023292505255509775,0.17865771709404954,-0.01996375608605345,0.147993769113293,-0.0025705216445446946,0.11221797445103647,0.0020041646683215913,0.040406792713727435
2023-02-23,-0.010340558192795482,0.5354030838957566,0.004448409297247598,0.5700822278771578,0.0050026368324603615,0.21196171745372439,0.0002101583972354121,0.10373143894054497,-0.0038223594525698635,0.22200724999775293,0.0020084067959661124,0.28490019042412257,0.0028652009106930726,0.17234997561295276,-0.00276808855315589,0.14155955145612054,-0.007983911927428769,0.11438423845472963,-0.00031264143077733986,0.035117947120816596
2023-02-24,-0.03441999760793016,0.5439422392836469,-0.028830612071044634,0.564819980215444,-0.013221394821260703,0.20803675533733768,-0.0012559439162788337,0.1011089831408485,-0.019326950260236866,0.22878291239420762,-0.022839100462772658,0.29489758368926156,0.0007412086551445469,0.17145967824115502,-0.00522673389215468,0.14094152804070284,-0.0077012569803891545,0.11625180256397612,-0.00262793020148645,0.03615915640010881
2023-02-27,0.01752747590203477,0.5438261678257362,0.019633358061642688,0.5634476632789421,0.006694123182576996,0.20564989953207322,0.009368469015446787,0.1044377387823098,0.00041532268987720227,0.22905008152313774,0.015938511413128766,0.2909472146815687,0.0033047644042242938,0.1680685662158158,-0.0005683641537917846,0.14052060799762445,0.0081489510806743,0.11624754606039352,0.003625830643024595,0.03700108358607415
2023-02-28,-0.01930586211475576,0.49708914243929225,-0.020762550992873878,0.5229339428931232,-0.006253751070600433,0.20045216046625072,-0.006585316909755796,0.10733585800900344,-0.011512402206183625,0.21959938968551737,-0.012166141935794104,0.2914063900897661,0.00034104504861762864,0.1676600582007743,-0.008328910287740491,0.14137869694842495,0.0033147859237476845,0.11749168206795983,-0.0032131312396526993,0.037984257815466896
2023-03-01,0.021135923775482245,0.49758065410216773,0.03500176656554823,0.5211183623673832,-0.004937345367174281,0.17722987851215913,0.006937887208817532,0.10954916480199808,0.04160004988964735,0.24266804817658066,0.0015104112382744287,0.28638671632941254,0.0006747791258061642,0.1489839455779605,0.008255610477612092,0.12442787901219894,0.004599175407888007,0.1180674310399257,-0.00020088116368142765,0.037615754827923016
2023-03-02,-0.00987259629713181,0.49765482046716564,-0.012345893695063566,0.5182997486417611,0.004942347643545829,0.17307204456619726,-0.0028811881211746036,0.10665853068684007,-0.01199787925295074,0.22997683134284277,-0.023870131024094056,0.29601938212248075,-0.006388192854701637,0.15155609143796714,-0.010030872283863075,0.1288335613557891,-0.004899300707410414,0.11860756393357443,-0.002611246087650131,0.039311408899754284
2023-03-03,-0.04934168381830845,0.5257669684661616,-0.04938329065349597,0.5472078136168055,0.015239491087946233,0.1728738823122985,0.011549078428886982,0.09892936654568005,0.006122391940852766,0.23112425457573696,0.008538253478841244,0.2903781267145785,0.00677531544263072,0.1513338611771842,0.014826928050045759,0.1391046816209498,0.006935629334753682,0.12062702050930992,-0.0007792580885369013,0.03954443784316234
2023-03-06,-0.004845567643094897,0.5155572826890765,-0.008968569388623874,0.531315228848601,-0.00715370383925895,0.16823568737920805,-0.010488541198812134,0.1050525114773521,-0.00610242373513994,0.2242163121185859,-0.0008437751814609061,0.2859522944779219,-0.004589117319614365,0.15148874802809734,-0.0012071612139814374,0.13918719577353017,-0.00773235815761124,0.12188588020632689,-0.007840634618107353,0.048215214356310945
2023-03-08,-0.027821869178063563,0.522146730113106,-0.017059534593477494,0.5336772004492746,-0.009610211494548986,0.16186381199440905,0.00678689552737495,0.1061564279429932,-0.022702255136631457,0.23404816275694362,0.020995586471518293,0.28339870072362294,0.026099474404042727,0.1666132106761604,0.006843700396677331,0.14095233135872728,-0.014810868013866848,0.12882944224567394,0.004421584849110462,0.05052802926291881
2023-03-09,-0.06576687388255888,0.5640121317938331,-0.06556593798078571,0.5699259205199562,-0.01997421849950795,0.1730103198586513,-0.010461599870258227,0.10985699598784546,-0.007650761475626676,0.2337693115994042,-0.024051490432216514,0.2936399670294502,-0.001345721711290688,0.15450620080283467,-0.010667958992108154,0.13128107464573396,0.007773626603282045,0.10653374961579953,-0.0013423605540255153,0.04873793535251969
2023-03-10,-0.008012250855119652,0.558935525539902,-0.005969735246046987,0.5650869093161003,-0.01392656340807258,0.17736717290629186,-0.012699646561293342,0.1180690334625919,-0.030203037475295014,0.24645771605614628,-0.009523216987887476,0.28349169860465506,-0.021910626527430824,0.1573645138807903,-0.009439056783869484,0.13455104991547687,0.018375178175508607,0.12495309611049588,0.000657406027994213,0.048135318113399446
2023-03-13,0.180463052681959,0.8491869661454718,0.16115545008883747,0.797189021609706,-0.002247616616706123,0.15787216320544883,-0.015057632416832367,0.11535712409638063,0.018278222483934795,0.25412496023437386,0.00445602165033164,0.2842719891333152,-0.012307388051881316,0.16046769677108638,-0.01569913146378119,0.1422848775675942,0.025604979380262714,0.15068496289674183,-0.0007367147759674114,0.04187260565576329
2023-03-14,0.028005779393780187,0.851985837804112,0.019301047656070724,0.7985250059718619,0.021932002831638098,0.17934760624478419,0.008870611770612852,0.12020659646568133,-0.017791457349888705,0.25803080358663794,0.0095096683868202,0.2630869337152771,-0.012323690845941144,0.1635358291917977,-0.0009020915318676374,0.1373875846711492,0.0027084474911314486,0.15065216893079497,0.0055896145962747185,0.04683586673408088
2023-03-15,-0.0164352997513492,0.8322947268280918,-0.029540921268303547,0.7689672954047125,-0.008371243855084752,0.17865208015785364,-0.020886864131017025,0.13798745397283863,0.01411924587691681,0.25726910662960495,-0.002722647767516433,0.253661182513288,0.002678504750463487,0.16416663917632307,-0.005549301984870861,0.13742998156545422,0.009279192837595419,0.15095739579963177,-0.0013658799257312264,0.04693370889236517
2023-03-16,0.03236646970524124,0.8357492108728024,0.017599625271992374,0.7648630211760316,0.022388323984622788,0.19823055035315676,0.018748042294620612,0.1560070050438174,-0.012357909904791742,0.2516411162314589,0.019071525458369924,0.25370321354483155,0.0008836975164598202,0.16083562949058047,0.005770862610882927,0.1404760670856328,0.001026186091865102,0.1500116604775181,0.004978747735590972,0.049937992160394296
2023-03-17,0.08930711637723196,0.8829812846761199,0.0653443337082112,0.7916029668056854,-0.012204322251509097,0.19605538754296356,-0.01223023166414738,0.16048745309615473,0.015278753450417458,0.26078815771944774,-0.026205846478554267,0.266527834179857,-0.0037176277784701645,0.16096441402399708,0.005591828912171689,0.14264833146017886,0.025004121538713044,0.1677403410474654,-0.001123700977555447,0.05010812293280909
2023-03-20,0.011353271820973109,0.8824061180710515,-0.0334979338979929,0.7987527071180389,0.007791343651972624,0.19904328740749463,0.005004451096494589,0.1621806994921498,-0.028025609338718224,0.2736874012227512,-0.002351427552968202,0.2586624653273231,-0.022397945605163654,0.17684671728811074,-0.007638177951970719,0.13738201061373395,0.0036731324596492674,0.16772619151370818,-0.0010875259839683979,0.05013236419903429
2023-03-21,0.014560021227467305,0.8303404925418698,0.040295781248647064,0.7682302966934415,0.012851409288715573,0.2039415203862784,0.004036467822557279,0.16193325654973065,0.012671311509727992,0.27936384221974075,-0.0073131577118341,0.2379738022691598,0.007617866374195479,0.17713509470094033,0.006938944414726885,0.1363452382716259,-0.021083422746717977,0.1843180100555689,-4.723822984351199e-05,0.048674375261966066
2023-03-22,-0.029514401851920606,0.8299995976827724,-0.03717285746722995,0.7763600916225049,-0.014809715705738205,0.2034134357073806,-0.0016798474412667076,0.16180259520629534,0.019276235446609936,0.28871015914641424,-0.00493976299969631,0.23437441376479967,0.016231825518968963,0.17495607209126726,0.004382546511548477,0.1383462162012601,0.006321043523915093,0.18481204517758268,0.0017905329341046997,0.04887034839503025
2023-03-23,0.03507196099164017,0.8283914949801562,0.04245667999115902,0.7820105948376188,0.0011496139393810452,0.2036008922564539,-0.004993549479197085,0.16194299183544933,0.021468252865885017,0.29864952846168896,-0.025912388936606592,0.2461250985595885,-0.011754256028050272,0.17881403650284297,-0.006212751418815142,0.138537337525546,0.022024896108261378,0.19591146494028952,-0.0018304699298014237,0.049244439663311435
2023-03-24,-0.033281383225944865,0.8372695242238657,-0.0392374434572387,0.7881605029095541,0.002462313043913994,0.19289311224384748,-0.0010043218124834434,0.15965387627252023,-0.009563569926819766,0.29728293338811373,0.01752434377940765,0.24395631952776609,-0.0024383277425823265,0.178821047100206,-0.010912544090838007,0.12721048168922153,-0.009047163732295345,0.19977606659168237,-0.0031616500403891857,0.04971543709966624
2023-03-27,-0.012044175076549648,0.837702834624216,-0.020208750043439513,0.7920935831530191,0.002538670803512013,0.19218153757275291,0.007948505415644434,0.1628359680282664,-0.016717981427148275,0.3018647811013447,-0.0004229574873912844,0.24347117593307754,0.005812674238558263,0.18000982311953362,0.003289036960850827,0.12848914918626694,-0.014204407629299679,0.20532971537734923,0.0008930712397448057,0.049900030688283734
2023-03-28,0.0032081917630033163,0.825057200648354,0.03136447001374275,0.7904624491493051,-0.003080991619298902,0.18699794469952005,-0.0051899370598158,0.16348321922326411,0.009542413021731882,0.2976784306661736,0.004386384677197759,0.2337674193351278,0.008078010965024135,0.18284731472268398,-0.0035095982388339154,0.12803847304764304,0.008685781879271397,0.20228236763163518,-0.001505908330910984,0.0493853232487158
2023-03-29,0.03823777218579068,0.8313351748696772,0.010723468806083112,0.7889002479281096,0.013521243648145708,0.19161614852712036,0.004046802290930321,0.16015983418809157,0.019784283951076363,0.3060808970306426,-0.0009366723385637605,0.22474227727813398,-0.005319453931711297,0.18273881513342838,0.006965420565836276,0.13145854274065155,-0.0038148421587806272,0.20335150048923006,-0.0006156271269010214,0.04735351996728658
2023-03-31,0.003800058133477239,0.825447093598957,0.015278951537769675,0.7845261992609178,0.019255568967876162,0.20108838453339684,0.0070875123562658335,0.16162152166921015,0.009440605237754751,0.304609136303433,-0.013883622760936118,0.2257368824687862,0.015669388413568835,0.19205113332509594,0.015428424804790382,0.14086965165753126,0.0006971689295455707,0.20355452121607462,-0.000776758013643216,0.04629263541813254
2023-04-03,-0.023438453205103377,0.8319810651634143,-0.005429710159006365,0.7779696337190055,0.004718251777470437,0.2000808324735647,0.008375182791458418,0.16256122618953542,0.0014745782234535099,0.2668729532677823,-0.008658318277461486,0.22608753631703243,0.015964336593164073,0.20051235354827293,0.003230096884043717,0.1381334678544831,0.008565046227363624,0.20436098703197605,0.0010262292116677211,0.04652659734017432
2023-04-06,0.0062344418649877735,0.8296283814027805,0.031148024096773547,0.7812011488683923,-0.007597640637257483,0.20228818653593966,-0.010417555809795979,0.16588598869086052,-0.006663749862936228,0.26466973741665645,-0.01538746018736151,0.218082679318898,-0.012055565256013546,0.20374481437238895,0.008631359371968043,0.13686918683910299,0.011153852307421202,0.2037267475622453,-0.0028610923677766494,0.04669341223195183
2023-04-11,0.07563605458781616,0.8333705776216669,0.010648268631117522,0.7549699674034925,0.001368096377849795,0.19574576696730212,0.01514507244332103,0.16975767317082652,0.00791070094684683,0.26530455359190175,0.05887042486577778,0.30386394930968974,0.023160161856900615,0.2182121093253603,0.007386792751512301,0.1292603668537317,-0.003121589138783677,0.20496874351295374,0.00041364269382322265,0.046713062625234246
2023-04-12,-0.0021295320316115415,0.8326434547513503,0.015996505771742817,0.7525583832548838,-0.0030926205389386046,0.19423851251733967,-0.0003972973255952195,0.16614224636037325,-0.007496384371246357,0.2657252583285374,-0.004780556378820188,0.3042426553981071,0.004833938796517695,0.21784447312814217,0.0061219240158323,0.13078968275583544,0.00408890145999531,0.20072933145022442,0.0010508357845226844,0.03771305836188894
2023-04-13,0.007255053370276802,0.8190529391902199,0.04542915288797847,0.7554924447742072,0.011840430099826844,0.19408142968882688,0.0023652769333496514,0.164420307387488,3.8091006767288944e-05,0.25313363185421695,-0.022944154734896492,0.30304573438198346,-0.01077468733836948,0.20117113668551637,-0.00045969122166563607,0.1287421654897508,0.01366940812876029,0.19067701391522354,-0.0013350803980047886,0.0347660785795751
2023-04-17,-0.033300115785010354,0.7852655505907548,0.029701480025354672,0.7009939502035909,-0.00018467418226279986,0.17759213371493898,-0.0032482489004661665,0.16084981565711584,0.020149084596622242,0.2599296277275833,-0.007243519180887566,0.29355302753454243,0.005467848638074586,0.20229161263896295,-0.008232566963150622,0.12642380418028173,-0.02475780097032676,0.21740910976098743,-0.0014138601802995184,0.034800013846254294
2023-04-18,0.03377602647076,0.7814978564646099,0.015475251990030893,0.6959038773561195,0.002794420276409647,0.16702136083034366,0.006024131681477539,0.15564775368789244,-0.004429272396099249,0.23379894040649205,0.009640850572338617,0.2947671516217991,-0.00023431536251365348,0.18658899380273586,-0.0007012717985301155,0.12151715900664109,0.008536987105052338,0.21183551355793748,0.0019395654729435776,0.03541550167429431
2023-04-19,-0.051929641231345566,0.5621969021092802,-0.08199340622288655,0.5649349938280835,0.001185629849387298,0.16595865658314454,0.0009992435139882581,0.144863842385659,-0.012530835046928687,0.23305721621320366,-0.011183544333692483,0.29611942960318355,-0.0032644394591616333,0.18124632926006504,-0.0010771397523720225,0.10631594031553275,-0.004826197691430251,0.197713307462586,0.0012698953973269012,0.03557743792577301
2023-04-20,-0.017387124273735555,0.5642543298296022,0.006275075223704547,0.5631144826048436,-0.003146332842765717,0.1533941467836432,0.006139565482628668,0.1433815905452682,0.004231634846086657,0.22208492715464587,0.025079072989918197,0.3082160136695886,0.006867254388293133,0.17550071438742879,0.0031474246753007613,0.10615605319434254,0.009019697512529071,0.19915239977455051,0.0028240023455454624,0.03120965371286667
2023-04-24,-0.029315339175706123,0.5724843305383805,-0.05649129642041821,0.5916941516387206,-0.0017169306378687452,0.14915461567583535,0.003969884686244988,0.11881720097141119,-0.02526642187528051,0.23800251894070923,-0.01271950091898329,0.31086743602051264,-0.007150814156707068,0.17827975280828665,0.0032556109209724306,0.103071652958861,-0.01272863245630949,0.20413615590809278,-0.0034709286734419527,0.033125568228922306
2023-04-26,0.03131059668881842,0.5718746213186071,0.012065820632786703,0.5905114804500736,-0.020556304275637552,0.15211786322159843,-0.0099850464586847,0.11044804744888746,-0.01075968788684741,0.23694556575843215,-0.01559513956874177,0.30518535839100314,0.007015670759678167,0.179275762862279,0.0031780138214686365,0.10225544000671537,-0.002481327587700476,0.20457288083520242,-0.0007705369537161597,0.02741582544640502
2023-04-27,0.03356883476566298,0.4967228246721356,0.01962391774767496,0.5512598925281256,0.01663289530606469,0.15403867749855024,0.005784008217054587,0.1003265300562111,0.0014611366918068618,0.2311767939675842,0.0012091186539667474,0.29358164137814063,-0.0017440852210899595,0.17864090858030554,0.002934698642634359,0.10144062177141125,-0.0006313718311284514,0.1853746814457446,-0.0027442980966316454,0.028494477778195186
2023-04-28,-0.004562623498990396,0.49638458574219174,-0.008584176944121821,0.5373423497451952,0.008197310704005216,0.15423424339885358,0.00323573746118046,0.0998239280657391,0.0027360982639123865,0.20700602857885145,0.0011983668800686006,0.29375338451670546,-0.00108821734966926,0.1559543501514941,0.00831315867145927,0.09788407380353688,7.845736666262539e-05,0.1848917898078205,-2.202060923839302e-05,0.02845474293556547
2023-05-02,-0.02262457421097744,0.5013862826208366,-0.011427672659546816,0.5226085838921377,-0.011922712281279002,0.15635841666066963,-0.014550153556794227,0.11433587574334814,0.0020534601456883845,0.20318029055866316,-0.02181352861796368,0.3014873942161988,-0.004471521425072817,0.15696564448036557,0.004682108117046675,0.09689618032782661,0.012204263728412454,0.17306068700104324,0.00011737544780359754,0.028489438757582062
2023-05-03,0.01134358094009145,0.49052195196188514,0.01798778803300146,0.5062239907125845,-0.006973927939830225,0.14858164928913345,0.002421865960813556,0.1140359763592777,-0.011775745549110952,0.1968326201384444,0.008846413753693059,0.3037462510278416,-0.017181027577853867,0.1622493527993745,-0.0031411312485224024,0.09842361428270824,0.007123103296906702,0.1733699907439941,4.8980115062645e-05,0.027391083564405446
2023-05-04,-0.005466838111818245,0.47634899184421414,-0.014233571160187173,0.4895626838316169,-0.007229053741505684,0.1514978955910733,-0.004814020251779644,0.11391611453908512,0.01248179833385076,0.186540883482533,-0.005058848232373984,0.2910876659161693,0.004147516599661165,0.1560618644489057,0.009147754360257136,0.0966109137247691,0.00953367896599228,0.15952976845285136,1.5859713557029505e-05,0.02702250955571041
2023-05-05,0.022742900319405714,0.465819954725421,0.0598431514661455,0.5065955712493618,0.017524543065933314,0.1620648387118733,0.006097378617975706,0.11488415604472371,0.004032245092745231,0.1842981597176307,0.02554461199551933,0.29862903549690467,-0.005233423062486822,0.15724429426901979,-0.011066741138214454,0.09688668675645269,-0.01583576475286407,0.1664182432855719,-0.0007816233159465599,0.025189144937842214
2023-05-08,-0.06416193765383107,0.5190969747843351,-0.07583894825129055,0.5747432878481818,0.0006196019727799464,0.1620645152548272,-0.008362538222779672,0.11718081630400497,0.012457552941816824,0.1786044302620784,0.0024130447894359646,0.29877333490248703,0.0002882712126423297,0.15643437874941324,0.010923644140555463,0.10095670678133908,0.004569503733884797,0.15797980365322245,0.00016757548789799137,0.024872677732589558
2023-05-09,-0.000581706491148958,0.5190239205715894,0.0004631391331569505,0.5655704585482638,-0.003889040326563103,0.16237814272256199,0.00015695565993875828,0.11524158262814628,-0.02049450132705833,0.19116446384384356,0.022064963179596605,0.3082758845530784,-0.005929071214745306,0.1560797995020835,0.000785695408866748,0.09847801071180244,0.005574706347099778,0.15653686727429825,0.0007008986224965348,0.024758909216823867
2023-05-10,0.0025400724138329887,0.5006651376522226,0.0005189843519715688,0.5646334031067612,0.008353348267301539,0.15849501840081895,-0.00013203065111519892,0.11473744379578987,-0.0023273067948320516,0.17707613821841833,0.002570028282946173,0.30828090019139964,0.004801977873177986,0.15532071363304323,0.006566612749967638,0.09830088172548496,0.0010761724586687664,0.1554491549452458,0.0038794060253873348,0.028528458068090592
2023-05-11,-0.02499465648311591,0.5068880909714488,-0.02749181097165484,0.5706599847050864,-0.003955093500018708,0.14509289951016197,-0.006467334943251248,0.11492199024275399,-0.00440764960939042,0.17313546767635055,-0.0034269192937914856,0.3040769392195538,-0.004996183184772022,0.14684180677857359,-0.003245751521184782,0.09019290566616261,-0.01006882005072941,0.16054044713544172,-0.0022570286103120027,0.029459467233161216
2023-05-12,-0.005078230386552418,0.501356881327394,0.008596890908017128,0.571287247867425,0.000615225179933788,0.14415527023036384,0.011298297971320743,0.11797596201990987,-0.003127222713607975,0.17278309468802058,0.0014046587145202644,0.301888459102505,0.015028589308521892,0.14558434413178414,0.0031721936039353,0.0901864062466207,0.002100535714839729,0.1582413528410747,0.002199786769372765,0.030295836280895286
2023-05-15,0.015577500304809897,0.5042720838037522,0.00647446298147076,0.560570945242249,0.004171060221713092,0.14214614390433059,0.01160689169155382,0.11755096520674893,0.019300946120366997,0.18677241894991933,0.0045244136934254695,0.2953792422452015,0.010590610105236079,0.14330857152152573,0.0057958851551912875,0.08823008880607379,0.0029531588235483714,0.1538922361430527,0.001217262541396026,0.028782289613632984
2023-05-16,-0.004947503235982073,0.41944462118676196,0.0044165193304095095,0.5593138466737275,-0.005590667611206936,0.14365069945727443,-0.020390116253351683,0.12873468450611308,0.0006434261501623521,0.1842050719070461,-0.013466965734467682,0.21866191204565558,-0.01206530119260445,0.12537771798203343,-0.005317618668902769,0.08989126624627015,-0.013969174344081303,0.16132973188788996,0.000807440070710466,0.0288607833263201
2023-05-17,0.013662006501865664,0.4244199890218215,-0.0008846738257024417,0.5556746039341578,0.012176745925466734,0.14891603737342393,0.003940665773022291,0.12960685141838177,-0.02077479743238112,0.19541944292151409,0.022470499086377205,0.23214383152217338,0.0022049301777371413,0.12423626083840923,-0.005388681645143302,0.09151526646924239,-0.0035239572841030175,0.16091841947037094,0.00035605730339538386,0.028691634973057874
2023-05-18,-0.019023084513640025,0.4250826429468777,-0.009238019191671012,0.5279844719657221,0.011273961488579657,0.14840381962750163,0.0011282943970472258,0.1293706451226812,0.009260536827393386,0.19904791187894885,0.0074314431574554465,0.21658102592544873,0.007408619987728142,0.12186767117111923,-0.0009798815064073695,0.09164520904523948,-0.010419891835944793,0.15557082926457494,0.0018732384248522462,0.02877857388233555
2023-05-19,0.00548359140066917,0.4144043128336349,0.009337303836414575,0.5156959529125438,0.001880407089824059,0.14839039898157208,0.008283535285278658,0.13213562373340898,-0.01110377818653623,0.18562411109549995,0.014488692600239586,0.21786074375216624,0.013069799383460867,0.12879617099624469,0.007370508440179595,0.0875059393964978,0.014610197041555221,0.14128631217692816,0.003327320970499483,0.029918805396524733
2023-05-23,0.013609968725996345,0.3968739397328254,0.024001143753380007,0.5209793304496048,-0.00992356904795157,0.15289574533756167,-0.008537140805445128,0.13381047718498817,0.0003663425954584531,0.1858298481524805,-0.005846220924177663,0.21862860551514376,-0.0044572558137185294,0.1298778525436429,0.009119042494400672,0.09049318406255889,-0.0019820739531760103,0.13806951015097849,0.0012068770405303307,0.029583296253388184
2023-05-24,-0.03247861996474572,0.37273917047163263,-0.02891675458408223,0.45053460715250376,-0.006553732455154915,0.15471395985389788,-0.010362528908675464,0.13804618362738985,-0.01450655069142163,0.18728725849404007,-0.00850519798997498,0.21672238054886775,-0.00013384278946919966,0.1292822349302971,-0.0026258479325065396,0.0913748757245866,-0.004087257412147759,0.1377919887311368,0.0007917802231502684,0.0294674705396511
2023-05-25,0.003218073990639686,0.37013316823006004,0.001110179908437005,0.44954558095513314,0.006583003864513952,0.15588796249709394,-0.003295504642520665,0.13580876346216053,-0.02251243105087194,0.19754948158284072,0.0067855620365018755,0.20145078518547402,-0.0022632640530691212,0.1273208841709847,-0.0001832492711690249,0.09167700818527864,-0.012223879014526385,0.13927673694675882,-0.0021364522144977772,0.02944604236944731
2023-05-30,0.04364935898983314,0.3901939927441796,0.0496838322866537,0.4415531862671703,0.011359891820999831,0.1601087875552495,-0.0024430826618330372,0.13443589944510015,-0.00995887801976495,0.1833090523521356,0.0003804188040053121,0.19467956892330787,0.010829255821518292,0.1299867158515213,0.01530225446729743,0.10251131940837181,0.0060175285566592485,0.13503608207871257,-0.001621392241306692,0.027134799206052433
2023-05-31,-0.01631674931016192,0.3776549401841548,-0.012988203705738877,0.44273178014117426,-0.00486631477311097,0.14153465779964292,-0.0073562291248650226,0.13268796271001757,-0.01759568862099685,0.18832757547919723,-0.0012332817634149592,0.1841478527914931,-0.013601513317147264,0.1369079978921296,-0.004090268853327062,0.10508622112967315,0.004269803875243118,0.13577754180758222,0.0012610434131031809,0.027033897520493802
2023-06-01,-0.014999384540754898,0.3575102808151794,-0.006592272562198093,0.43781979200157684,0.009599412536286787,0.13417314109871872,0.0024136222367202717,0.1308383254878033,-0.001524422766699901,0.1876164686782569,0.02413298225358908,0.19801499682569462,0.004289678856683518,0.13765974432207387,-0.002726937918410781,0.10646913204072252,0.0069471260804948,0.13794235669356303,-0.00020680254956696487,0.02463760956121371
2023-06-02,0.011161515137667173,0.3613121786196357,0.019176429361496616,0.44202629949938504,0.009699716461978265,0.13521528116727263,0.003911659152195318,0.13118143194751938,0.03475736836495053,0.22948271436531834,0.004851187155725552,0.1977579207730604,-0.010861523873017528,0.14275488147311668,-0.002226188960758232,0.10486710022630033,-0.017756931593152343,0.15138008816458204,-0.004730095928128981,0.030617890822327628
2023-06-05,-0.054595435610522755,0.3980492925882439,-0.04971304449612355,0.4739671966174581,-0.0003892499431693901,0.126325347838946,-0.004132934730530294,0.12302170176391054,0.010710883160218714,0.23339812311104483,-0.008492830443675386,0.18027618420389124,0.008192510664592315,0.14493507528206392,0.0048349438586009815,0.10492652808830391,0.004480488120310061,0.1453854586472096,0.0016163415474884368,0.030945629581787395
2023-06-06,0.057044826082380796,0.4494839522001822,0.040553036533379876,0.4915704472911639,0.0035808377538952894,0.1219694792317243,0.008897727282726689,0.12738662112789345,0.0007968129305834119,0.23061924084817573,0.011796885230696781,0.18138634292508365,-0.012900235098013005,0.13910947467898926,0.0015066634786233928,0.10354842057469421,0.005052829291503954,0.14410252911455526,0.0012297075200444936,0.031062150083370998
2023-06-07,-0.03325274930571636,0.4618759665119322,-0.027962740348781424,0.49879802797892814,-0.0037466191113279916,0.11898599620230241,-0.007199016872908733,0.1285761541806254,0.008692579401203321,0.22816374692772132,0.004939364964701512,0.17767456173957857,-0.011425280342480942,0.14419127876128754,0.006899172805250006,0.1018015501014918,-0.011595258136243765,0.14307839254355403,7.267481509259955e-05,0.03105335170738519
2023-06-09,0.0047372127784368456,0.45291751949895626,0.003913275041351451,0.44828043286720254,0.006966679483046253,0.10758345937646721,-0.007679886189451215,0.12785304408327947,0.00599624456376031,0.22884257659110332,0.014873448169554843,0.1659393194182038,-0.004722789384278584,0.1439836771875776,-0.009092685691873187,0.09888498753514258,0.009637241786806739,0.1393980665829428,-0.00035029314752761193,0.03087721512412156
2023-06-13,-0.023271533187014776,0.4049420357218511,-0.05838956743019407,0.4156387279666394,0.014353089020856758,0.11515839942144239,0.003170921535204554,0.12646214507934808,0.00462284076248359,0.22451642848862924,-0.016768230248000886,0.1821591129581579,-0.005549303414150197,0.14509039242482225,0.006361430410278036,0.09471754795773196,-0.010843436710961914,0.14201595872889305,-0.0018334566868062653,0.0318682645869347
2023-06-14,-0.03168389428981361,0.41694782603305885,-0.05281043781055342,0.4502698135655051,0.0002505497229332047,0.11293761581369455,-0.0029547567630676423,0.1265305381262542,-0.006515574317891008,0.21468499655932768,0.019241983807264374,0.17887356056800263,0.0002260486565536663,0.14380001902230757,0.0015530417796144208,0.09468028598456958,0.004918831226469053,0.14161564854550662,-0.0005685402571933973,0.0319965862040547
2023-06-15,0.014832804485585356,0.42163096624929836,0.006060723343497983,0.4515493751839576,0.00911800956905923,0.11341284295832438,-0.0014938130715159146,0.12646653805231778,0.018140215223955425,0.22447277393469653,-0.011218947805789347,0.18639659597853586,-0.005159308339967132,0.1434853270909429,-0.006608024580666634,0.09686358149590933,-0.001708811461318291,0.14127119765248575,-0.002986570924530917,0.031125592426113072
2023-06-16,0.027328925750921055,0.4272533204287365,0.028634582622915582,0.45788876015177316,-0.005292223982202203,0.11456031770852546,-0.012086155285237815,0.13077412486407744,0.007929029593777599,0.2254449158571552,-0.006710298575824665,0.18821784982170442,-0.003287662824140306,0.14297331331261565,0.005738108854019484,0.09698858882129173,-0.0013074404977457582,0.13800960691762637,-0.0016138475144510764,0.030622682362282223
2023-06-20,0.07405841905491063,0.4999760025891002,0.043851970820649164,0.483881586882948,-0.003907974622100177,0.11684907684922187,-0.011240401232018467,0.12601801728410053,-0.021719065124875744,0.23820539438231025,0.0013483923561504571,0.18822433277290046,0.01964449953857282,0.15008660001213361,0.00034421797431410803,0.09681484301781598,-0.010923755553498947,0.14123906579046094,0.0008383792131359297,0.02973847821707522
2023-06-21,0.05840104935920286,0.5348161816879582,0.05383716059499788,0.5190106129894615,-0.005132250214543408,0.1199690855105662,-0.0010930326981730847,0.1151116200899553,-0.018786049599757805,0.2353637516011405,0.009368190990934711,0.189431412095382,0.0034520808995190037,0.14541980331587231,0.002258326658321882,0.09547364463834801,-0.0010104422705027542,0.14016010129323941,0.00012683615238174824,0.029381969524076564
2023-06-23,0.02112353016283676,0.5365738820769145,9.575105822541169e-05,0.518948377582446,-0.004869009694789429,0.11938431249111355,-0.021641483499391597,0.11751415930441785,-0.01756972418923397,0.2411220429541041,-0.017033224347103384,0.19376828319654346,-0.026664990029410387,0.16686504390266152,-0.011083974303935477,0.10217391037689114,-0.008256751217859426,0.13541369173541928,-0.0008846520256217526,0.029292856051543997
2023-06-26,-0.013121243673283284,0.5396682997134123,-0.017019152543331466,0.5229007996759502,-0.0036976134733162566,0.11575439817066828,0.010899147267432333,0.12515678863072086,-0.004334434876098971,0.23234793643555146,-0.002089642434649492,0.18119393341500994,0.00983831101274255,0.17104902561276028,0.0021752038420906183,0.09975537191681538,0.003193397016969417,0.13638870137428358,0.0007993208898158508,0.02943904620844786
2023-06-27,0.013947187183015996,0.5335602256241818,0.016412965011966686,0.5242496342776793,0.011655357291953891,0.11615754217937696,0.006563372534823882,0.12877460126152518,0.018985143040499614,0.240651592596433,-0.009653535191128937,0.18436437090316143,0.006730726700129558,0.17063744476433565,0.0069938351706019105,0.10143487024074352,-0.004790472749061412,0.13314213967099695,0.0002646237677730902,0.028538750093746564
2023-06-28,-0.019907724925438706,0.5411480647889794,-0.033311962938570104,0.5373950886996304,-0.00045294640079089496,0.11640452128090072,0.00786058510693194,0.12832628406460805,0.0015211429977495979,0.2383808104214937,0.0017317742922205444,0.17794039115503743,0.00980729672541122,0.16755123990002094,0.008088656856236123,0.10198620952592484,-0.0009873684226564315,0.11996454392479709,-9.880701240107068e-05,0.025413678417241996
2023-06-30,0.013851085317899097,0.5411974493890012,0.05690288395720778,0.5671846493567039,0.01759656287737884,0.12092291249589558,0.021724949495862147,0.15180790749090597,-0.011757892954072148,0.2411431757245842,0.022248164446827656,0.1912960302402646,0.011159192913548987,0.17254228085821105,0.012309030720454951,0.10550736551372746,0.00552983882437903,0.12280331664508866,0.0009386445010032622,0.02521349944415313
2023-07-05,0.00037797975055676086,0.5242783363949282,-0.012592385838019004,0.5588948302494379,-0.001632752832828114,0.11719623640420551,-0.005387981785831803,0.1490232941356211,0.008423887492735808,0.23880950238744497,0.008233609855886411,0.18858805025149483,-0.004894871376919702,0.17317061193634992,0.010023411107425535,0.1080394168552001,-0.0016135954881259884,0.12249290632623146,-0.0008324878278889563,0.024844519827341028
2023-07-06,-0.015312376284777718,0.5296439451240444,-0.028254804783615594,0.5688681838790872,-0.003246137820726281,0.11853839839957275,-0.005275985462590926,0.14955220241791306,-0.027156299195903785,0.24465915824507728,-0.01170291919611809,0.194331022316974,-0.0023869188803647768,0.173184151746193,0.009788214377033958,0.11063797984784592,-0.0009865384566433216,0.11620191187504135,0.004707923355168511,0.02998192936234952
2023-07-07,0.018903492974337844,0.5139620879686826,0.016344848772876373,0.5440468957912078,0.0016633701983062759,0.11430849316293865,0.011522713292737935,0.1557494148353445,-0.004755678772769755,0.24285634625011013,0.03163332855740915,0.21988820308749446,-0.008226231229618335,0.16957197669266605,-0.003992002719228266,0.10304727331372622,0.013659351317374816,0.12474684441801596,0.004532582994039849,0.03362316172634677
2023-07-10,0.0005254182595416801,0.508674694036542,0.0034556550505503015,0.5423311040110393,0.0005506973980478765,0.11156665153522272,-0.00884086383961494,0.15665472688469897,0.0052196569612675955,0.2354019138881285,-0.019690001427388564,0.23356251724220758,-0.01631351136232111,0.1722039725005211,-0.0006055872712901164,0.10120258988352038,-0.0024745982679999045,0.12356325389073913,-0.0018514412125784558,0.034005638732584394
2023-07-11,0.005675919928655168,0.5033207515899999,-0.002271406834026944,0.5418632812888505,0.005629555561325502,0.10920991177127397,0.001434726392056688,0.15645604548171121,0.008724057059010335,0.23693276572502966,-0.0016414543260446625,0.22006175947420734,0.015179711799957191,0.1810106909736791,0.0032146232737961917,0.09976971566136586,0.0021773804022562292,0.12077497659780076,-0.0010900284369294599,0.03419748141450813
2023-07-12,-0.009037319525782494,0.5056850451403306,-0.004838809691192495,0.5377086299024378,0.005863255248575047,0.106723290989871,0.004607558753316063,0.156728404638912,0.009021010697195377,0.2054762212749755,-0.007302913802803645,0.22154570141919736,2.8972108232081178e-05,0.17769441200905733,-0.004359104060270293,0.10125379043973953,0.011289764347805343,0.11227638123239739,-0.0015206499868146094,0.030283847699125833
2023-07-13,0.03021607102621807,0.4626990229629281,0.0644864319231215,0.5521837166364235,0.003591436016379812,0.10642683061727588,0.0020075211981196092,0.1564215101498453,0.020620391999030166,0.21475310549730037,0.001488952452878251,0.21905430402822354,-0.00405927172289191,0.17490926337809953,-0.003324969450659275,0.10252298089353272,-0.003310636153461115,0.11174475583823078,-0.004843046973247347,0.03415100544813193
2023-07-14,-0.036601872702821704,0.4546090386758083,-0.03369270721814811,0.5512100532487507,-0.000671352129967266,0.10681367077991698,-0.005758086262299425,0.15378531949482957,0.003089484983956851,0.2149679765268074,-0.01735203998598204,0.22432795322627916,-0.0059305116933024895,0.17075520784845974,0.008088701661166863,0.10478131523969918,0.0008128582271738676,0.11018440292017147,0.00035358006694016065,0.03381027027062106
2023-07-18,-0.01549138764141552,0.43977490972581124,-0.021386414539602907,0.5472998063697798,0.011315433135801571,0.10910329994861175,0.012774955446263399,0.15910325056896596,-0.021292066963367953,0.22524180905107,0.003770744064895472,0.22402112739849886,0.00913404004222354,0.16990179192831079,0.009774213066172288,0.10688175238702372,0.009061594481454186,0.1069489055552434,0.0003753966199527952,0.03386605486657154
2023-07-19,0.0020875583516409874,0.43994321724555435,-0.004369570662992922,0.5475728614098914,0.0025233062285911416,0.10806682521375799,0.0030989552388409353,0.1569504459113417,-0.0031809889110213556,0.2238749615782486,-0.0015592795071951323,0.21708120696031832,0.004996910202271904,0.16990223501285254,0.004407455297659698,0.09871949665020013,0.0003199143059548619,0.1017444810370079,0.00016817140135765336,0.03389695040714019
2023-07-20,-0.004250589079519463,0.42903215711649884,0.0008707058648692242,0.5032664257627494,-0.006946790168130803,0.10406562493707498,-0.0030633848140389527,0.15708496209299472,-0.0021535775396223688,0.22278104459286183,0.00029798132755365895,0.2095049371992956,0.006609333882830321,0.16978737227954416,0.007167486713832315,0.09911311548509535,-0.0048301325874834,0.09551364829026462,-0.00016696277187320253,0.0333971192003879
2023-07-21,0.00416265797195313,0.4062269538242493,0.0008395364881109409,0.459610458122327,0.000576241733398765,0.10401793644598804,0.0064998554691455745,0.1581229405587298,0.008679587517467075,0.2249262619226407,0.019623210987619277,0.209956981971514,-0.0024735239960075334,0.1701888352595804,-0.01153675486713927,0.11108708844152475,-0.0017820785094089762,0.09434794238572237,0.0002521997187857274,0.03339151013929836
2023-07-24,-0.025895639772301193,0.42201581960164136,-0.02361263867930875,0.4712211004453642,0.002903433325172692,0.10055116410723451,0.0043328276615198355,0.15842738368300907,-0.02226474002300447,0.22500739218746388,0.004118592430069523,0.2065984482285929,0.005610748470855765,0.169510513217057,-0.004808823225966886,0.10942616981976987,-0.0031610301248317036,0.09483126842409279,-0.0011226051717021864,0.03196969217958725
2023-07-25,-0.00042168993934040206,0.4154404133928515,0.0020248350363418917,0.4633335915931667,0.000660574156257713,0.09768174356467008,-0.0073806136526516795,0.15435291682013125,0.0376150301373678,0.2633830773216452,-0.007599604975734089,0.20700852930458824,0.0013258400374558902,0.16867792255102892,-0.001730862987913604,0.10962460211134595,-0.0012323772812225602,0.09481829496409669,-0.0021501454195809854,0.03235574308633062
2023-07-26,0.006015385420839579,0.3310528835289416,0.009390788357053734,0.44052589237107076,0.0015042811086988883,0.0956011939022992,0.0030994080068074943,0.14772824271597104,-0.0022009384304604624,0.25304949444321256,0.011113422615763813,0.2103142284988153,0.0020368675226781164,0.15538407365101248,0.006611789573375701,0.11053716172974691,0.005119439851777732,0.08746196329401108,0.0016597320873748835,0.0327647413905931
2023-07-27,-0.004617363205424197,0.259177045491407,-0.006014421834036514,0.39869776120963,-0.006135517676327997,0.0965859105930506,-0.006965331420411579,0.15055517800195364,0.013179752587107116,0.2483602118967141,-0.023560327608927262,0.22401160458081404,0.011639764939891141,0.1597308601885811,-0.005694493117928333,0.11400369979164549,-0.011697524183790326,0.09750286352828072,0.0003098753788689685,0.03278108030986094
2023-07-28,0.008569786291630846,0.24892372997614334,0.012564424213591378,0.40137648268272774,0.014689717897531145,0.10304706496989212,0.013102265474494989,0.12986722439957313,0.019009416571500983,0.24644531936622344,0.0076403425252191005,0.21757231465950605,0.004967821658493434,0.12404423729736457,0.004155634044918529,0.10376935780703664,0.012541264591126415,0.10109053953949479,0.004860342087097379,0.036659986281630426
2023-07-31,-0.004528133160011674,0.2458120851326896,-0.011444834282355994,0.39888903442964657,-1.5721882634221415e-05,0.10090738483377416,0.005540096469421768,0.1271541018849886,0.005807062551721623,0.245341641895129,0.009154566379313328,0.21938836453476251,0.007070392102959673,0.12237085452058098,0.003986220070050564,0.10384308985351648,0.0036554138268502243,0.10121343328958506,-0.0014833573192031121,0.03709035698468711
2023-08-01,0.014893122816672363,0.246582248142003,0.008148105310675679,0.3956370341936879,-0.002905756317098855,0.09760398105854294,-0.009252465339457342,0.13312071447544532,-0.003434540027241697,0.2392705632414895,-0.005656440884309778,0.21737045525322732,-0.0031877678309235025,0.122849061705624,-0.0012627559804703223,0.1035685141076328,-0.015475721086483644,0.11512701877070765,-0.00023711100941620203,0.037112457807962365
2023-08-02,-0.016908063800982608,0.24396053453024152,-0.016726145367110604,0.38215331878080644,-0.01303675692240933,0.11081987952505441,-0.008763669872715145,0.1365861614397331,-0.02456043816160158,0.2564185243984476,0.011829746969110199,0.22047995757719271,0.00279802415201254,0.11959603822449437,-0.009645710777461153,0.10934399414534622,-0.0008023832483228104,0.11509278891117548,0.0008994437159267806,0.03719541139582169
2023-08-03,0.006078588802911519,0.23931058066224342,0.003010527118965496,0.3228777390211239,0.0026111825734446825,0.09460840257071325,0.005957369956884824,0.11643333011514971,0.0011900852789323377,0.25232393051658497,0.00673344252365266,0.2084580405013873,0.010344961984409953,0.11881278362513413,-0.0022859476523827975,0.10273969018330964,0.0023712632024584096,0.11397189690530689,0.005162408023736456,0.04096865993923531
2023-08-04,-0.0029745546280006544,0.23922675757918327,-0.0034371742317329695,0.3206786372149489,-0.004697890455642489,0.09623565126236895,0.006869843445028485,0.11618929964364404,0.007513853941247596,0.25202464731619817,0.013432706048385137,0.21150828006431005,1.361120429744529e-06,0.11661407898960316,0.007575397255628082,0.10030854707377168,0.00454229678986545,0.11442572742765825,0.0006162789182955941,0.04073505780935255
2023-08-08,0.02306728364238351,0.24877270359454048,0.014819446974290948,0.3102165893359343,0.004321416610201446,0.09581387309913127,-0.00037674938956494796,0.113957928071351,-0.01888801769394627,0.24164856318651146,-0.007484211652441779,0.20875766120679634,-0.004108991967429702,0.1175540356921,0.00232031642885757,0.0950162671332384,-0.008458437660221243,0.11885480929436641,-0.0004349972545959887,0.03774651476002212
2023-08-09,-0.005709148525793988,0.23961818645555727,0.00035408605122730163,0.3047506392984551,-0.005895666210777199,0.0988269292019256,0.008607234681057707,0.1111231567390973,0.005245002461334156,0.24073302195236396,-0.004648490010913636,0.17808986609054178,0.011096469729176802,0.11586842522407222,0.004315701413408456,0.0945529669361808,-0.003363869513426212,0.10952658732556929,0.0011679528912677676,0.03454933063949987
2023-08-10,-0.004214860074190094,0.23975138581963046,-0.0016560780074635101,0.3044558098091572,0.0005077714362189961,0.09882831036100409,0.003123692569901775,0.1049061512649129,0.0011814420556279337,0.24050855726178452,0.00039130884915074987,0.16360531627453642,0.0021015187461343736,0.09311267771594049,-0.004309590970885993,0.0960945033677598,-0.0002651315715593218,0.10922145944522771,0.0002570889151379848,0.033856908128338255
2023-08-11,-0.001885434339825639,0.23835715411649994,-0.0027644507510250277,0.30449437110486355,-0.0018719523172486556,0.097599515872391,0.004309458445702021,0.1052243189100771,-0.00993865182092382,0.24265567364478927,-0.0052957867496013665,0.16472461032474353,0.0005690666168489371,0.08343135699779451,-0.006693144179782271,0.0987927511466696,-0.0015855298435744495,0.10900245479871865,-0.0008016874180190013,0.03373896731020534
2023-08-14,0.0015405699724633478,0.2371141814957183,-0.00041647871738428703,0.3041110806417919,0.006909697564474183,0.09839846447691591,-0.00495089433298192,0.10744620753547199,-0.01501965324713557,0.24708563015689447,-0.0055324073174279715,0.1637881892467942,-0.004829882238750329,0.0871419431989965,0.0014973366099139272,0.09751371308450803,-2.7419178716006267e-05,0.10056750864008583,0.0011756926850551117,0.033338983307984606
2023-08-16,-0.02074758876408291,0.21665990567998905,-0.017537104197210544,0.19757992466546556,-0.015627104995346183,0.1122688682877625,-0.012167539224792296,0.11746022850479086,-0.019541831762063425,0.24402300190230658,0.007687911144781765,0.1656477004465931,-0.0019392471657406437,0.08537594109972611,0.0051406471240629465,0.09783740806440913,-0.004043067700093926,0.10082621464833258,0.0035751161933745158,0.029558170341870228
2023-08-17,-0.07310978258305574,0.305285751366664,-0.06868523616011533,0.28216927284744736,-0.007228473864523149,0.11470898507736477,-0.0004212346391815023,0.11508664059925135,0.0012884431370784614,0.24363816727385332,-0.004034642760048521,0.15320157106154572,0.0003659301211704838,0.07991761493402712,-0.00462342077705432,0.0958154168404544,-0.005834554325204893,0.10204917678003439,0.0005143375130060628,0.0295405318222661
2023-08-18,-0.02500199359473657,0.3109544420803696,-0.01600706662605221,0.2790719491240018,-0.0018164628248823666,0.10598762685737423,-0.000719701208220458,0.10711727523721694,-0.022589841600261094,0.24497154566917517,-0.0002495538398721815,0.15306673558227346,-0.00015588052993473675,0.07745343244414063,-0.0045170830781759725,0.09047751226068294,-0.0006067931540146941,0.09507113432249269,-0.0016677449409253616,0.030646320205171947
2023-08-21,0.0036890668237537136,0.31152160227589604,0.0046302259090807854,0.2813629144112147,0.0076856351772628916,0.10982211752370012,-0.0011275993035254435,0.10682489820149543,-0.017210730427934463,0.2505447953859061,-0.009427809293124869,0.1572605289130868,-0.0049591205531680504,0.08117883471724473,0.0051422102745113715,0.09101111002654451,0.00464017225280192,0.09734879448063707,0.0008300003174632372,0.030615152901199868
2023-08-22,-0.004193505890981199,0.3115252916254398,-0.020868768005238104,0.28538871056928955,-0.0034283674182745737,0.108138973771904,-0.0052908486977757355,0.10798039571830771,0.009636618623846809,0.25418243973365157,0.016705503401479742,0.16649217988845538,0.00030608704298914607,0.07972722983899429,-0.0005001116079701836,0.0867120990627228,0.0009889644818738095,0.09688338167157312,-0.0006470363717287546,0.030816986020557616
2023-08-23,0.014764671287302068,0.3179049361901331,0.02691276685266326,0.3071311287692272,0.010500546448932578,0.11515939774649049,0.009572726552207741,0.11073191920197578,0.0024549645555546834,0.2517415059987895,0.008019394559063997,0.15518965738911536,0.001104578635632247,0.07823923630801831,0.0019647355654353795,0.07781035747107824,0.01110248152328583,0.10572776185620653,-0.00048378426185891174,0.031028328972311347
2023-08-24,-0.016622982814615,0.3119069581562638,-0.017961004467140402,0.30344305795673804,-0.019932771037497903,0.13253188286655723,-0.01357882181928524,0.11961743393452452,0.014304163044225326,0.24731479684724345,-0.03256369312637333,0.19352262072148205,-0.00982795213634762,0.08706191117338669,-0.009334732584496337,0.08264659228889844,-0.0065398269018258435,0.10741275660268694,-0.006383417053489897,0.03898014690806752
2023-08-25,-0.0032231604541770958,0.31155406440219635,-0.003060853263269816,0.30250309684678167,0.007866333043057394,0.1363628152495197,0.008855270872013907,0.12108889106796149,-0.003872752823348719,0.20432448461068659,-0.003864297981977722,0.19225738387979277,0.0021472075869495553,0.08711474496074893,-0.005084847818800865,0.08414271277899037,-0.0025374091358480407,0.10758727079849605,0.0011708319827622284,0.03801315281953546
2023-08-28,0.0025197026563789984,0.3102284942492866,-1.2007540958100907e-05,0.2985622769607463,0.0065220903709066426,0.13872167657688234,0.010304857160349004,0.12570376983508985,0.001163310431943316,0.20475741743914963,0.00926992646011521,0.19096109394624,0.00609578804481408,0.08866156046402335,0.0023640266841637807,0.08081747836534432,0.0038288822270205903,0.10678626270380065,0.0002770117767103632,0.03777303659596784
2023-08-29,0.06057886551613948,0.38491515229992285,0.046028306847711406,0.34786038728029,0.014733041657344893,0.14754121310314394,0.014012553419944538,0.13069903024331553,0.01995483002183869,0.2125045631050841,0.011675522465827598,0.1758662632359014,0.0055998353666182376,0.08219508308128494,0.00222293673738448,0.07933913139156805,0.009980342729723972,0.10540062301273252,0.0003289729452884025,0.03777243629141129
2023-08-30,-0.018017059004114124,0.38667187311721957,-0.01671471046013591,0.34607964650931194,0.0014430845484017746,0.13772689678067498,-0.003525754167802415,0.12482185786663992,-0.0024091146261682917,0.19802210852245036,-0.014130144027633516,0.1817858558160233,0.002134169727921756,0.08114529428332755,-0.0021347047170603758,0.07780503503436068,0.0016370506276542937,0.09562290227821418,-0.0023827696327912455,0.03528107748428629
2023-08-31,-0.0488387102845132,0.41762444354776995,-0.03301161370247746,0.3593825243847198,0.0008922221907360793,0.1378143050038386,-0.0011077795266875475,0.12376653104168929,-0.00302146051201284,0.19529111243296662,-0.005263744156897991,0.1795810051933205,0.003194352505164751,0.07861259927271314,-0.002361667874572359,0.07611774823088927,-0.0006519229422381587,0.09452241877008313,0.0024904351650759018,0.03575995217660098
2023-09-05,-0.005445681457347022,0.4110363172623667,-0.00691129962782075,0.3559601896777668,-0.001992090704236189,0.13765734645473454,0.011041351312749133,0.12359980488629994,0.0031812244721492666,0.19672061399188373,0.023779584281240333,0.19720401826141484,0.004841971983624986,0.07827503278490008,0.016953063187742375,0.09817244840907428,-0.005797162979005599,0.08008110778193926,0.0004133943516265802,0.03571734591564735
2023-09-06,0.003201529320694662,0.4104688078332646,0.0033962331695256837,0.35528082234380803,-0.002756471369144504,0.1303177121641603,-0.002001418595805372,0.11867493282450697,0.004616689116155427,0.18249654247232486,-0.0011387668301866992,0.193149172757713,0.009277514946960096,0.08293764059464481,0.006084612582102562,0.09392122977646226,2.5518344370532038e-05,0.08003675057926261,0.004239543122287831,0.038222390565850584
2023-09-11,-0.023859084778370766,0.4129635869747795,-0.051309607145199734,0.3877477786765173,0.00425041856026398,0.13086360492133828,-0.0037201900895449283,0.11911724274655466,-0.020157787250523255,0.19258592463446594,0.010329284485727622,0.19507534376883914,-0.013167267336714611,0.0912376621207886,0.018796808757426644,0.11221850800003318,0.002047680165216406,0.07992228244951279,-0.00065970588439567,0.03429427726509962
2023-09-12,0.025244663601868337,0.4276355171379328,0.024889386781951364,0.403863094888452,-0.006772633374053122,0.13199817648427775,-0.0026164958441880176,0.11807604216580861,-0.006059452013220605,0.18899319092691388,-0.0026353069201173725,0.1893703336443642,-0.004333853927384193,0.09274114865595903,-0.0012180250499736946,0.11049718932136728,-0.007319286062423029,0.08188484315036915,-0.0010604643510491911,0.03451129332719816
2023-09-13,0.013963909406717523,0.4210757448386369,0.00851328932839145,0.4002490162382454,3.0918565566351575e-05,0.13102856696003082,-0.0004964878920433299,0.11809267062648138,-0.002704760889305823,0.1806324282401082,0.004034887603145406,0.188141247154957,-0.007997046806432965,0.09597206716646729,0.002624042591178998,0.11053963053497592,-0.0023616938772396535,0.07710466047199958,-0.0012099435519682589,0.0347637039032044
2023-09-14,0.012932405878925187,0.4261423750242062,0.012869608231948796,0.4053716054027333,0.009526156281619536,0.13357363391907054,0.015388060116749385,0.12578200115482485,0.003137571140638652,0.1795894000907965,0.0050414047958453586,0.18802291647508745,0.006699755370572374,0.09067371521478323,0.002779420537327752,0.1101307889126543,0.001602898776273255,0.07655032691974632,0.0011315707479533034,0.03474924627198001
2023-09-15,0.0036998749190578118,0.42722595393551877,0.010076535414024259,0.4090404411913349,-0.011131512332754948,0.13946515109032417,0.0009632555935908157,0.1255849065528508,0.00892370325018129,0.18377850826187164,-0.013870670985761132,0.19460695883722431,0.012214429752438291,0.10009086818660098,0.00553242137296174,0.10922226925653365,0.008249780998797567,0.08179632325184169,0.00110263350973881,0.03493485041946512
2023-09-18,0.006148855190903545,0.42879776093009764,-0.001926368746936987,0.40912436100696165,0.0014133560360963424,0.1394049246181259,-0.0050818612168164025,0.1267522215293842,-0.013761813879325407,0.18617289250150862,-0.0035196229234136286,0.19410257278238327,-0.007265775946719334,0.10349616900643038,-0.0022362726729020944,0.10597597090432834,0.004738841918522476,0.08286324907005044,0.0006923283419206952,0.03483596606266067
2023-09-20,0.015333059105093342,0.43380663079545667,-0.007554946110603823,0.40873708987067237,-0.010279096225771368,0.1414518796276329,-0.01822458920464961,0.14159387809607868,-0.001778275027104146,0.1807462127932511,0.004501654482525682,0.1936009199268008,-0.011961527494840116,0.11038824406566614,-0.010271663461280578,0.1140220173130075,0.008586932459218346,0.08726505711004114,0.0013134353420528621,0.03488958889554093
2023-09-21,-0.022319486560326274,0.4346199281335856,-0.025360822411614803,0.41242168747491265,-0.017835937162116303,0.14454877582074113,-0.019925420192458253,0.15215228379096848,-0.013881907589820025,0.17483773156363333,-0.02034863767671577,0.20452464181225205,-0.010453356589574402,0.11573075027279903,-0.009323064733683389,0.11879367127651795,-0.014961011983561017,0.1021899470018809,-0.00129901884362824,0.03292736951642054
2023-09-22,-0.0019090094890562084,0.3539250783712497,0.003282195633428271,0.3450837166733775,-0.004656397432672511,0.14339360551666583,-0.0028850672455225505,0.15240259442538265,0.01979993301878464,0.1901130535083156,0.007903303279585723,0.20634958647764262,0.002277265962353629,0.11615545360480974,-0.005813540646556601,0.1195238809508278,0.0008671839103809009,0.0995458117694578,-0.002358160029911682,0.03378684253399263
2023-09-25,-0.009624771954224415,0.3443076364095682,-0.0021019019243175272,0.34175550515910047,0.005021875440696384,0.14470315183688778,0.0020107140985181106,0.1526427034034475,-0.017408878470050727,0.18341700566159935,7.98930076730128e-05,0.2063532319563319,-0.002791472339596217,0.11636493023428482,0.001022169186917804,0.11809343733798607,-0.0035740996155247404,0.100612084778211,0.00100688123688966,0.033590847656135764
2023-09-26,-0.0024490356428482733,0.3442213457820552,0.003846784623726083,0.3415689502807187,-0.014199631529588343,0.14904416124226874,-0.013751065070054667,0.15955599382104316,-0.014783785035889568,0.18084204660524036,-0.00746092063747782,0.20536207862460157,-0.0018284245019482964,0.11545789854710502,0.00014368237538724785,0.11705286020332155,-0.007843833059201962,0.10368822357098556,0.0006445339526765269,0.033534274992266064
2023-09-27,0.008405224241671285,0.3450118607328073,0.0058049316505647056,0.3356834671341606,0.003480729161176551,0.14981760141180528,0.0022177505539187846,0.1591045789545946,0.012148627736103817,0.18283264172927446,0.008020570833011534,0.19846041444124468,0.006519640729472118,0.11808537235149708,0.005879603940798827,0.11838880362620148,-0.012019294823112689,0.11175845474695666,0.0032514413888817487,0.03537208702657423
2023-09-28,0.02415045383201537,0.35131088020073514,0.03317369074662356,0.34285930628418176,0.004963124740056551,0.14556558619632945,0.00563849894688627,0.15649823786928663,-0.014594952831352355,0.18882162590593982,0.022461461481559107,0.21217538361599478,0.0055665643073818235,0.1197811916829495,-0.010744556244157497,0.1249338692041275,-0.006914887877557968,0.10539462264255532,-0.0009127524029441069,0.035493212622162026
2023-09-29,-0.004429626861724824,0.3460439610535023,0.008713837960373953,0.33832990757029374,-0.003070211939716707,0.1293309975517995,-0.0036226566061233726,0.14990417732884045,0.025521912762737072,0.20389575670493626,0.004957588619782436,0.1761214460799058,-0.009557670384148955,0.11950926000075397,0.005503359406247937,0.12105934274399793,-0.00699041268303483,0.10568379612528761,-0.0003569522914273857,0.026705125794941807
2023-10-03,0.021072751861342266,0.3518594875187658,-0.004774481593525768,0.3386155872127345,-0.011761895718561203,0.1310082602424375,-0.011352064136168799,0.15067752307542973,-0.02490767929846404,0.2203007503813174,-0.0196756279907254,0.1905624275440222,-0.0028324968342043873,0.11955719649562861,-0.0035959064343947062,0.12022545691719214,-0.010799163811744979,0.11056622271638089,0.001998135738734881,0.027166520739939564
2023-10-04,0.01182178944937659,0.35321429630633144,-0.006910743948226348,0.33959400864470446,0.006521117754722651,0.1310075068456819,0.0015700687888934005,0.14515779858763664,-0.009308611139855457,0.2215313406876766,0.02059410226284732,0.2004293881310701,-0.0007562152818380953,0.11722154914600866,-0.006311527072989706,0.12276684162140063,-0.0049047159569350724,0.10909969511636357,-0.0015559298531063427,0.028010138965404434
2023-10-05,-0.011250850859477657,0.2881398355777937,-0.019673593557682195,0.30204845532241126,0.0013349302493701114,0.11758124176275943,0.010593434970412687,0.1409191212267795,0.0032024719631792912,0.20752096243902463,-0.0024745550832948535,0.19751293825820182,0.004553142620769655,0.11656745150844881,0.008265541366384875,0.12549993044123223,0.001594434598007574,0.10084934385795626,0.0026398113963651804,0.029135878729556676
2023-10-06,0.01647322068752658,0.2858840023565892,0.018396288127658002,0.30632736537052285,0.009046978993331766,0.12333525032559171,0.00013909482035300428,0.14094245309264095,0.013279092921615993,0.21511730270986973,0.007107510001009632,0.19058225976970875,-0.005169052513803295,0.11703821125202189,0.0027989049079166707,0.12514405247617943,0.004759952072842043,0.10306194922244111,-0.0026986631006294306,0.02953853937109128
2023-10-10,-0.019534865772558096,0.23416317473763593,-0.048082484752411225,0.329573677787257,0.012023935650212378,0.13212157066019486,0.004536098895834458,0.1425763408833098,0.010409463117451332,0.2195452251096244,0.01699406749062765,0.19539959087784192,0.005098965164313575,0.11809863691980554,0.002393206631052232,0.12453723352780184,0.017234145270932838,0.12359509178927333,0.0005453914308396697,0.028573128623093302
2023-10-11,-0.019321482679346805,0.2450982661899064,-0.0011708725923779324,0.3290916599159351,0.004043557663019959,0.13335920457782133,0.008291486790261766,0.13984284120506896,0.01139575578860511,0.22363954399644548,-0.014086594614835647,0.18877263569263183,0.0045695213500223375,0.11793238748981498,0.005911469531654826,0.1124414871521166,0.006080423769632855,0.12535923069618757,-0.00024026183707509017,0.028637880106544278
2023-10-13,-0.0002620389606540673,0.24522671266292592,-0.008939856747563021,0.32945439902334267,-0.01115218369758148,0.13785536237657758,-0.0027745812124215863,0.13990065791343004,-0.0037330527612758637,0.22273345836370703,-0.012007411460681168,0.1942016103400367,0.013157158342424926,0.12286187431195084,-0.0029029551225413625,0.11149364214260243,0.028882630738358738,0.16274112823494927,0.00014533690329326195,0.02478702934011221
2023-10-16,0.06009932698968955,0.29963744693945066,0.03097447495739294,0.2969140064520283,0.01077767831337152,0.1429798402733291,0.005428395128043741,0.14171199156494724,-0.009587942449080707,0.2145434336518741,0.007410626088084053,0.19264635436673846,-0.0026399151012429524,0.11468368372465339,-0.0007386445187399846,0.08929357166106144,-0.0030349951472228532,0.1630178922447499,0.0002390360107815618,0.024634578012831712
2023-10-17,-0.004638124666865616,0.29340540468950954,-0.0231655740612521,0.29612807792227935,-0.0010929751135350795,0.1414762597523932,0.0004743318966936213,0.14171088307372715,0.005772523926485113,0.21506442260511396,-0.008483011899265064,0.19494288639199328,-0.0007114390683541107,0.11377310906096354,0.003038838427229422,0.09007085091028738,-0.00016222837742318834,0.160789709981273,-0.0009947252340911654,0.02459510905381275
2023-10-18,-0.002302214734165146,0.2923317159835207,-0.0003014535201704969,0.2942532436095907,-0.012711903235629545,0.1472897591072674,-0.008760295719644626,0.14421500534408196,-0.0006514258182184768,0.21493029888311982,-0.015333398392164644,0.2017469239553065,-0.0001003378257269581,0.11014796384699181,-0.0063335384575427,0.09175132730024076,0.017591741537254044,0.1709597810735259,0.0007785050155222764,0.024173920218686838
2023-10-19,0.01377590838044375,0.29267416606807284,0.0024195533510535765,0.29020697925349886,-0.008467355109087199,0.1435891636166588,-0.0007576161335057236,0.13077036115023333,-0.024331446262670545,0.2296115659450715,0.0032659706234487093,0.20121660658193913,-0.008831758762386585,0.11176130134709547,-0.002309919367629236,0.09100017249616937,0.006729060309372753,0.17196320664633888,5.167721897076591e-05,0.023961470697654193
2023-10-20,0.031227243636108164,0.3075355189797924,0.02170307126458636,0.29876205042629794,-0.014423674542599177,0.1465702452483547,-0.01377479808862406,0.13619468061451626,-0.009567075734945585,0.2276332823465806,-0.007889459547630743,0.19729918195769752,-0.012560516915816104,0.1091101203724516,-0.0059481858142527945,0.08936041651053162,0.005379106767738081,0.1708535643832934,-0.0017585253464432796,0.024629130694028663
2023-10-25,0.1488488970090274,0.5849213582046184,0.10622512894123787,0.4766331002385009,-0.010510294507392002,0.14843910551057782,-0.008515271560592362,0.13741504968229964,-0.0067035349807095445,0.2246057907091689,-0.018798819507976565,0.20721301785325094,-0.01372549934469931,0.11537609143017372,-0.02337129852632667,0.11720002232724394,-0.0008126673177813647,0.1706046030175246,-0.0016193913043477913,0.02517001696985058
2023-10-26,-0.007878733928257836,0.5887964854420412,0.011472596787060004,0.47531673266583185,-0.009697996699910422,0.1480931824387518,0.0028171589630439503,0.1270208166567522,-0.0003920991489484706,0.2247028863147457,0.020054954314870855,0.21917719836169272,0.0061709828126120065,0.11273484473018448,-0.011744829589339407,0.11853283799654953,0.003766274177945446,0.1687905546517406,0.0022050845056747095,0.025958530568724
2023-10-27,-0.005913412285049427,0.5797899761753748,-0.012049646309750599,0.46675419985093514,-0.0034720816070981583,0.13793608745213973,-0.005189101086088955,0.10995728093476982,0.02171126764735525,0.23517328354235426,-0.013487110513831311,0.2124819703530197,-0.002693705591292198,0.10775669231318148,0.011365035835285848,0.1251822792274106,0.0020440300726447605,0.15850326230229572,0.0013397569715224943,0.025921720610476758
2023-10-30,0.01889423652504235,0.578099310699856,0.018307495485192674,0.4686881673447368,0.013508969422311267,0.14798975652338328,0.011492307788521004,0.11833482467629887,0.0021584307061468556,0.22353811910381707,-0.011935838104277542,0.21424354635898887,-0.006829040453311006,0.10911489212502833,0.006475188195918858,0.1271862747900525,0.005384982645010835,0.15893903371266316,0.0015704951220253621,0.024750855807103712
2023-10-31,0.0033805313593599172,0.5735020919293091,0.002110778413689045,0.4679547985362388,0.00505167737935538,0.14800613912309343,-0.0030306367143950533,0.11820439970143697,-0.0185411841543472,0.2245888594744659,0.022839375750346783,0.22962362866381275,-0.00530222320777726,0.10991734560282038,-0.00461015374672716,0.1275485333136546,-0.006928116117069048,0.16083939461281474,-0.0014024074423328928,0.025284031347528532
2023-11-01,0.021721117927174797,0.5712243415593985,0.01649052637804984,0.4690743213766005,0.01021943729667692,0.14559141884258325,0.014062789922736027,0.11928593664651066,-0.00038817243056768675,0.21933550679907177,0.014118867478483696,0.23281803069966278,0.013113028852127877,0.12071711485464817,-0.004983654666710591,0.12806411464963502,-0.0034607727815495555,0.15820287803183056,-0.0002317576935148152,0.025265252963981483
2023-11-03,-0.020451951481064663,0.5837093886610204,-0.008128163836123348,0.47206160260930224,0.02767372099085794,0.1746395702343345,0.02860798268658383,0.15414600738711176,0.032012999590018826,0.24358236597738797,0.01002612253968849,0.23366843115967076,0.00611544189940223,0.12042378499807223,0.012275854568365744,0.1344782829670679,0.006038397104741573,0.15010269656579528,-0.0003591014877801402,0.022625198042545765
2023-11-06,0.007677197522639384,0.5825747093303704,0.03485883728740354,0.4732952170216792,0.0006842048825585414,0.17401171653886596,-0.011466184914033,0.15993053375776453,0.015860114502868592,0.24322952041638227,-0.009204972361126084,0.2229013360318091,-0.01206524167353796,0.12440390032904454,0.008308559937412613,0.13366511457527774,-0.0060507896084701675,0.149417064223749,-0.0010672528415421347,0.022707384596073285
2023-11-07,0.012299335189159141,0.5793829928887856,-0.005411489661947058,0.4750243323437898,0.0036090232872708133,0.17373034131466217,-0.005104860600673253,0.16053920281904333,-0.016275276451405824,0.23432562377384816,0.004255845829463973,0.22270650275163034,0.0020881858196025505,0.1213757855959046,0.0005127040712796973,0.13203825333829583,-0.006723775605250828,0.1491958272081589,0.0007729298855590016,0.022843549946661507
2023-11-08,0.006074419831089897,0.5791218934828232,0.0007532490456746381,0.47384053838901835,0.0011233055700343082,0.16741423734958075,0.0029816180895719624,0.1544035856027893,-0.005806625437583692,0.21793178555986023,-0.0038822091368237257,0.21186727638466232,0.011921405707256564,0.12897169836391695,0.0020133915027215374,0.1318363311534706,-0.007690679205676975,0.14593103943836996,0.00011889453761438203,0.02168844208354858
2023-11-09,0.028512013279394774,0.5817859899544251,0.11528222659556137,0.602805185082037,-0.008296917244139647,0.16980434171878264,0.004536704968333417,0.15476073286873626,-0.004084461026156946,0.21570900787310707,0.006818455774342941,0.20041448150612937,0.006405386896996139,0.13096638040000227,-0.002662241567385347,0.1303304434346916,0.006306478698893663,0.1432981384169432,-0.0001802265450709884,0.021015941174228663
2023-11-10,0.017999693670013906,0.5750747321023181,-0.018914003748056504,0.6023077824676497,0.01671710689045211,0.1784224645161137,0.005641113761590497,0.15208121166001579,-0.01726290017450753,0.22425721104280977,0.019773157414138424,0.21176261468539262,0.002624701895050315,0.13031303166641245,0.002769432663274531,0.12723560666968167,-0.014997431312501646,0.15717133062041327,0.0012213476196798467,0.019266705939476172
2023-11-13,-0.022237035583799993,0.588955993118805,-0.011386436433548456,0.6071638238479222,-0.0010822620596509435,0.17657212584522833,0.0019462480677279776,0.15201957573063918,0.012922449807401742,0.22398985697889606,-0.010650259205191321,0.21405838881582032,-0.004680136130799989,0.13007803509885513,0.0006904680910267735,0.12678305179836516,0.00640670587387466,0.15752354866264875,-0.00024607361828074553,0.016768999364547277
2023-11-16,-0.010921715232103597,0.583737653885735,-0.04836461534315585,0.6075082140576579,0.020327027601216362,0.18513917785296413,0.007539020211751523,0.15312779049160657,0.0211849978796669,0.23336053569792586,0.02628247395866633,0.225469066599914,-0.008523350041618829,0.13196632037183392,0.015053539880348101,0.13751561634027226,0.01819180275229151,0.1586485270415583,-0.001353800477921881,0.017332215957734275
2023-11-17,0.011356201731171908,0.5717728281964624,-0.0005889993915190653,0.6073693921847696,0.0004886827016705267,0.18494855228931795,0.010315767247707316,0.15439100816289864,-0.022856885009857452,0.24276251706961022,0.0033684729200357737,0.21933053245728235,0.004199433557344387,0.13178993446146442,-0.002483734209875072,0.13613953093024336,-0.0019525750355583941,0.15912118746358736,-0.0007925452355076506,0.01751399712200232
2023-11-20,0.025826139731865514,0.5703507351371008,0.032665169747602724,0.6075734440857852,0.009420602694825447,0.18105383324998015,0.0031456651044728732,0.15357128811941548,0.01955491727053923,0.25307890546714934,0.0013957077322043036,0.21396052714021574,-0.003256201989747266,0.12208976187652777,0.0001399326330566297,0.13580456045211917,8.74406848891793e-05,0.127312316631962,0.0020574989010298567,0.019005409590796947
2023-11-21,-0.04502409658234777,0.5837403377167848,-0.04266199926812631,0.6325727049821555,-0.001654450592157193,0.1788918091106658,-0.0060244614918588705,0.15548004469512935,-0.0025225118264694934,0.2509692152605857,0.003237484201987785,0.21309340370368574,-0.004538682932051471,0.12251030170570165,0.004897726480901713,0.1368809334048495,0.011231140401367539,0.13081504494948437,0.0003685253396007416,0.019029779668109457
2023-11-22,0.04448346135683937,0.5920418987542533,0.06395909514491413,0.6483623228595208,0.004334976983316279,0.1787809629336912,-0.0012036578575724316,0.15572434023488174,0.0007467037465049843,0.2501367218582292,0.013426328053692984,0.21341261328671568,0.00035105171283168963,0.12265001284354776,0.0017190737336976927,0.13660572461230522,-0.0036771505976620524,0.1320814628790882,0.00028207188900309163,0.018680356331905575
2023-11-24,0.007642468070168882,0.5897572935286735,0.008049341787189418,0.64680510931544,0.0005762821716153954,0.1707092810092766,-0.0010004966666408046,0.1516150968409937,-0.00960110123178985,0.25227316497724034,-0.003286743298600578,0.20444490973848864,-0.004792771016078106,0.1230834304118698,-0.0008864516162792678,0.13467070327451794,0.005388216946384924,0.1198436092830887,-2.0413438029638375e-05,0.01851012469464933
2023-11-28,0.0031791704237766356,0.5908770565429884,-0.015158814022040279,0.6534849901153515,-0.0007304903268925163,0.16639703037615627,-0.009503908497099436,0.15639894686625813,-0.012746523694637225,0.2414918133623082,0.006719377838957186,0.2047830536870915,-0.011352717725074483,0.12522601596468141,0.0050337253453465805,0.13524882700548882,0.01880210312545666,0.13342257712632713,0.0002459404619557228,0.018523161580866063
2023-11-29,0.001366885938356406,0.5884319332524119,-0.008873253806325278,0.6568231983746706,-0.00030398570524004887,0.15448639596573652,0.0013586306790076747,0.14643171631714177,-0.019614132386699096,0.24888686737952043,-0.008080340333442416,0.20491766349691895,-0.0035035536701028143,0.11918415731279419,0.010991367483730691,0.13747884831285237,0.004264142168619442,0.13309587265434084,0.0006427109098616327,0.017394585743239082
2023-11-30,-0.004910261549975741,0.31424356622256067,0.010031932229142533,0.5590202159218717,0.0027238587134913606,0.1456848212384889,0.006903012257012189,0.1420679277078108,0.003081760022552819,0.2481242751040918,0.015672440289477195,0.1920965925024374,0.01233458937778875,0.11926794740662644,0.0007640300308960544,0.10374737584495083,-0.005459228758409407,0.1351567821809253,-0.0010530725515030968,0.016759935410225007
2023-12-01,0.025819502606832613,0.31925147425931716,0.016977508810736626,0.5599266055738179,0.006125331446050935,0.1364897294443559,0.00843257127351472,0.143401366675103,-0.011493929894544374,0.2512825624214958,0.010180239499416514,0.18534851655560192,0.00012369443847968983,0.11707779927741688,0.006939415807838422,0.090417217413576,0.01628236557428931,0.14446426519956243,0.00026877249220439705,0.015095023467633004
2023-12-04,0.08003663642957423,0.4058162923440014,0.0705056699689761,0.5963032861841948,-0.007033332180026516,0.13982376698020132,-0.008713879359057326,0.14644631829372856,-0.012128991577541357,0.24059174934419555,-0.016072719242841454,0.18872166563343212,-0.005805700434637447,0.11833774972889802,0.018847336367574647,0.10160060732122107,-0.02451658127198238,0.17132848621448205,-0.001610144116199538,0.015505276337358492
2023-12-05,0.051207697442324805,0.4293643274461873,0.02470004494082767,0.5977030790112893,0.0018134312886603679,0.1366125600686606,0.004422624399810341,0.14323284553289198,-0.016732170173358797,0.2451548625208317,0.01148767278786152,0.180233417725915,0.003378856434867458,0.11677692827525672,0.010485113330339345,0.10380903204866587,-0.0003880210642107523,0.17054980721100252,0.00238246288259494,0.016769252974130865
2023-12-06,-0.00882438818756413,0.4343849802229228,-0.02869560476519335,0.6129895932135464,-0.005127724429109454,0.14046985513459243,-0.002384197860921355,0.14293188330934417,0.007501160801556426,0.2410249496449364,-0.014471832683671063,0.18170672911519653,0.02466596239027765,0.14300914423212135,0.0027389480610577354,0.0990648208128123,0.004713534349191175,0.16889422094663584,-0.0012138724841656869,0.016581960174387376
2023-12-07,-0.010742949763952611,0.4389052287880254,0.05457338532682215,0.6321134758531727,0.007620820957855993,0.13927696728039668,-4.482848886621243e-05,0.13689717387760336,-0.008536429966543585,0.24205693357881228,-0.0026321996695392366,0.1790392342314592,-0.0005232034431611576,0.13655852485572942,-0.0020629141227448563,0.09603575295819769,-0.000611315087372005,0.16821486321013396,-0.00031578972696591706,0.016600011936686
2023-12-08,0.020769387393506897,0.4264643098570781,0.001272367287596417,0.6292439510778329,0.004870838305210289,0.10907553833225528,0.003894054509781367,0.09721652308654695,0.0001721812138562056,0.2080449123937062,0.011163674324459964,0.17963888430216954,-0.0027634868028147195,0.13560063732685368,0.004043754918626855,0.09186208718915051,-0.014905995085164488,0.1761185116167454,0.0007837041587064997,0.016753705603913187
2023-12-11,-0.06756551250431289,0.5070167408160053,-0.057654743106992846,0.667484849715237,0.004818608658610831,0.10906430320795868,-0.0010524660843445402,0.08687663994610323,-0.007527637021493962,0.19568352570856706,-0.003929921445030019,0.17597100489679207,0.00369994855021306,0.12828777249893775,0.002221858626839139,0.09083223060268256,-0.009308815228588495,0.17793332206553386,0.0009017951108294456,0.016468252092681233
2023-12-12,0.003953129301720813,0.5069330086510173,-0.011222834785324542,0.6692211490655048,0.0035502639331209313,0.10905949915338814,-0.00541714688111093,0.08717034494454387,0.009165923100523101,0.19682352468317926,0.0037441732572852902,0.1759474841455967,0.006242794418362499,0.12951277494876468,-0.005367512332989512,0.09574136890715396,-0.001139641521238246,0.1762912976388679,-0.0010385488625713646,0.016804319997314965
2023-12-13,0.034792540283909344,0.5155859704329703,0.02689825587024258,0.672075286454136,0.014188135887892354,0.11561571429076392,0.0205127737105261,0.10982634151819178,-0.007888419406027714,0.19724302218942946,0.03018066205412295,0.19666314041421817,0.003795760730832987,0.12401741433855158,0.0015835515945858748,0.09584341716002921,0.002902461517103065,0.17401974923264457,0.0006297907128725324,0.016916251811237182
2023-12-14,0.0017731474533453529,0.5110652914895436,0.023111459227324015,0.5531068771228519,0.001315251479295827,0.10779590952904866,0.00020616737973332152,0.10962121358570137,0.009545382644829665,0.20252858946554028,-7.774125678442379e-05,0.19729543140752792,-9.437621879466444e-05,0.12238935968231876,0.010847348457866389,0.09615855939531726,0.022548161265356532,0.18890779307310596,-0.0013283137058586714,0.017603737882109824
2023-12-15,-0.025626020215067963,0.5221235251080563,-0.042747229791825804,0.5715373593954716,5.940619406800318e-05,0.09793153297258346,-0.019461952327351057,0.13108860637156727,0.02305845835790845,0.21478730406959504,-0.005579032162629519,0.19227529705782664,0.003242541478238067,0.12253984692049999,0.01298552351601803,0.10060420873972607,-0.004356722149787762,0.18052972374463638,0.0001356585945165836,0.01707860935746127
2023-12-18,0.013346058147311483,0.5127365207466356,-0.003995241681253946,0.5697453155518171,0.001453304758236235,0.09693734184579972,-0.0004169932193491548,0.13105215709442475,-0.013406066019872738,0.21236115776187542,0.00475334749613813,0.18533917717342654,-0.004694491551751032,0.12254762257004127,-0.004837400286271767,0.10511721888928698,-0.000495229091828599,0.18004691429122321,-0.003064817505164272,0.020089208409600375
2023-12-19,-0.007480038120666856,0.5113375934356211,-0.01709321739070325,0.5435992660235113,0.006685800048767393,0.0759543993106713,0.012509000563395921,0.13544986659196787,-0.00758532117409665,0.19470084490681996,0.0018299049361325081,0.1670249705143252,0.008526914163285836,0.12080946639422105,0.0024436154048959173,0.0979354614130209,0.006790236984396289,0.17106846818266883,0.0008365325979483568,0.019863285894450574
2023-12-20,0.03192888183193012,0.5182629551741611,0.010741425705999558,0.5435602830511936,-0.015029003378126208,0.09744417027425151,-0.016519213839652526,0.1433271762906573,0.006912197312936884,0.1850599213106673,-0.014231434187254819,0.17734601439922196,-0.0025452721617667696,0.12109370438466019,-0.014457978145870257,0.1150041180157455,-0.0021509653259915327,0.17111660329662012,-0.00023585541282049817,0.019691451928272267
2023-12-21,0.007067643801813293,0.5143650402630456,0.01905688250086849,0.536993828420665,0.012359847469036516,0.10078126211668062,0.011881885988932455,0.14919671611642438,0.003481961472765544,0.16870543168226637,0.022426192372323454,0.19066250571630416,0.0010507354485148317,0.12006925613859346,0.007058612978539798,0.11511435066152648,0.004369511767761983,0.17139649867188583,0.0021110781617646114,0.019763298375956074
2023-12-22,0.0013007792477304479,0.4785649698021729,0.036474314271253284,0.5184304436671207,2.8895613296569393e-05,0.10017283549608276,-0.001660761741102934,0.14776392427887516,-0.018317654321357967,0.1766528035949017,-0.0040155940089584684,0.1922763135113212,-0.010382648083847578,0.1252309221833516,0.002799317040911178,0.11505002747335352,0.007158962843997832,0.1690301800531704,-0.0016297865394644649,0.020475577539633343
2023-12-27,-0.012079839894700328,0.46671704254983054,0.022810947389587256,0.48135207385925527,0.006267908452677459,0.10093479083239908,0.00034617648105020375,0.14768511497284925,0.017519007399951908,0.1911705389544524,-0.002677617723370513,0.18914996634575443,0.0045650420352445955,0.12580616997252747,0.014816887179316163,0.12124844377390745,0.01259933173252608,0.1724242228488258,0.0006157117892758461,0.020588189007731687
2023-12-28,-0.017924408512845186,0.47460874843940276,-0.012177741099954419,0.4856942398271226,0.0013841808605157529,0.1008095959119403,-0.0025951669174710816,0.14795210673848688,0.026283740480017876,0.21475949742716177,0.0035612119225667442,0.18819951787679712,0.003494192117795927,0.12409718120351748,0.006721636892403583,0.12013180718406155,-0.002835971093153615,0.17275518767673695,0.001014074750188582,0.020943067437285984
2024-01-02,0.052444007902595,0.5011471013476773,0.0027406250331680876,0.4799358370851345,-0.009283231621523433,0.10807686207659684,-0.0004923468490328322,0.1437946835892279,-0.01588027051223368,0.21710842748521397,-0.006492474521071676,0.18991703463810214,0.00746369961406133,0.11623348802679018,-0.005973469362687312,0.12545428196027036,-0.0053673593465148545,0.1624691563465597,-0.000776093785066365,0.021063753716537615
2024-01-03,-0.047411278890487754,0.5366646076878299,-0.06290492420988021,0.5351301506291597,-0.0073949436389301685,0.11254249639670103,0.004110373103081422,0.14430290410406033,-0.007174313051730749,0.208153434772807,0.016028735948967227,0.19253926747555447,-0.006553446504338035,0.11866940785873922,-0.0062217735051925,0.12748780873824467,-0.014083308093501822,0.16937070959178888,0.0006536746882675427,0.021068609641540236
2024-01-04,0.031340915047886136,0.5422096302539775,0.02675231263153563,0.5406224936735734,-0.0027007143337175058,0.11336206860065028,0.0051937944565472755,0.14349464939931808,-0.00024346196605630358,0.2076600495275781,-0.012116297906356528,0.19336999964167512,0.0012568356111611518,0.11298688348903031,0.007276575212362637,0.1279404498029324,0.004707607773217191,0.16920059667951945,0.0007335573296001628,0.020950481035035835
2024-01-05,-0.0013206784247301385,0.5388148439422072,-0.001102872463281408,0.539103351795471,0.0008934260598567185,0.11195941550202186,0.0027829414045310932,0.14092418488383257,-0.007395116785375485,0.20555186323480396,0.00031543273074530003,0.1908411283956048,0.002777554124851162,0.11285986058221369,0.0014766868183196445,0.12747303270818372,-0.0008816443302006056,0.1586215803554281,-0.0009305955795774507,0.02116247487980253
2024-01-08,0.06104464868016618,0.5092441620704361,0.027390468730525065,0.49048916294817146,0.013421112688931744,0.11584937778346495,0.006300770817158962,0.13834702444135277,-0.019300758126779505,0.21188630063095393,-0.004700524296676722,0.18179556454937534,-0.0070912153468937,0.11405345365443502,-0.009747297752713756,0.12162945388584465,-0.008360931660901842,0.13640857659087618,-0.0005948327474214006,0.02051008015854853
2024-01-09,-0.019534568478630693,0.4874446009552005,0.0033535215301171545,0.48348518953424174,-0.0031681452245102366,0.11720701387516609,-0.007440147195157182,0.14078819930853298,-0.00448460166300977,0.20474099941755255,-0.007404122789909113,0.18068502178677892,0.006994017385425739,0.1153318256673418,-0.00020976420015568985,0.11763838180916163,-0.0017878196041377363,0.13655042558514197,-0.0016891513721925522,0.019327012856644486
2024-01-10,0.011489722292341202,0.4868585731176613,0.09736038392414516,0.5749999930978357,0.006617670190888608,0.115606201068444,0.004851643525294703,0.14115891454695143,-0.0035197399155010765,0.20274775737420236,0.003733691388506916,0.17217014419309284,-0.0007041307965508412,0.08104640164312486,0.004389543555609798,0.11802406206796347,-0.0013544247268027336,0.13551195748410594,0.0009676895403929138,0.0193761449237353
2024-01-11,-0.006844209930817994,0.4856646606311726,0.013154589371764273,0.5489892297589751,-0.0019412496202566845,0.11478657139346267,-0.005457850595894217,0.14281863663914557,0.011891815127271372,0.2057565055063572,-0.005535397327434392,0.1733617810353948,0.0008560004147472216,0.08089358033517974,4.746620136343594e-05,0.11746480693831775,-0.004936921526443792,0.1364572694787616,-0.0012699687832954884,0.01978411536679766
2024-01-12,-0.07823448823713672,0.5562835061323383,-0.03639354073079139,0.567297373168443,0.0013588343488910276,0.11425719975609312,0.004139285441717832,0.14289295164526813,-0.0031913761951539413,0.2060047728721716,-0.0012466895774341698,0.16991907836911424,0.00040264128294604883,0.07981771038645581,0.011969843942356697,0.12270354881619819,0.016565091999139622,0.1381863390038965,0.000608140595857085,0.01968870216584082
2024-01-16,0.004405520694437761,0.5019605582450811,0.022126851394399384,0.5254643168716079,-0.006350242890600922,0.1168886655049115,-0.00045044026248026,0.14282113614807518,-0.025568699760023055,0.2226918036480707,-0.017170117292042476,0.18050580446559267,-0.006603893570020614,0.08342630919182609,0.0036598869854272665,0.12285264351136262,-0.012777234158016994,0.14191235103972763,-0.0026119238382438,0.02101959323669499
2024-01-17,-0.006832597834046828,0.5027756325323115,-0.020424336944864865,0.5304006025665212,-0.0028656162792929673,0.11732650918468401,-0.00536282991691635,0.14279234958298606,-0.03460683500338025,0.24718977138916687,0.009606906510064876,0.18305873513527376,0.009126820446962025,0.08644040351628163,-0.018348655481930078,0.13969066539415656,-0.008849966734294522,0.14571298936285307,0.0027671149918146705,0.023395874761983185
2024-01-18,-0.03418814570964098,0.5016885969956191,-0.023498365072252392,0.5346160094133199,0.009832481020982742,0.11192082861976406,0.004991136083174347,0.12449476591051155,0.008071174550261994,0.249649405861097,-0.006531671814545954,0.14918214700030338,0.0003590278528522495,0.08571069006083629,-0.004032485210039879,0.14091996507444454,0.00902362592242696,0.1485279290361469,0.001065760294739524,0.023625556975469836
2024-01-19,0.008394745443400848,0.5028338832342482,0.0088664587614586,0.5304727960174478,0.01203392593787514,0.11871693853325416,0.005756561607538988,0.12615234293395247,-0.005768846595107615,0.24589566055753317,0.0007034289828105143,0.14928171681469174,0.005215348329585916,0.0871726955756451,0.00722987221469399,0.1382931879381972,0.0037015950634828906,0.1263529802102633,-0.00020438229467333916,0.02322155215351826
2024-01-23,-0.0443197006244515,0.518004419626355,-0.1060871371492798,0.6349285550071386,0.004321113397887503,0.11915124910625294,0.004704970183417038,0.1048010966216779,0.0016712363243142731,0.22748508871539383,0.016660042424365,0.16047931699303808,0.013620920575218269,0.09762665073228075,-0.018688021184918722,0.14670650364789092,-0.002170595249002258,0.12566275517297995,-0.0007879231301084402,0.023337919350118416
2024-01-24,0.007312460908805883,0.5160906151450229,-0.0016658130027535534,0.6347793847512122,0.0023303541570369483,0.11920142985385128,-0.0005258341518209871,0.10482416109272127,0.037038081599646715,0.26594760551924757,-0.009235588795923691,0.1624322060261569,-0.00029584258859299237,0.09539155059118416,0.011597761983745557,0.1516895380527132,-0.0033355870330558147,0.12617255365754854,0.0015187551808201524,0.021356144538697178
2024-01-25,-0.005069797533164239,0.5158845128429456,-0.00861093230126491,0.632501397460578,0.003757937891306624,0.11798199954547242,0.007249496748912511,0.09916112246265177,0.017399760627797214,0.2732171192576664,-0.002716638029966568,0.16227334622436046,0.00477318606303131,0.09275818059180468,-0.006223887607732467,0.1530264548788373,-1.0173141791292231e-07,0.12360619551663415,-0.0014886402436712564,0.021862689966012046
2024-01-29,0.08094297588736991,0.5811685490734017,0.04411086157405082,0.6494101291268923,0.00716149656736905,0.10361245669035264,-0.00034608847893573676,0.07626254932843105,-0.008645512839894655,0.27305438306512025,-0.0009513979198957817,0.15498894887632889,0.003035267494692199,0.09183582378986277,0.018155097036851937,0.15648749375915777,0.004391874555183252,0.12458765311394206,0.0002851288175492879,0.021868701049376806
2024-01-30,-0.007401252952403535,0.5809930364290655,0.012150986927153818,0.647622395587052,-0.0002183383594464134,0.09716918832343957,-0.0014783419189401698,0.06757532782640996,-0.023054658453272293,0.28231478797386605,-0.0008011847679800204,0.13096844884345477,-0.002140844085062534,0.09273246511176424,-0.0095806739815145,0.15938991098688216,0.0034884914798328946,0.12421723325072467,0.00038249203753219036,0.02056400227815092
2024-01-31,-0.009173569718720229,0.5815870404104878,-0.027300668616225585,0.6426529163361948,-0.01675886865040694,0.11630334957266415,-0.010997150872018021,0.07924005568117962,-0.01411665372892878,0.27975518398851096,0.0022416544598751393,0.13123279492703407,0.01295048395282487,0.09045924313655396,0.008893542680811736,0.16186241369489537,0.007762499576534864,0.12468709296736988,-0.0005220169096733307,0.019847670194053806
2024-02-01,0.010839571861547409,0.5817874453253993,0.008604539118539704,0.6379094277053561,0.011740967681357331,0.12094456975308525,0.006461302904867794,0.0816635532881281,0.004614851321203686,0.27155547227762805,0.005337948330535394,0.13300389706985075,-0.00773038357153879,0.09680878702483255,-0.0019764679348406645,0.15381819677367764,0.0015678666722514206,0.11595288593525734,-0.000675318432692519,0.019836619258065215
2024-02-02,0.0010341365636734917,0.57832057059294,0.0003089543275785548,0.6367655207589762,0.00910953275606213,0.12405299842767255,-0.007049364719136173,0.08551417345345469,-0.0032854623236027985,0.249615866200973,-0.01915973654668335,0.14625394117644197,0.010990968125753847,0.10166505174582095,0.005661911132196444,0.15327928837437094,-0.009784174598283341,0.11996437898176886,-0.0015182379665709467,0.02002515054124009
2024-02-05,-0.011418375458427278,0.5474296016831208,-0.0031076752637368577,0.6366545371075808,-0.0023271759784624473,0.1186433653989503,-0.0028113978204717623,0.0863315094583929,-0.0004943758314470414,0.24648682402888739,0.00773365571233915,0.14887732636158577,0.0019478973841006127,0.09992894546642715,-0.00289968105468741,0.1521433309661668,-0.00425665694096138,0.1195240124674639,0.0008642487308213996,0.02023014287072461
2024-02-06,0.011193863888946179,0.524155122597364,0.03264973032741449,0.6054007367506588,0.0035648051119951197,0.11386076381226994,0.010756765584274984,0.09249345755622407,0.04091140153771365,0.290576500681336,0.02658219087859482,0.1675798157777024,-0.0007513149222921337,0.09555560517085834,0.008474353840101811,0.15294533579603908,0.005591851906553195,0.11159389537134828,0.0012570591802468687,0.020623729833305855
2024-02-07,0.027830313692127892,0.5216601061622865,0.02109698311684329,0.6029486417870237,0.007809350075855752,0.113781666954488,-0.0038228041494800242,0.09263171423025271,-0.003730752996597654,0.29063343759516896,-0.00411993066779182,0.16293980289349022,-0.0022947261364625934,0.09684284800032168,-0.0003481906179006321,0.1511570835105504,-5.435080590141268e-05,0.1102302325829504,-0.00039833251815283514,0.02042756143132138
2024-02-08,0.021247242332923064,0.5267692435850296,-0.0022834413152890325,0.6030637008441931,-0.0001280084091010861,0.11406020515604728,-0.004943892170916183,0.09417434342868462,-0.013853486158286793,0.29308062477253144,-0.010079162264658896,0.1663739033688452,0.0023695703514016934,0.0968205737780752,-0.010437719354943717,0.15570604392782442,-0.0021735730786312797,0.11040573040091343,-0.0006984289491918902,0.02033018340108644
2024-02-09,0.03960400807835049,0.5006037266576084,0.02722658347062465,0.6029802514610186,0.00539692979873441,0.10788662924770641,0.003666788337220183,0.09245617408289061,-0.008363376196864008,0.2873388350767291,0.0027178886945340387,0.16617382269995762,0.0041337702646873165,0.09096035953245057,0.002638836211509614,0.1519171218594433,-0.004718047436554916,0.10777295447751585,-0.0003289873300610591,0.020274478033892752
2024-02-14,0.09570630471791054,0.5941911558242694,0.1114871593209323,0.7106615131360239,-0.00410830477596129,0.10854972342733231,0.003167596986888243,0.0888002786959004,0.00922563814519736,0.28944994368603394,-0.014854047469820464,0.17199901945507584,-0.004881381824508041,0.09313815461216032,0.0037141213818253946,0.1523019208684892,-0.015368919777520506,0.1198887370618254,0.0010755404823198484,0.01983206121829927
2024-02-15,0.0017767387401780904,0.5939200456764255,0.016213123466337406,0.6336377989257007,0.005425102185109946,0.10804289580760593,0.013450526918099238,0.09846376023098347,0.0035615671543504906,0.28965939853568906,0.009075899540178903,0.17475210050084922,0.0002654704824291316,0.09282863941583827,0.002852637454543255,0.1519205119456729,0.0055319413362737635,0.12187491995546973,-0.0003792704889301371,0.0195627385260872
2024-02-16,0.0038549381456280452,0.5923665077340602,-0.007755070412447743,0.634062856085666,-0.005218538040094417,0.11025313127535123,-0.004290749079058312,0.09757760068139062,0.02433363856455791,0.29940330918124375,0.007609736157694247,0.1759642272368043,0.0023884528367385193,0.09270922218363944,0.005509830339726339,0.15285094041171435,0.004280600442283096,0.12184320336593447,-0.00040349446413357533,0.019107103988245524
2024-02-20,0.002524716119992443,0.5084856339848791,0.07230389658510289,0.6597699892278629,-0.005886030772023448,0.11373782697932389,0.0007688795016807481,0.0969339437324216,-0.005425376785630322,0.29981269400646104,0.006116364357000716,0.17711652657677862,-0.0005806780667314564,0.09301583135757883,0.007201543779707209,0.14933156436382397,0.008060190293518963,0.11021485295346316,0.0001373956937938888,0.01898466578031602
2024-02-21,-0.010875069216796832,0.5131263687186812,-0.01673594197579148,0.6633080305710817,-0.0010507634064632985,0.11036138179285619,-0.002672925640652241,0.0976272675438752,0.013295681996669983,0.2880545804221515,-0.0074927971224803495,0.16794350130791316,-0.01380939073141712,0.10426391012556592,-0.008727385720941323,0.1522918945641769,-0.0048821702187849024,0.10221925763293917,-0.002314164901566862,0.018496483039676964
2024-02-22,-0.009039848610514678,0.5140251453050815,0.0015381286432363344,0.6563815099948858,0.02222158769590292,0.1288337916315353,0.006333505621648378,0.09673697519442136,0.015714479195132292,0.2591058008745448,0.004648539851657938,0.16555782469510066,0.0031267230190270942,0.10100282534948204,0.00865504397874913,0.13941122775605203,3.2158695562473395e-05,0.09714926120917887,0.0013186990294997004,0.016299056381252012
2024-02-23,-0.012029113863861447,0.49620178319178565,-0.017547036581499195,0.6531450086384952,-0.0004494207218466914,0.1271635988035372,0.0024972905762831333,0.09593697671523184,-0.0015820062436852761,0.2594662488109673,-0.0015715689008178378,0.1637312907354567,0.0025503351540653563,0.10096064221185054,-0.0010111265261448154,0.13833902582251886,0.00851701667165416,0.09659153352018002,-0.0007973077483488573,0.015912856535714046
2024-02-26,0.0721704058512993,0.5412809034825584,0.08452796299519165,0.7051075755902979,-0.003679328548769108,0.12440136013251678,-0.002133649481336779,0.09513866071319035,-0.005164070275566287,0.25919403477001096,0.007829260601720586,0.1654867215236265,0.0003600371520330577,0.10020513042523717,-0.003974667525813567,0.1378965552153055,-0.004852071416014457,0.09733176656254618,0.00011461069589939021,0.015943798955419725
2024-02-27,0.04557659859270254,0.510674355134663,0.020042896588408715,0.5607056750548483,0.0013452776909505175,0.12414316433488973,-0.0010498636293725392,0.09429029171472884,0.009014087857872291,0.25967757502585864,0.012633099218575836,0.16128662223878948,0.00490778353657495,0.09096870072216028,0.0030834423604973646,0.11807327434817962,0.0023480761142328386,0.09738679219162363,-0.000359617847770595,0.01579961338438073
2024-02-28,0.09185571437634842,0.5709287852911556,0.04375504077734198,0.5632260182444421,-0.0004991099218068629,0.12440812193656149,-0.00011931566683674285,0.09424059265758279,-0.014043768726921924,0.23753743544354253,-0.01993985605193512,0.1736558825222724,0.00016365567954031575,0.09089917078742364,-0.010037975051868375,0.11960938978645426,0.0006686584191468246,0.09659034585765475,0.0011604213993054529,0.015368617063759705
2024-02-29,-0.02156004852213715,0.5831459625941442,-0.013454057553195434,0.566528308796352,0.0047778362036821785,0.12466317869577499,0.008564707041172636,0.09551112565596592,-0.0015537671894672441,0.23075987287470484,-0.002145561524259623,0.17353315269018066,0.012096314075895793,0.09795765739272792,0.0010031829407899182,0.11674539895942827,0.005789836445588892,0.09843385024629575,-0.0004376342521174118,0.014634538705718172
2024-03-01,0.02007733806147244,0.5397961735406865,0.027469109576739384,0.5602885850999838,0.007957808706435608,0.12512272792750354,0.008500605880006161,0.09917799318032403,0.004770157783253814,0.22848983862146444,0.0017243982110535575,0.1734902898910262,0.005485631484613378,0.0988413802147536,0.016044345965492837,0.11307197930826049,0.019921531412891047,0.11865700514169886,-1.8127726952435708e-05,0.014569838166483464
2024-03-04,0.08936289483243956,0.5860453465227291,0.054543679345116905,0.5732097817486147,-0.0019698179384516124,0.1256350608548513,-0.003335124150541405,0.09998808545334205,-0.00039373388057233744,0.21063593612002046,-0.010738526499855646,0.17791151064114352,-0.006568548833370657,0.10203611606305313,0.0022122281895853263,0.10609832828619835,0.013875063183001498,0.12627250822536332,-0.0007758433634886103,0.014617963255014983
2024-03-05,-0.06780594219536355,0.6562475678473306,-0.0202300107964892,0.5662385251738272,-0.009468366656361134,0.11409181117491135,0.0019807579842953406,0.08997805420589144,-0.026114909884583943,0.2261251834797017,-0.0026943091243132964,0.17801858674570778,0.0023853545199363276,0.09298773775228696,-0.0014256750832481468,0.1033167506101036,0.008210292235224757,0.12654803368359072,0.0007770396195568556,0.014920204880772094
2024-03-06,0.035189730009086304,0.6577865069144068,0.07139279216309752,0.5902097769158965,0.004817962661221792,0.10915115330477299,0.0041739865472550835,0.08876655939530363,0.016522352756399992,0.231574503437045,0.008317886661015465,0.17944592613577726,0.0014651768435179067,0.08767774584131631,0.004943179367725285,0.10337612936319861,0.0075335961590953715,0.12807407932938678,-0.00030997019178001257,0.014800299127073735
2024-03-07,0.01151510684233218,0.6549145623494792,0.01353640100431111,0.5852854292682289,0.009458369074800544,0.10945207471050197,0.002749433589579433,0.08318083485745677,-0.013594955737436645,0.23751984679668636,-0.007796396701710478,0.16802954534990414,-0.006443817179497418,0.08393361421071244,7.425793031558068e-05,0.10240213386186879,0.0027814436289667903,0.12054859734052072,-0.0007930332101831843,0.014120350787985063
2024-03-11,0.07399639733754043,0.6686681717077275,0.047582532568724814,0.5813734852512363,-0.008482127031498239,0.11434993194141618,-0.0040645771192812305,0.08419611519636205,0.020531154802078372,0.2457088219383735,-0.01138482844958528,0.1708952356340123,-0.017299412448070775,0.10362261281643279,-0.00798822121952298,0.10647506556555089,0.01047980612425778,0.12063206429334275,-0.0008093357714198026,0.013925392353533305
2024-03-12,-0.008633285835609619,0.6772483969530384,-0.021102161497409636,0.6041827052718491,0.011456062800406373,0.11929208909084166,0.0026321902993262417,0.0779132359946167,0.030494161005139183,0.2274555143365821,0.012455979599293765,0.14846803767448513,0.00272387303273327,0.10422263463360706,0.00045305976273172393,0.10301557238573764,-0.009861113984140149,0.12871399339657677,0.00031655021373826257,0.013090893634019898
2024-03-13,0.022852844114297336,0.6771058738439096,0.007242803980729425,0.6070529301445874,-0.0012404389518998987,0.11774483959477439,0.008194270819294601,0.07863528007381353,0.00035680039414023174,0.2264709604519521,0.001580529960368731,0.14824150194694097,0.004116419424062466,0.10508193654063841,-0.01456244830637483,0.11579156415682353,0.0076051113029224635,0.12940243898843085,0.0006859450502219235,0.013405228787804048
2024-03-14,-0.0234007248067997,0.6965167039035021,-0.03131137799033582,0.6306371907122905,-0.0029234843999127007,0.11861512667251962,-0.008438298396335624,0.083367812678879,-0.007247121725918233,0.22146969593478524,-0.002419284164459202,0.1444390133965298,-0.005162350208527814,0.10613093080819375,0.006700130884255579,0.11144435822155367,-0.005764627163938208,0.1318001450667097,-4.826334841730236e-05,0.013249322883260601
2024-03-15,-0.026686470902036553,0.71254653660446,-0.03721497374258616,0.6631161754170322,-0.00488157046977347,0.11951279590905971,0.00779426435817979,0.08564487367434805,-0.01280713295341496,0.22486755818233903,-0.0011114977035474839,0.14403903746914096,0.003307742969374502,0.10572328428659346,-0.003960572356484239,0.11243258039203653,-0.0010162321526310859,0.12972365019929,0.0016224523899640469,0.014497905857688264
2024-03-18,-0.028018878734134285,0.6711114603811701,-0.06084325026723113,0.6292506438301193,0.005373297560401407,0.11908069571051699,-0.000853997655793086,0.08616171320941296,1.7031695512867317e-05,0.22383914537081118,-0.004203626555869048,0.13509828427640344,0.0030374576213375434,0.10509593432220678,0.0005429133785451876,0.11182975675121805,0.0006498715647914045,0.111692824073519,-0.0009248866780791313,0.014262575488779645
2024-03-19,-0.08742599509091958,0.7549853511295539,-0.10837567844902399,0.7525285397613787,0.0053279898104319125,0.11903867037049212,-6.877849039498147e-05,0.07546308298028774,-0.013094327794832319,0.23011112067868686,0.016487543854873835,0.14353217188532558,0.0033302468949216804,0.10575362634222742,-0.011166227194270151,0.11825445539471356,-0.0023436713262234383,0.11347638380739113,-0.00030526323391137807,0.014247041476072052
2024-03-20,0.09466622928988995,0.8117129582310195,0.10891963460512508,0.8315896318970304,0.011020141837475897,0.12113280056235294,0.01341280242034416,0.08345289886899288,0.0033953171990658633,0.21500591671358357,0.014711872650585206,0.15000446853673852,0.005948866621965637,0.10744063933457465,0.0031472271650817983,0.117067603514172,0.002897045046287826,0.11344694480778549,0.002155376321115728,0.016191899941337434
2024-03-21,-0.036171687450257076,0.8286485547893331,-0.0056768197196031085,0.8022343597602901,0.003378295870485164,0.11767913656185162,-0.005451614516343118,0.0874248346167589,0.01934580484196083,0.22319290028809607,-0.020127351001316848,0.16490524459694708,0.00040521925619334986,0.10739946687995969,0.008030515640631555,0.11778055335126046,0.011436649391722007,0.11578676571106707,0.00014698677595634645,0.016192819050678233
2024-03-22,-0.02442969651942777,0.8344145275427244,-0.044610504345090674,0.8182984534442477,0.000665578298404789,0.11717581815726422,0.0014670121693245494,0.08589484923384004,-0.020012005505938096,0.23126045774034823,-0.005133303975655739,0.16385006920259118,0.004187581966451492,0.09500591481349521,0.005913836804132404,0.11560507978286504,-0.009128143570780425,0.12050923576163443,0.0020687501327315973,0.015329719190099053
2024-03-26,0.09519107135918162,0.8811063122568082,0.07566761023858294,0.8530748668915613,-0.0035734991231791066,0.09459328333621267,0.003276743049778104,0.08461158697812397,0.009546600860244064,0.22700023121546217,0.0005354472824832864,0.16286258131628867,0.008907398134230094,0.09856597712295097,-0.001884644243135889,0.11172830948770573,0.010366146479057826,0.12225798836596635,0.002289863241658317,0.01652306818353063
2024-03-27,-0.008499739708649126,0.879822914971998,-0.025523345252703986,0.8566721011834186,0.007731300417008576,0.09684739660746271,0.007714298621919718,0.0869788662855198,-0.01432525225415757,0.2322953550332208,0.006346886739408846,0.16457970285206092,0.004175954133067106,0.09896010610641136,0.004528863172803459,0.1128540412850449,0.00600869486778183,0.1213478495789071,-0.0008622951656973643,0.016577614197175853
2024-03-28,0.01863113724090423,0.8553723613538208,0.017562001818434498,0.8124222108768837,0.0013498099697849732,0.09484616697148117,0.0033079044740432434,0.08564214882393077,0.009324614294874146,0.23418869286848257,0.006408730130928711,0.16377356701556856,0.012671279908958274,0.10610271099750934,0.00937900454925799,0.11623892168308254,0.012393718097065813,0.1207459139310571,0.00023394726902333754,0.016568569345646118
2024-04-02,-0.07730490304654573,0.9005512520832848,-0.08258792372524536,0.8656162721716889,-0.008744942709448039,0.10187953341722057,-0.0045241325193124465,0.08821231595251755,0.024062733026247903,0.24693702058234562,0.008783382172493462,0.16044955684938952,0.004637357101996877,0.10601624750209564,0.006181444500001167,0.11752235725078365,0.020007959001782778,0.13174562751608004,0.000536060021181897,0.016424963789505302
2024-04-03,0.007411403925125492,0.8459463894782062,0.009671410206588668,0.8522529309370668,0.00037818837514315987,0.1017076509608353,0.00028773159825668123,0.08808667326170293,-0.012569864758125946,0.24587698887101417,-0.0003901682647858152,0.14404703377400746,-0.01824018937490272,0.12724079825382176,-0.0015433145530107937,0.11110282691444477,0.013951796416265413,0.13380816778739701,-0.0007123391481946006,0.0164978311247044
2024-04-05,0.02928168985220637,0.8458273672814853,0.0037737049907062004,0.8511252480153414,0.00015547207507094645,0.1011141231383636,0.006913576488799311,0.08677194495206848,0.0015600639581744692,0.24573907936629696,-0.003970974558508866,0.1445973716618751,-0.010844036920806807,0.12730011493396215,0.005045779565264213,0.11186150010905511,0.0150781766973909,0.13745181054873382,0.0015284575586336166,0.016895923999432336
2024-04-08,0.05224515353880568,0.8601616433922421,0.10526022114330999,0.9224375495957692,-0.0025452934744487742,0.0989535087553407,0.002035905814012565,0.0836679462561683,-0.001715967338034106,0.24549278251021495,0.013466602361933285,0.15155588109348972,0.0025178794049157244,0.1261296388110128,0.004584703989086445,0.09938432091099747,0.00040595404835457635,0.12972857263094667,-0.0021705922844072606,0.018963708429858114
2024-04-09,-0.03574034317915548,0.8168689168699651,-0.053149236486232536,0.9230809793356834,0.0011178674982674245,0.09843218237702846,0.0017719543802982589,0.08150965284095854,0.005746385605899162,0.24609009984953556,0.001506521582286263,0.14551226251741534,-0.0011103619086485768,0.12396595595918493,-0.0013661439597762617,0.0995684900951609,0.004721362073444916,0.12611036490644406,-0.0003265819753671277,0.01872842699627317
2024-04-10,0.020195096958759158,0.7797794720686498,0.010400514291470634,0.9213171055381961,-0.010046186115988127,0.09922144445420458,-0.007691888745870182,0.08830664821331284,0.01761945588551356,0.23175851968202352,-0.018029899054725476,0.16004531543997386,-0.0009951529785483242,0.12377650974833494,0.004348282077059789,0.09999112946387237,-0.0064931217244202435,0.13165696988497333,-0.0005442042837755838,0.01881261856209735
2024-04-12,-0.04774591435443568,0.7921404408060814,-0.08717140608925558,0.930258446287496,-0.005739527407394933,0.1007539772260301,-0.0037002530151131778,0.08967254423160623,-0.022225914050540748,0.2419347213061396,0.001301763487244353,0.1577008442426153,0.007123875843630313,0.1261139493092817,-0.008854183060252584,0.10449049811308822,0.012854348578162216,0.13452823994063148,0.0015008384115112248,0.019259013733544002
2024-04-15,-0.05459844005918268,0.8139369389068264,-0.041455267409338324,0.9340706931664952,-0.008958088129857617,0.10017920648171458,0.0009938179845525124,0.08951479335390448,-0.0042064530565302455,0.23685168814370508,0.0034964077176217437,0.15510961280456814,0.008511874431490441,0.1266281163201503,-0.007888336008435966,0.10833678150415431,0.007202228319630797,0.13463835261864712,0.0031361076576016853,0.021243738666863195
2024-04-16,0.004804088926344712,0.7663236867326451,-0.006650269918002795,0.9104366343895145,-0.0033164557783882396,0.09648230583173292,-0.0036885094521056767,0.0892456703651123,-0.023728600673289524,0.24187075738832847,0.004105024377904518,0.14871678905403057,-0.01432588727506196,0.12151608935286953,-0.006867863356274709,0.10736326560552151,0.009253975371759923,0.13405604214286035,-0.0012578312508841713,0.021632838456557158
2024-04-18,-0.0036235221646950073,0.7662537699784261,-0.005068139392014538,0.910271451070969,-0.006933115677387328,0.08927118883759629,0.0030443202497876343,0.08933986043199413,0.009616694483870493,0.21777601300392335,0.008911295673156969,0.14596951600967492,0.005373076349861259,0.12228240691807997,-0.005814058966598426,0.10923539094929755,-0.0024867692088520812,0.126111642335972,0.0010748610991021252,0.021741127008607836
2024-04-19,0.004587222613236049,0.7604302295123473,-0.0028115737630435103,0.9082631876232159,-0.009405049917733008,0.0938348724929534,0.0037606252777006616,0.08625090842687792,-0.01034695170940031,0.219778144568024,0.00857394155091714,0.1479927085380745,-0.008094327661946954,0.12601424920556709,0.00624034543246144,0.09812641204123262,0.006127459301920947,0.12584892856700294,-0.000607920263676047,0.022037661328658417
2024-04-22,0.04391775527032753,0.7766386440463369,0.043574476890323614,0.9255376912226913,0.006779995257953183,0.0978568065639899,-0.0011583860838952449,0.07962736784818923,0.01568178094065191,0.22711374278311178,-0.005126998176448369,0.1492730111277539,0.008650288566136498,0.12695472869200278,0.006602249180741176,0.09805191420205356,-0.02990315638024548,0.1714949706006556,-0.0019133558988860576,0.023425813233977067
2024-04-23,-0.006449602058190126,0.7719540737202244,0.005697751039712231,0.9209059488180997,0.011904362999446643,0.10636040720396303,0.0035713610637986984,0.07661735513633587,0.019536927523004108,0.23331854515125922,-0.011189063049803442,0.1556447563370863,0.0003121535510054692,0.12680839002014793,0.0014245102657886363,0.09657369551546094,-0.0019205761269702466,0.1718501346733143,1.0796431724558655e-05,0.022955190274483527
2024-04-24,-0.03384105219417083,0.7746984820225954,-0.026427911126553277,0.9030146554318134,-0.0010217634999657547,0.10443204535534341,-0.010440383305111383,0.0863726567008032,0.02047162057764711,0.24319193101926137,-0.011329723975390645,0.1606731001040857,-0.006869305711124838,0.12965735665852685,0.0003019964862002775,0.09659104603342775,-0.0026104233382884348,0.1729850959717696,-0.001234750877898771,0.023177473895350433
2024-04-26,-0.007925528368384564,0.7107283949273419,-0.0028529746833789254,0.821380732637541,0.00579257114364574,0.10477050654396589,0.004388251594931761,0.08724421442846589,0.025209882115443095,0.25012222887523394,0.01989246434898294,0.16519882289707244,-0.019087665236356813,0.1462812764388569,0.0010051633096197878,0.08593899640348451,0.004643417193629789,0.17159410211388834,0.00022212408143978168,0.02309700835437704
2024-04-29,0.002550539501334287,0.6253262913077132,0.028080780490339977,0.7286051396558869,0.004379070036928253,0.09788796590018214,0.0029799923514993183,0.07505245528112789,0.006765545174352769,0.2503890162065961,-0.0006773079698132931,0.15762992741939733,0.006504747088232603,0.1465924663513848,0.01112294530581261,0.09203374963701504,0.005735328107068731,0.17163790321707934,0.0012056619602887908,0.022332084106220826
2024-04-30,-0.05090962230450303,0.6372254563726851,-0.06467621823469176,0.7583591811372195,-0.015270543706888946,0.10860541611730386,-0.012213740949059772,0.08474936114091716,0.0010623476753476285,0.24381545600284413,-0.010398139441022403,0.14478426736790478,0.0009458273169656662,0.14663561629673602,-0.001118960833261327,0.0898207245349695,-0.022707972136641233,0.19287394257680893,0.0005850074120389996,0.022369033840563397
2024-05-02,-0.025811324911746814,0.6378165615043347,-0.008574696628414246,0.7459070011104577,0.005109877258665727,0.11088265009767148,0.008568606244417428,0.08962320558973091,0.02368149977919834,0.2394330862229479,0.023945651165672432,0.1635597030580674,-0.006064469490284745,0.14703500077944154,0.001380082352738829,0.0883701108015633,0.002862479266037385,0.18814266074350014,-0.0005357939807872533,0.02146814770253952
2024-05-03,0.061756017354671525,0.5805737761931246,0.03788220469034866,0.7046960547671998,0.012477368515931585,0.12056296471613183,0.0015262341150296805,0.08912836222193216,0.013644485544416288,0.24087349794401483,-0.005472470365553961,0.1656401363297833,-0.0005094640422945506,0.1428172240441354,-0.007640151158459342,0.09308751106649724,-8.815846814882884e-05,0.1865471009900827,-1.1891435765374967e-06,0.019939842954337164
2024-05-06,0.004002043280937988,0.5812657929193684,-0.013553214624360464,0.7019261727280852,0.009957726289897459,0.12275275494284398,0.015654379939272225,0.10086128875610967,0.0047100440940317555,0.23043679197195074,-0.008389924337082771,0.16851052970454689,0.0009420684374078745,0.14172517147255997,-0.0017914700026332726,0.09264443138896925,0.009466952029592038,0.1877194296436308,-0.00031544740135037915,0.019732972539452828
2024-05-07,-0.012069524743788763,0.5755712135546015,-0.017391593179387616,0.6973596470767676,0.002454933480683381,0.12303319306153565,0.0010028120053840904,0.10043492173323283,-0.003166003545712637,0.23215374779569345,0.007675655596982667,0.16905923925042762,0.013201823248077635,0.1423959541357415,-0.005154174403603285,0.08910411777100201,-0.0016481841552875556,0.18494526397310224,0.0011124052518578704,0.0200846489788825
2024-05-08,-0.0186047187728928,0.5168189792410938,-0.011044419539173577,0.6428533128936571,-4.056814959234309e-05,0.11936498179818954,0.003102361634088024,0.09897436929976222,-0.008731030142080438,0.2264934329208498,0.001745052797541262,0.16686217107710452,0.006656857322995013,0.14362450806144209,-3.47325143989504e-05,0.08623461334240182,-0.0007259931272811431,0.1732497244207704,-3.47325143989504e-05,0.020011928271513713
2024-05-09,0.029910216594867114,0.5283706249383223,0.02068793768874522,0.6470527168089263,0.005010940629794595,0.12068593095563221,0.004720610810614427,0.09976829912387866,0.01157434669590086,0.21992933346151694,-0.007229575064052773,0.16921228875891126,-0.008862562906695456,0.13288589196552514,-0.01565710500597824,0.1013597136558037,0.007897303889049825,0.16881649173774022,-6.709200931204072e-05,0.019832597701397187
2024-05-10,-0.03651523239720025,0.5282947047202384,-0.04252504558000198,0.6597337894516629,0.0015892623184555468,0.12079807127322437,-0.0066583204234265765,0.10103964181211518,0.022334426257586925,0.22760225028958278,0.005687162472315731,0.16922545934169733,-0.0032143884966417055,0.12813642881975193,0.00438082176094894,0.10088846393359155,0.014922116987011493,0.16865144590645403,-5.877776171125583e-05,0.019105790538310557
2024-05-13,0.034881604378648186,0.5075071760241231,0.014290111079407468,0.5280791622103691,0.0005420559473558854,0.12040062969086762,-0.001505442097550936,0.1011285406598905,0.008849573575726726,0.22609560419934205,0.0017057371275660742,0.1631654524098266,0.003936259436260231,0.12863657556446664,0.002995907786204412,0.09992779252167557,-0.012483782645798839,0.17485996808657983,0.0007833891212207874,0.01757683715881668
2024-05-14,-0.02190516225843091,0.49951179855174693,-0.023626910244735774,0.5076182312099903,0.004595024380602489,0.12129596293614123,-0.0017721555556266609,0.10126005404093162,-0.0027294361438258558,0.22829334680171634,0.008595007984648444,0.1655414983672529,-0.005026274503626895,0.12964635633900548,0.004903993128781903,0.10202894541316533,0.007147011333000251,0.17584586719728842,-0.00023112414685152853,0.01754867013124764
2024-05-16,0.056845499943774885,0.5378384735742069,0.020757977683370045,0.5138868386721492,0.008360916992638997,0.11790131273822248,-0.0037060899940283623,0.09823543035010068,0.013927444700347203,0.22627129717603067,-0.0070068642433515314,0.1536827063822206,0.0053480204029295614,0.13120530562541402,0.0071337260635741815,0.10422136971214012,0.010036364810934936,0.17707642782070965,-0.0012030733205724228,0.01801214940889748
2024-05-17,0.028301889495916423,0.5236148086146093,0.05012882174475987,0.46777519722344824,0.0019431502787622607,0.11505299492944983,0.009471245531886552,0.10183314385010975,0.00907177686639281,0.2020994558414858,-0.0012327176724613983,0.15394788965666217,-0.005068806737751741,0.12939623060142932,0.0035537419271300737,0.10069516575023167,0.014217740832336116,0.17827350267467915,0.0007790545908685743,0.017471981136767373
2024-05-21,0.04311736085518703,0.5043703297064842,0.20082171363282916,0.8266416032861381,0.0015548656460782936,0.10833593010180481,-0.0012652796481690367,0.10214363753669806,-0.019365637549295572,0.2190801737704482,-0.012627757777157347,0.16095847025985505,0.004558136015277989,0.12650482899112514,0.0009382788095772372,0.09658973544192498,0.002070724367414979,0.1769735599600795,-0.0018598544293056173,0.014786420066587286
2024-05-22,-0.01454425854456047,0.5087159815515685,-0.013821633944002688,0.828763053236422,-0.0026881802437277317,0.10795309851219133,-0.003980235743949916,0.1023144431941052,-0.0005349045893898904,0.19167610325504023,-0.010226738888908068,0.16451298381353205,0.00031195713174511625,0.11684914927447206,0.0030685797130217004,0.09327598843375517,-0.013489580316952028,0.1810072327887577,2.1610965624523577e-05,0.014253903591107732
2024-05-23,-0.018003359020518975,0.5137379075271945,0.009972595017434794,0.8271764045362309,-0.008004924716233394,0.10915808208868709,-0.0035876730843995013,0.10314645582010386,-0.01786247918306127,0.21085388823885057,-0.0022688076274119165,0.16123828905973062,0.0019795339417851008,0.11535928518559138,0.015637367705584337,0.10305415285797338,-0.023543432750895682,0.1983167534915023,-0.0005967624327614263,0.013670308943647106
2024-05-24,0.0089751804733501,0.5141319541437003,-0.013092930634706599,0.8299047318150835,0.007208434881975655,0.10184586442640954,0.008770479121003052,0.10649059875865448,-0.013030409491819193,0.21372008649058355,-0.004719676550142177,0.15811771264977406,-0.007928057860682415,0.11522181486053337,-0.00022769547377348811,0.10202951353299763,-0.000839451576196349,0.19655944272675283,0.00023178580530229493,0.013654472603530797
2024-05-28,-0.005051110296420865,0.49283755660070805,0.028262261249945596,0.8235968454187225,-0.0014420246647272557,0.10196567197940558,-0.011737441733123886,0.11495139512717865,0.009432457974916018,0.21132550216860893,-0.00038578086696436934,0.15754806044686612,-0.004809990349578643,0.11120296358304772,-0.00469870896438931,0.10250605519859939,0.007994179509394489,0.16947044575510764,-0.0016907955716132263,0.013309240398462508
2024-05-29,-0.00983956612150751,0.49361304796733035,-0.01953942055600383,0.8293080765339075,-0.006663354243402393,0.1008780033712365,-0.014640286282749562,0.12532094675269267,-0.01717418834134684,0.21967499632776918,-0.009988367193237879,0.1566351976500426,-0.01122619935295016,0.11643895365997271,-0.007316446368497105,0.10647221698257939,-0.005615518703744011,0.170568599006064,0.0007309629723401655,0.013639731634782163
2024-05-31,9.049872585665481e-05,0.477398794662642,0.0005312784027553703,0.8206977994327393,0.0033768482865647754,0.10052903343843068,0.02090843871006414,0.140272742101499,-0.019589137003678862,0.22602201179419948,0.004272413468873866,0.15305649168055324,0.008737885818946344,0.1200890949675655,-0.006319146542912881,0.10914937197524638,-0.0060888025159056905,0.17170085063326324,0.0013739815903900914,0.01390284769632255
2024-06-03,0.020830642190212023,0.47998937499787125,0.003248520650362374,0.819896200867951,0.0026732556902399653,0.09958991586681805,-0.010026919583364545,0.1446455960129939,0.019608566324991323,0.2196068527754408,0.009115593428411414,0.13901711731622368,0.00522380089356297,0.10180733958556909,0.03358182614122456,0.15884816033587731,0.011708946052162208,0.17580961493481298,0.001557795466704439,0.014881210808660943
2024-06-04,0.021008277024863155,0.48366991770712986,0.007880596057045986,0.8169213494297484,-0.002790267220279552,0.10031538207038784,-0.009854530901430899,0.14839695307020023,-0.0020371103659054765,0.21932840064629167,-0.005301727363722272,0.13986450753143326,-0.012347908214521445,0.10801391442085911,-0.06541614418681958,0.2786319829315505,-0.013324392165494576,0.18074778941565153,-0.004291948224062217,0.02070970947543473
2024-06-05,0.01370211169548535,0.4400698863494376,0.019911046671398005,0.7735918059940984,0.01820790972883984,0.09708938230935778,0.01746985613947319,0.1540004120732225,0.004623594320811348,0.21956447530228224,0.010527461933547049,0.14106239136778345,0.01712512430592789,0.12429988892439812,0.0395011965279058,0.3132617098304974,0.018653354499742782,0.17360104710107818,0.006429893878882533,0.0308388792834556
2024-06-06,-0.007569001893636172,0.42692288991576166,-0.01669695737692771,0.776813644272148,-0.0031769482232551034,0.09906620389780688,0.0018218939364953346,0.15161588661451783,-0.0006667379861586795,0.20464657550008178,0.011636076539135981,0.11943862546326704,0.002053939174787788,0.12235931968174263,0.005871671408117075,0.3138725887360388,0.003880908090143456,0.17374588831132148,-0.0029771116216183065,0.03258484495027942
2024-06-07,-0.019088194854482522,0.3902242683531468,-0.034404079834556,0.7862710904265273,-9.479824869436892e-06,0.09265667588372632,-0.010528935016473543,0.15650868425081205,-0.0049438275545789145,0.19980644805369904,-0.024596132258211407,0.14481944719738132,0.004205799885207146,0.12294456767531492,0.021438194043472688,0.32063838758207847,-0.026742768390583656,0.19934085826697512,0.0011063622254096081,0.032815652239213115
2024-06-11,-0.02874411244035822,0.4070747234616625,-0.049575245586842016,0.808380603334211,0.005963294869310604,0.08932449172028514,0.002006127634975542,0.14630818335883244,-0.00942268039694784,0.20135868783105257,0.02588094217770864,0.17081722005393354,-0.0035826986126411726,0.12385234668398316,-0.000407870111958665,0.32048255270106174,0.0016763180320868128,0.19656850604884724,0.0006790500358603964,0.03286144335802088
2024-06-12,0.014214037663295195,0.4048856969963091,0.018169074465321382,0.8045605099585611,0.00926952373088151,0.09295979760389166,0.003732734721022431,0.1469599482197748,-0.012403933260848113,0.20515015106839896,-0.011006697304593966,0.17257289294542874,-0.004167279427918731,0.11582798803604176,0.003296003299090977,0.31950798193017177,0.013077181060104777,0.20175613014777155,0.0008018034889941698,0.03275659026554784
2024-06-13,-0.022746071297964295,0.4080896132048743,-0.026453620591062436,0.8109286602225744,0.0015939955603144177,0.09264290085352264,-0.015220683088436196,0.15502879264208563,0.008485656511381693,0.20604873185252406,0.0028854324990000868,0.17283229855589843,-0.004644263885899932,0.11388692025091027,0.002503292686752724,0.3194051477117966,-0.016191926394213168,0.2098865628143599,-0.000747915876802466,0.03287844867233596
2024-06-14,-0.011373385697966108,0.40028156945986176,0.0030169525631401363,0.8095833318967596,-0.0005399895735758761,0.09254916099684263,-0.001477940242211203,0.15351653002672117,-0.009359772675170899,0.20325169137342924,-0.006681898997143731,0.17258483996203675,0.0010530369220085479,0.11019327314836827,0.0027004215721849953,0.31264410645232826,0.01332679787506048,0.21335294282396655,-0.00014605129257840564,0.032882727612280255
2024-06-18,-0.013416258835552475,0.3795805988515574,0.0008354661004173743,0.7901762854788827,0.010009621262485337,0.09660969288992133,-0.003447041463952097,0.15256055547052916,-0.0015886859168338337,0.18377489936631708,0.011159934812883266,0.17616081466897013,0.008460721536807539,0.11374256312822802,0.003782037704566474,0.3126223980635791,-0.0005727161498337905,0.20635214814363215,-0.00014369729135234454,0.032887028433147135
2024-06-20,-0.00588799814969671,0.36276648335276057,0.00675056812526255,0.7899238816676336,-0.003614603752069288,0.09865751789627224,-0.0030170990689509496,0.15266848686961287,0.02151501356143262,0.19845551378216653,0.005417407364885263,0.1772095188487262,-0.01020960135825563,0.11834959329233484,-0.000699285217253248,0.31290990356738585,0.00890570309142079,0.20427930424880222,-0.0010854763566577829,0.03298388371939133
2024-06-21,-0.009182119729709259,0.3550736379838049,0.003600397750846538,0.7816710889333746,0.0006171926274565329,0.0983937138870898,-0.0005888030962673059,0.15269034251630417,-0.014862902068567491,0.2033334957608552,0.015101183748995616,0.18267878515604286,0.007788151519162173,0.12044538330363197,-0.0006196721159716065,0.31306956034918,-0.013836305648657113,0.20830922452463801,0.002180544346281705,0.033872330686115636
2024-06-24,-0.06189540507542504,0.3620859607702798,-0.04877645201530472,0.805835082133763,-0.0035376906959568547,0.09731805619800994,0.014278120503939538,0.16167735787740342,-0.000706170873402429,0.19440096837888388,0.005325716419258259,0.1817133457271609,-0.004625431061502069,0.11996186244419572,0.0010947236817846363,0.31269762567274145,0.005386241826651833,0.20589831177253276,-0.0004678115400904112,0.033623147423755606
2024-06-25,0.023798432840391567,0.35738082278888894,0.012052908133248864,0.7903437236113601,0.002703327929715499,0.09740452277592831,-0.007149627876337227,0.15896520416526216,0.001883135493006081,0.1901515776848909,-0.010530786484658869,0.18569628554765868,0.009326142898521246,0.12313226506334492,0.006541118718042828,0.31300265584458287,-0.006990177655977307,0.19924993124921425,-0.0012225457494658262,0.03382049305873154
2024-06-26,-0.016752194649572102,0.31594139742520416,-0.008103687896238563,0.33818621829883727,0.0010221998392088945,0.09741562979769038,-6.693375684827052e-05,0.15902375526365883,0.0005080489389092497,0.18182058635667037,0.01331042954853007,0.1849582408217974,-0.006219304174909861,0.1241435873019152,0.005649791491119228,0.3131161553150714,-0.008088416950992614,0.199786147431584,-0.0005489963855117135,0.0332143186131902
2024-06-27,0.014950260744461165,0.3231952005150579,0.024094089458077304,0.3517148582208416,0.002892622737802777,0.09635035967900127,0.011939175048179014,0.16503348901916773,-0.018900530463345815,0.18992842512990885,0.028573339246078515,0.20230865277597676,-0.0010226628250497175,0.12416487465936606,0.009319793540766298,0.31392954413157104,0.01292945992388912,0.2022796239186092,0.0019857128810034925,0.0338782702540993
2024-06-28,-0.022624436017359893,0.3258633814813685,-0.02242553712167464,0.3537121410157956,-0.005642637471117796,0.09366140544533895,-0.004960775763307207,0.16542567601864958,-0.0013915056497678113,0.18282792004344173,-0.008773325924249563,0.2057596062260741,-0.0014079437129882516,0.12395968515577639,-0.0029615209384875056,0.3111737920953371,-0.0001749515483581511,0.18516739817183944,-0.0015506240087480123,0.03430183129136685
2024-07-02,0.027821261566704072,0.342561669711427,0.012468007929825746,0.357652013050063,0.008733179052287711,0.09490827433508035,0.006250633046368246,0.16385747443425458,0.003150195179631321,0.18005565793997513,0.03466309464392703,0.23102323612045064,-0.007083549473068441,0.12334572126952496,0.0045905605625418955,0.3111439438338022,-0.0021361985209471857,0.18529202390970337,-0.0001150177003268304,0.03430671698370111
2024-07-03,-0.029910248284407404,0.3535709006232263,-0.03634744025919694,0.35410478454882105,0.005524516491742516,0.09489668703926527,0.008221691618878674,0.1614584534087565,0.012328868362319148,0.1826514637338245,0.011058936947962058,0.23119383001993454,0.0012040906763890944,0.12236185802126398,0.007172633132377455,0.31042449241482395,0.01617039080925577,0.19184440552813709,0.0004529542222090814,0.033704269644876474
2024-07-05,-0.05995740122819103,0.40025851125977946,-0.09914285537449283,0.47573191618141036,0.005605229927879518,0.08980677900034471,-0.011781393297412889,0.15840702294928177,-0.010396000963899936,0.17695306333609426,-0.028912119165840466,0.25505997601667857,0.002281180655060413,0.11559666639552642,0.0017079495847479678,0.3082064999134096,0.012259919039470523,0.19488812479967052,0.00017125556690985647,0.033646915895329615
2024-07-08,0.0004985444882980027,0.4003678098460087,0.012122085290612188,0.48091418761778154,0.0007610247382800565,0.09005330312369886,0.004455245940139314,0.14085520722240077,-0.015404906700447515,0.17212931211667046,-0.0007900725807661673,0.25570259949344876,-0.011031898113130451,0.11826979619437814,-0.0003907880718756956,0.3065198275266863,-0.014295082765634109,0.2007070104570517,-0.000255157738124213,0.03338091560088683
2024-07-09,0.022564288014890622,0.4019937723183989,0.014721478901930301,0.4866163302516544,0.0005671213808073438,0.09035013982510791,-0.00458267021781122,0.13737587252059485,-0.0005795018329563528,0.15432829229036735,0.0040790327026227575,0.2550754785813408,0.008858432401478029,0.12107010707550359,0.004447451014624878,0.28674161991343944,0.0019047274815544178,0.19679351498997363,-0.00017367609725820566,0.03295537983018151
2024-07-10,-0.004184682538660284,0.38822758511827654,0.012809563449994793,0.48916875645309416,0.010580305709292383,0.0921916460764192,0.01432355173987171,0.14126359821079942,-0.0022705669943598092,0.15432370333010967,-0.008502083127210753,0.2567739123942003,-0.0009721305772838961,0.11280741245205857,-0.004036855162047237,0.15042857656185188,0.005537732461565021,0.1911332814699713,0.0004239908311866589,0.029024373908384006
2024-07-11,-0.006874431696240662,0.3792917245858574,-0.00057394812865465,0.47863659958782184,-0.008766835687238479,0.08390342415052918,0.007733356205262327,0.13061343036429934,0.020339202697429927,0.17193373019626032,0.008014043945360507,0.2560910433422245,0.007778212085094514,0.09911148815135408,-0.00031468943749606525,0.0854289615702892,0.01791632735700349,0.19029931013455337,3.481428202808767e-05,0.018269623594400514
2024-07-12,0.009894599141733795,0.3856488619137079,0.011122573778217643,0.48381927985155787,0.0057724786085947164,0.08275793596918178,0.006522703690833692,0.13218738628491056,0.02536906519102029,0.19581077439834593,0.009253645623840453,0.2552903561868887,0.006595394545078954,0.10156925097798006,0.00789901783258498,0.08646065102739914,-0.00014354984556676703,0.1900795227961775,0.0002706145836296341,0.014930614673401841
2024-07-15,0.11370103221008704,0.5728347069178337,0.10743435189969756,0.6209299848007227,0.0028437747328712783,0.08231882353996843,0.005048651354275471,0.12625835181391004,-0.015274890457861732,0.20199619004612535,0.0005065237261583084,0.23434709954074984,0.0068030542121137174,0.10326896773589074,0.0034662881169446372,0.05665919438657008,0.0037015651599020486,0.1612694735921476,2.1558309518754532e-05,0.014455042165994022
2024-07-16,0.0042985841242201405,0.5656218735427684,-0.012475821881810515,0.5983696588699686,0.007174504313000513,0.08306568657427175,0.013655882529873122,0.13307256275471763,-0.015364884890233264,0.20615965635377087,0.003588546753646497,0.2214019893521421,-0.0001944906034378685,0.10234876806094732,0.0018745984287239985,0.05567215110216385,0.016976769259330067,0.16893411848385195,0.0008054543415471508,0.014533315754863428
2024-07-18,-0.017588443067620113,0.5651651283307028,-0.005208919301909867,0.5945393937387741,-0.022058040121439835,0.11564105434215288,-0.01173740686613399,0.14120694116064597,0.002629520852667015,0.20239656322883562,-0.004061530517605052,0.21684877107432834,0.009286410769792627,0.1053379843165592,0.007417665934675962,0.05799614767798467,-0.0044994623019785985,0.16684925921611135,-0.00018548645244436117,0.014275330381395699
2024-07-19,0.04310160943651164,0.5820860823965563,0.02415348666948372,0.5939786088570089,-0.00594368989952996,0.11812303934799268,0.0013212313148574656,0.1277280754734987,-0.01885426710470301,0.20919649447965788,0.011002865476194825,0.21812709609113465,-0.003135579926280687,0.10443640679856254,-0.009722158411023217,0.07268355084882326,-0.02200830192605583,0.1759362417439738,0.001222189326876219,0.014626279342490512
2024-07-22,0.013701589896725607,0.5823684417058682,-0.01813759081565767,0.5973945929042062,0.011403252114583408,0.12365877907326764,0.009035932826740645,0.1291602911352541,0.013048383904395841,0.21331783528565196,-0.0014569190590885343,0.21551185795915764,-0.0029770735267683145,0.1053979336292002,-0.00021393110377014249,0.0731954740000421,-0.0007931063842914179,0.17123167097309758,0.0006690348683630202,0.014739831514719354
2024-07-23,-0.025536372664014963,0.5877009649757591,0.011307246023771969,0.5987738353406764,-0.002264186811676497,0.11998226773368892,0.0006631202751302335,0.12749336825176666,-0.010544116808330447,0.2160234378576187,-0.0017023571024889527,0.21523566668800798,0.012678744884968077,0.1101037605470596,-0.0019377848177580103,0.07430208197900486,0.0045489049648192075,0.17142965848692582,-0.0007048691177302463,0.01499167214085773
2024-07-24,-0.008038012363932506,0.588050053264509,-0.04230726061243775,0.6157513708542383,-0.022997058029249277,0.14492656808288576,-0.005454856968956157,0.12917221325946596,-0.008551120609277717,0.20088470258122387,0.0017214849570572567,0.21532177396781552,0.0037228258925602023,0.10232815458244422,-0.002257239437506298,0.07518440490556777,0.004035699735066868,0.1696296835505603,0.0004241841936435464,0.01439827364429538
2024-07-25,0.006609908594911186,0.5872972470369059,-0.04931468852785833,0.6363375552194391,-0.004723594104751957,0.1457080180997189,0.0008111587630780029,0.1288108556476991,-0.016270544454040376,0.20202651684266143,0.00887003645643545,0.21229062608354932,-0.0068656558410807025,0.10408644181774668,0.00012912197864892012,0.07491950256260106,-0.025339360193969544,0.18645362260036616,0.0004322949149651715,0.01245527278816945
2024-07-26,0.03187557897775125,0.5486985759724203,0.0314167012489172,0.6270566717715383,0.01096500719412519,0.15047252141387527,0.00969274034081827,0.12456615423620188,-0.0003686019266132183,0.20207042237813605,0.01021341657739571,0.21346817588107586,0.01239987784457553,0.10889427448658623,0.017350394684483125,0.09199072798462717,0.011812603864514342,0.18974320094515462,-6.441321544574005e-05,0.012309059650484431
2024-07-29,-0.01632960306979482,0.5497008744315621,0.013401791741354198,0.6274269042529129,0.0006958954225877234,0.15021180415563604,-0.001031836549799022,0.12028136268910743,0.012552759098448349,0.20834581888436138,-0.00794237624543178,0.21145514809660385,0.006635931127853423,0.10696619764537647,-6.675291861478664e-05,0.0913179309600348,-0.0012521613712144998,0.18768645137840057,-0.00011708414924069351,0.011372925116092815
2024-07-30,-0.009034205694941892,0.5466950066315956,-0.012418912599194585,0.628228367945342,-0.004701373825636166,0.15107612182202118,0.004257374853354693,0.11988765816556729,-0.013019317802605452,0.21145316034882713,-0.0076536879858891006,0.2122173731458793,-0.003746697308881132,0.10496111447710121,0.0011244197637454185,0.09059346833646469,0.011855633632046505,0.1877196177842137,0.0002711405357313849,0.011086951143768974
2024-07-31,-0.02432083383837224,0.5538755316634826,-0.014691353457196651,0.622967652161169,0.015532597441032078,0.1603648347832777,0.011871957040272507,0.11982518258905553,0.020052489355347942,0.2169514583710267,0.011180223282517455,0.1934720096984351,0.018714076106411178,0.1193309868286887,0.003631042306677704,0.08697077338192137,0.008762603044523561,0.18529544238568899,-0.0001373832608856538,0.009000567451299984
2024-08-01,0.011106621539908369,0.5469824441782453,-0.009496830796604341,0.6194767493010029,-0.01404134836312459,0.16687994540598491,-0.020153399303954062,0.14212556899041387,-0.0025143462169844484,0.2170186169895936,0.005807650832142673,0.1896915184364898,0.0016707791669369136,0.11842471332537825,0.0021385919195995753,0.08518975997425911,0.003243642100284911,0.18513676017664008,-0.0002532245711344234,0.006896436955006693
2024-08-02,-0.061905298887376996,0.5846989960033027,-0.06938875271872001,0.6584908328626417,-0.01824119163105888,0.1751152611480458,-0.01651767091058464,0.1554870071280505,-0.020499440376501924,0.22663926648413682,0.0046228923336508005,0.1506520651214696,-0.013059234969468566,0.12636717029154887,-0.011480475905809872,0.09667593662155845,-0.0035149191575189974,0.18561382838770368,0.0003117149774946344,0.006846461312776837
2024-08-06,-0.08860641041687874,0.6534613033982172,-0.19121216827966167,0.9159196704788465,-0.017041712077293956,0.18144433064783744,-0.013584180372637696,0.16141226397584651,-0.01739748181934877,0.22622691685959537,0.0011826603268335306,0.1464808859970643,-0.0337008248624348,0.1786125849917317,-0.02669167670696207,0.134618312538539,-0.012118875716455145,0.1847150316209272,0.003084479821499427,0.01218931961547367
2024-08-07,-0.018938236661104103,0.6232385079827921,-0.051756431454625634,0.8739110186000444,-0.008571006428449855,0.18027681457570988,-0.006656039495826834,0.15754204735966887,0.013176901831008251,0.23183007968185398,-0.002476475521595818,0.09989353463927406,0.0017666260808982361,0.1785762517269615,0.01182377530156467,0.14091618452353702,-0.0002205088172443244,0.18003161154771058,-0.0008062910396804656,0.012773457671909587
2024-08-08,0.11470520477161433,0.7413964605623303,0.13846407274706898,1.0148993213334796,0.02287048692955523,0.20115315331596384,0.013406225428139788,0.16334614782932044,0.0005959686648311686,0.22707067802145342,0.005554798505045365,0.09994686138977897,-0.0023742572177958957,0.1736708054983857,-0.007367131042898749,0.1433359083449427,0.013262996200863087,0.17718706019542418,8.934733865633604e-05,0.01265661923695306
2024-08-09,-0.012986640931054136,0.7405864579099318,-0.03115499739749838,1.0159148576978398,0.005215791055995076,0.20252593536331326,0.0029994032571310295,0.16225519538129818,0.012442322122614103,0.23223489521235222,-0.00041606457631622245,0.10024577644806983,0.0013354046170988827,0.17155495143615043,0.010888283836908062,0.14760213868589198,0.004633916508075568,0.17749751528820773,0.0005549926216132646,0.01258807588001411
2024-08-12,-0.025845206163407228,0.7468622145402781,0.04643602789900298,1.0309622819231952,-0.0004238016584769646,0.19762742174989,0.0034880859170420705,0.1554519432606472,0.0013706291358628745,0.23232380617323592,-0.0038405888661177064,0.09511364805634878,0.007527130003898612,0.1728053005830637,-0.0013084732863953225,0.14692242924695775,0.01191448790061875,0.18056766940776403,-0.0004668347101970375,0.012854935085841245
2024-08-13,0.020211964576856676,0.7488942393835852,-0.008361695610625199,1.0308060363894271,0.01599465871879146,0.20578927623077226,0.009496263792414153,0.15656831420469175,0.0020479956751801296,0.21963404711482756,0.006398922584554226,0.09408747239792634,-0.0013988162453068597,0.17150317493072437,-0.009292423562655057,0.15064314243792754,0.001032186025538102,0.17108240577439082,-0.000712574700258469,0.013273667728651198
2024-08-14,-0.03147361652557884,0.7576582185270988,-0.015284807527150923,1.029241790591086,0.00372112142728408,0.2050508175605394,0.003735630966205939,0.15558291084281206,-0.004000614132612313,0.19638566862534618,0.00021604472948302808,0.0909460707901828,-0.00510484574846894,0.17151065496072276,0.00010144250790664001,0.14780579831428323,-0.011224452909114334,0.17642840711259025,-9.531513391447549e-05,0.013318009759269426
2024-08-16,0.0034566451137322705,0.6375637084915011,-0.025743795891655506,0.9414194051753517,0.018782369409225556,0.21611762366720516,0.015436297829286892,0.1632286914423515,0.02018493056052411,0.20678873831337097,0.01087975989365781,0.09581516930373955,0.019950693758346183,0.18326677762249263,0.01711584604466655,0.15951425244199993,0.024768623815400983,0.19504757783707302,0.0007900771095254336,0.01344876263270338
2024-08-19,0.009428139712645028,0.6386879737429723,0.01617352795719732,0.9471767609488044,0.008978200882026157,0.2170039082287214,-0.0020548352688965128,0.1570521144825901,0.006922939100938167,0.20217811962658183,0.010352489770980978,0.09960764157786119,-0.008638196263371157,0.18632773173324627,0.0005856087999905098,0.15940163438327518,0.0005827516615715737,0.18697840445068667,-0.0006971265541516415,0.013663091157155565
2024-08-20,-0.008245541417796608,0.6370223683682863,-0.02477751641969788,0.9476966027973749,-0.0021200440506490077,0.20234136334493683,-0.007094248557548683,0.15329847196913768,-0.004144508107842228,0.20228916589290716,-0.009941133422159763,0.10653974834034882,-0.007266542107511491,0.18553729351726017,0.004989099495297066,0.1582132477655488,0.003656557666608501,0.1861281977800961,-0.00013351681303927685,0.013647142177802166
2024-08-21,0.03480415746598256,0.6299555509951004,0.021216894167270912,0.9462815310788286,0.003047384412237732,0.20105763484483427,0.0015369637655298632,0.15331217943423653,-0.008144640345821377,0.19335401447873962,0.014905952993411202,0.11121827794354355,-0.0013571313200092454,0.1852714127271715,0.0017012878733202903,0.15428855695007623,-0.002338836349079988,0.16650862568664757,-0.0011833303087692049,0.013862257819752099
2024-08-22,-0.011749545519126766,0.6270744247876855,-0.0019115697979439135,0.9469706089989389,-0.007670373670240587,0.19953492051843325,-0.004845567885718227,0.15128569434378145,0.016132027309067345,0.19627828088873303,-0.00739991344217338,0.11582010983788489,0.0030005625395464783,0.18522000875594524,0.0029685377425016633,0.15449100887485226,-0.010527618170504897,0.17207392772696015,0.0013025685864166304,0.01437725336981033
2024-08-23,0.060286287788223945,0.6616589166110928,0.05316005432515482,0.9711999155215775,0.01203754739996301,0.20347240089372054,0.012831541770120827,0.15769436045553914,-0.00048629938480677644,0.1925261208154883,0.023411592100220178,0.1355821811061563,0.006401045041085846,0.18115735552394538,0.001089055869167911,0.15420190136980821,0.012449796755220375,0.17580666479287563,0.0006196099982986834,0.01418548401125606
2024-08-26,-0.020629395666609082,0.6647314883021286,-0.03203547885794834,0.9676512986863941,-0.004670450730709148,0.18555317004994384,-0.00585181388168169,0.15789162898727743,0.009042030520696865,0.19177217641925262,-0.011159945296067408,0.14485934035543618,-0.005784925212337433,0.18167654084800092,0.006011277587001961,0.15478348039512074,0.002188965637749233,0.17567547378217643,-0.0015117405611032781,0.015263438095563122
2024-08-27,-0.05435922745839298,0.6881640077623357,-0.08583967595090766,0.9940951963653532,0.00242757521523814,0.1840831467650231,-0.004904626898674129,0.15901487036151538,0.005078357876309946,0.18106199163374503,0.0018837160855975205,0.14329871619287674,0.001384023408806219,0.18026007414762707,0.0011195036527327134,0.15473423430494826,0.00015822198681800608,0.14507574674718915,0.0008336501025149369,0.015448710150481257
2024-08-28,-0.007588466761596151,0.6751974404160981,0.02840102212555113,0.9924859709170586,-0.005542153047064212,0.18287364308039558,-0.007837441942382301,0.157540435336484,-0.00915388726797133,0.18522433160746601,0.006813445725356949,0.1415123381056395,-0.0017339307288409126,0.1744891809899354,0.0018337947238978808,0.1433167368278327,-0.005527939195041081,0.1446783493997646,0.00045174774767086116,0.015491354620006548
2024-08-29,0.0063267244634071865,0.6756332777093728,0.0003862398518250627,0.9892696215750545,0.0001976878772312564,0.18290085453667076,0.006749697746578801,0.1595318193020082,0.005300635407257722,0.18164606234518202,0.0005149084706618966,0.13660070085599973,-0.0023195921436390977,0.17245789940904127,0.004204845077123711,0.14385934993803173,0.010064648522264533,0.14631582604679944,0.0002370677206679796,0.015476091936750258
2024-08-30,-0.005087640012139605,0.6755109649385714,-0.0017282934846426729,0.9900211184649187,0.009489605687032318,0.18370904404584198,0.005441827643222229,0.15999861509037164,0.010376667933650214,0.1759594727200821,0.010882215476297953,0.13362045463320063,0.003377032538999159,0.17288592019093343,0.0027793507242961763,0.14403163755995876,-0.013263412929034157,0.15289661241839542,-0.0005528513921118084,0.015638009301527957
2024-09-03,-0.02859209559721982,0.6771859013986544,-0.042165874387184214,0.9954033366143473,-0.02099427150825872,0.1929099850630046,-0.012102424056707183,0.15890946908933054,-0.018623336365793188,0.17884231049295413,-0.014071366388826353,0.14421121050088814,0.0030308778262311603,0.1584725392745893,0.0021237127423264614,0.1437529661455349,-0.0011814694893851623,0.15106756007732625,0.00038369186413898565,0.015650012989116092
2024-09-04,0.009641589391922561,0.67675186365261,0.011927450940092198,0.9992883933719774,-0.0013297886022948405,0.18601832677977823,0.00360993070200514,0.14392742161766828,-0.010538500613444654,0.18285551220259702,0.019027700413217406,0.1548234910010467,-0.007892063215490554,0.1594560347078232,-0.002941204958097415,0.1442022038175936,0.0016787323812924553,0.1509156499397684,0.0002740404250860868,0.01560362835819462
2024-09-05,-0.03135529051654269,0.6525556608348816,-0.03335208898543856,0.9811297187565748,-0.0026391413857251083,0.1733478444121707,-0.004507495864070839,0.13223468925955345,-0.0006971746864749415,0.1663791953433249,0.002277648469148843,0.15476634254477895,0.004062081710919576,0.15553109436194493,-0.0017459042376185207,0.13782360624449225,0.007576565553652325,0.15138357131164132,0.0003834396289489929,0.015616006461048345
2024-09-09,0.015181657996776414,0.5780408450917747,-0.0039154303706109865,0.7297829659047357,-0.005896229086609355,0.1622618987459657,0.005681437758465135,0.12300448066198974,-0.014318892133644836,0.16228720851519496,-0.021092722654549995,0.17601261796069487,0.007495511894716532,0.10412205907727154,-0.008333250963614104,0.10124694652155909,-0.003828654386843975,0.14434753641146283,1.1809849969859345e-06,0.011349269022612032
2024-09-10,0.010953787377987356,0.574431174635721,0.0130796247678013,0.708323067081083,0.00444253219638686,0.15773505141168143,-0.0009271863325636023,0.11986114947965745,0.0022789352379797723,0.15674636132479422,-0.005320069320299559,0.17720246054290542,0.004894064375873859,0.10507131465055045,0.004169692532357673,0.09500301953794539,0.004168027565256327,0.14422707591558578,-2.0167781406691053e-05,0.010976046045227545
2024-09-11,-0.00530102857287671,0.4033397386604123,-0.02102176323159556,0.5048307163220626,0.010621637500347513,0.14297982300363,0.012375193705521434,0.11863200637200429,-0.007198783316626511,0.15932391017719277,0.016644415152087814,0.1841144534773868,-0.002298755931990284,0.10504212543535751,-0.004896915933994838,0.09246196949851596,-6.651020671698089e-05,0.13886016505779078,1.3081850504188624e-05,0.010973687451062513
2024-09-12,0.013702874193093557,0.4059949930130826,0.009459270029466015,0.499414640701089,0.0075935287204955335,0.14387145578991484,0.00913637883975359,0.12142673285551772,0.00783310416114845,0.1557901256053683,-0.0039026332005680617,0.18518585783812863,0.007502037651681074,0.10751552035685923,0.018829800988436663,0.10568358592854335,0.015570898532982602,0.14666369037281904,0.00012617656369271775,0.010810818442944067
2024-09-13,0.04050232666333649,0.42204825973190274,0.03255179759035549,0.48361485226852463,0.0047047459904421725,0.14379311243637347,0.0030993672952710203,0.12136915604075943,0.007391123184155903,0.1576279004398253,-0.0017293224846671466,0.1844523361484058,-0.005142030651093216,0.10705157646403664,-0.001965374838169178,0.10596348903193774,0.011040953097400998,0.14597013497585493,-0.0006883962439138579,0.010958137190659452
2024-09-16,-0.040660405131641,0.4393797222719051,-0.062395876591624856,0.5226729877555902,0.000660017459810399,0.1351263553322133,0.005188244074698153,0.11884395963987471,0.00189883174985773,0.15761300444078388,-0.0012199663189861568,0.1842391565881207,0.004029207472426291,0.10743858557792972,0.000478274675179313,0.09803887236570691,-0.0009446024926910249,0.14633589091129426,-0.0005958234074999047,0.010870735307919962
2024-09-17,0.035707538775449535,0.44409042503946006,0.020014478148690458,0.530548929251092,0.0002549652086382656,0.1350087114410797,-0.0004063680664071579,0.11879519692274161,0.012796278208311277,0.1619539311223854,-0.020695733976074982,0.20032752588021832,-0.003294922224176185,0.10635471403545804,0.00136049777629792,0.09776496465439592,-0.0062683817802154694,0.1415607780824025,-9.549885258182973e-06,0.010865612061824863
2024-09-19,0.04042037979857624,0.4643919673197671,0.048915727404740095,0.5580769025258752,0.01163862836067702,0.12544337783901985,0.007433126904926889,0.10982331116074902,0.017683887205811953,0.15851746457730864,-0.02382501945032892,0.214350817486054,0.0022038513976634097,0.08112643586810286,-0.0024032643779352,0.08316683094835454,0.006904750879319877,0.11742957618015144,-0.0022950698237348783,0.013074487603930575
2024-09-20,0.0030835031366987613,0.4638082958528234,0.03741414676959401,0.5717461464229919,-0.0028634221407223565,0.12287430246333092,-0.004407366035566008,0.11096420668222504,0.012642231167289965,0.16222241698605003,-0.023317417540885316,0.22408718593808863,-0.00553446187017327,0.07755845658614427,0.013732057779278268,0.09316925510061155,0.011330226681497921,0.12214633083801184,-0.000920508510706628,0.013215320309014242
2024-09-23,0.0006356076709089933,0.46218104648726843,0.03205779446551635,0.5765358968106172,0.0012781019351941066,0.12247659082732401,-0.00027346198381836647,0.10717563662473031,-0.0025452331542597326,0.16159306961549944,0.011076154871189181,0.22681245664412306,-0.008506862678136388,0.0791705577095001,0.004198727963593336,0.09290541517136985,0.0009888170905014125,0.12205103333142557,-0.001527232490519094,0.014041004811371096
2024-09-24,0.01610229054472388,0.4504277483676079,0.003058770155946058,0.5719872701001777,0.0033760774758826405,0.12255787075763175,0.0007100179765857598,0.10718958515561557,0.040764896994731736,0.20645300568558927,0.017029446864019564,0.22882888242286173,-0.004003598151860129,0.08033489783561434,0.0009200750407217177,0.09298811777870575,0.010228234233451578,0.12427836646314928,0.0008680463725371693,0.014070973841571247
2024-09-25,-0.018090281682544566,0.45343614518169767,-0.028553575121035003,0.580658361265527,-0.0017673003298680288,0.11906431686527995,-0.00989096250768279,0.11211489088330505,0.006329198143441838,0.2019863595027342,-0.019956456424053585,0.23713275242604642,-0.012200784218861064,0.08996157277748379,0.00255022453847424,0.0929486402267886,0.0031086409205820266,0.11487307240477974,9.568287634407785e-05,0.013116815342553071
2024-09-26,0.03243994099501268,0.4170981282846872,0.02094346823612037,0.5528697260693697,0.004706452497587694,0.11313666282421421,0.010561436594304313,0.10933960188656386,0.041902403749349025,0.24079498688637863,0.01585216133133484,0.2283082229766137,0.02235303154499808,0.11829701555768708,0.00879160307619601,0.09573022855793623,0.00469158497286143,0.11000924941098485,0.0006759103393884995,0.013161572328205662
2024-09-27,0.009225964204387458,0.41070591998284967,0.023828690517834174,0.54914044114416,-0.0013376683443628412,0.11170584538868834,-0.0037748990791337538,0.10795179176917397,0.03393085305539713,0.2599140355521006,-0.008991861344393795,0.22734675376237576,-0.009431780625528574,0.12121264837328552,-0.001499890988758683,0.09571574560610921,-0.009718248928726955,0.11825467370032984,-8.366544429066515e-05,0.012238042825419666
2024-09-30,-0.036939878849080975,0.3841381061359106,-0.033856795036805394,0.47047139508507985,0.00541441418078141,0.11269335675993561,0.005458406637241531,0.10677491052409636,0.02441253199109231,0.2668230039687264,-0.006367145755601549,0.22736482262162444,0.004413319470208099,0.12212963755134584,-0.012973881334736662,0.10899445079112026,-0.001918998710228238,0.11892896532767525,0.0011868105223399664,0.012636505394057376
2024-10-03,-0.03900509713779971,0.4094967315168037,-0.0999379148199549,0.5793262407385102,-0.008487979150313973,0.11529591342585885,0.0008054905168717156,0.10131863370115675,0.046379200731464926,0.2908000537630594,0.0026372346793162066,0.22568687569460244,-0.0008274397911789136,0.12200331835166825,-0.019540513514877927,0.13085744077212938,0.010359066892566946,0.11878055245075225,0.0024243168716126247,0.015282507790045877
2024-10-04,0.022369759132218163,0.4156653578250059,0.028356937606009835,0.5896943531208246,0.00999973127201748,0.11946010477296648,0.012344443517773583,0.10641626499533692,0.029217578787504507,0.2972658805304229,0.008575858980009865,0.22879370223457193,-0.00032317183122342475,0.12170196005100546,-0.00830098627581598,0.13339006820673316,-0.0031923681805239865,0.11755095557585483,0.0010694755728309537,0.015711987909179572
2024-10-07,0.002941116922812742,0.41483603311240663,0.003114737668546367,0.5899774073956207,-0.00941323971352233,0.12121421578833105,1.4107103964178475e-05,0.10597325414600106,0.016211413588063984,0.2976700416520663,-0.0020929932864751605,0.2237963429145801,0.014276350680853882,0.13081810992865336,-0.008568347157304647,0.1359404673068452,-0.0001590048386755156,0.103709711721927,0.0002190241158665388,0.015572843413554718
2024-10-08,-0.002441910434172038,0.3997388369684916,0.006664781538602892,0.571989374978517,0.008884362908141713,0.09613035848239211,0.000841098007649934,0.09311256734166976,-0.09961699134175235,0.47897553458141084,0.0026902385590132434,0.22070024259112261,0.0023411277177236376,0.13068534266040926,0.00797109078141259,0.1389799410113041,-0.012089712926223923,0.11531941329959058,-0.0007583438965526987,0.015788855330594265
2024-10-09,-0.025850952059369627,0.41189051618617634,-0.030357187318505004,0.5799500592114639,0.006498434426088989,0.09664281666901998,0.008214787256482604,0.09513175460788441,-0.013414602143312793,0.48047493676124575,-0.005101481797921946,0.20709639590328588,0.0031240584001271565,0.12711193709154558,-0.0018379659582852751,0.13878659868023038,-0.004037415405138148,0.1174227742366095,-0.0005897965909053665,0.01589753127279516
2024-10-10,-0.004761477705132171,0.3946331094859303,0.006883626380557672,0.5688499482949868,-0.001743379235161967,0.0961178915816649,0.007707212096683131,0.09277711475334065,0.029411614542389393,0.48506139520880553,0.014365495562237832,0.2151871392981132,0.007966569778510206,0.12892756894388505,0.0009891481369061472,0.13878365189942074,0.005915747021358279,0.11658168513419326,0.0003288892708205082,0.015881192004143015
2024-10-15,0.10766242590639934,0.534748878761063,0.09037031488167031,0.6482680142245225,0.007338707877103637,0.09275129480622885,0.013683150091288752,0.0992494452558625,-0.0449156201763124,0.5144719754355812,0.006294704731046969,0.20627172320793113,0.011521322827185352,0.13204907406598226,0.0036189410166021486,0.13622041915190441,0.01671447761347386,0.12504426045756434,0.001265550632724134,0.016497323108062345
2024-10-16,0.008581695031000267,0.5346327907479458,0.0020390501465743,0.6476170193269664,0.004759819266330678,0.09282242101005575,0.003494611498671752,0.09781848417330688,-0.0008222445015769634,0.5150017241230126,0.015662020406020803,0.21379140314622463,0.0025831771107378792,0.13155880176291157,-0.0033483988971461267,0.13599639381078923,0.004814801729361723,0.12514157721353283,9.158648355099396e-05,0.016496955711455562
2024-10-17,-0.0033545943628320576,0.5340816369766428,-0.0028197139159816626,0.6417048146242499,-0.00037224070414298163,0.08912457626134158,0.0031538011544972842,0.09286543135286067,-0.01015078088027972,0.5161731143773435,-0.0046644274100367655,0.20507280781278647,0.010932353754495723,0.1347359392066199,-0.009108849665619739,0.13862931710391,0.006136327489412393,0.1250630006399136,-0.00020106557560485347,0.016518461022215592
2024-10-18,0.015177461883205106,0.5343138986079758,0.014385555655226612,0.6423500613958109,0.00413625177631424,0.08739075476549207,0.008459097177035028,0.09237403796566238,0.03604636514984953,0.5255747307066517,-0.00494004687348456,0.20526893805287832,-0.013778129665598444,0.1438332088337662,0.0043739007900903395,0.12149214610629798,0.008572692447123552,0.11859973568771216,0.0001725648335399409,0.016522557619441533
2024-10-21,-0.015302302290881321,0.5261834735090141,0.009281786056234382,0.6349562611809824,-0.00164717858640904,0.08792921463540315,-0.003544486628191005,0.09550434975695418,-0.016070592514056896,0.5326240687590467,-0.0036903653232024576,0.20542483626764432,0.00498948287765817,0.1425865798183018,-0.0027622443035384896,0.12160495598285123,0.003635227892371922,0.11497284393330968,0.00017725417000989256,0.01631605097906551
2024-10-22,-3.859667701596824e-05,0.49978605848764945,-0.01716446660728714,0.5930820583708422,-0.0004178853510340555,0.08820997406504638,0.0011506857526377083,0.09543314562874887,0.0015409033488497567,0.5326747876157121,0.004347270008978598,0.20641002666611535,-0.007172002297306598,0.14539783620908045,-0.01249049159327733,0.12773924003633141,0.007775683947175725,0.1155309791383915,5.708131616191819e-05,0.016133096819983154
2024-10-23,-0.013765578521893015,0.49341626216502416,-0.04320116512963795,0.6148421191012649,-0.00910896457587351,0.0960476438863917,-0.0058399260153069975,0.09959885528648516,0.01258065746992846,0.5326493260380502,-0.0034331744273083734,0.1941604215079436,-0.0035541271009551486,0.14549772409194656,-0.0013718245249390501,0.12728184470428697,-0.010793817509143428,0.12105552069713409,0.00012485969180596582,0.01612758016184072
2024-10-24,0.025496447847351424,0.4823955193371116,0.009877025331417206,0.5929105982368365,0.0019483730104549726,0.08870659542032176,0.0003918391512472292,0.0983446180894118,-0.013659465899995024,0.5362942456611046,0.005745354565323204,0.17525960207544436,0.006129746571698434,0.1465328829184693,-0.0016735352417749016,0.12726082387102325,0.007328837795889904,0.12124449351709811,-0.00019510012010176412,0.013622151240187015
2024-10-25,-0.02236316548656307,0.49098736908489043,-0.03949654342220449,0.5941387095188071,-0.0001305240269542721,0.08770301927263953,-0.002218705787344525,0.09672997529528256,0.005161243515523059,0.5357876205619081,-0.005134294636284168,0.15337900392066064,0.0006241158337293323,0.14450306059577564,-0.008830627713851898,0.1162444468260484,0.002360429549934624,0.11724819717571268,0.00016896798623201864,0.012987507481741873
2024-10-28,0.04807555890882652,0.5152594493732892,0.052004062729908485,0.6123352801481734,0.0028880886421859494,0.0879123246459449,0.007449717083880027,0.09768535002661795,0.0007606377105171516,0.5352576497539233,0.014194830034251158,0.1560864449133436,0.0065592304256021465,0.1407355719765934,0.0067673729326898895,0.11851271055616897,0.0009695752780477983,0.11725116574945457,0.00024015401545277943,0.011239402693507023
2024-10-29,0.03945611570957316,0.5277674851070076,0.027920277736677657,0.6205008074041484,0.0016223510767120542,0.08757851751777998,-0.0005341108974108939,0.09811768889829649,0.005088923581084813,0.5201145792465847,0.0006015996787986186,0.14628638322874482,0.006518001699288835,0.13959235247832918,0.005242468218981461,0.12108604251011167,0.0092633065889736,0.11648607462214332,9.525131810795076e-06,0.011133235303258684
2024-10-30,-0.0054128513235361855,0.522223644876812,0.007172435925422961,0.6120609783809308,-0.003466179577836983,0.08848023712158311,-0.0007394276292059832,0.08783452839604837,-0.015866785321902516,0.5246872641751357,0.007826672910992098,0.12571263893511933,-0.0055431181579811755,0.13234506092251647,-0.005323619211472315,0.12003510546665344,0.007073828231891133,0.11760800537762349,-0.00016048790534907957,0.011229898267321776
2024-10-31,-0.029808579871097803,0.5281572643847695,-0.054749660981931465,0.6377255090419779,-0.01879249390291824,0.11086260556820236,-0.01476886101470368,0.10349741897473769,-0.0030853132885096356,0.5057242061241377,-0.006716646747594399,0.1198870498922253,-0.003990755398155328,0.11409462007754965,-0.005584684843362099,0.11256353791953347,-0.01816886809759979,0.13738007655980794,-2.3589741728255476e-06,0.011186766535604574
2024-11-01,-0.01046167245935876,0.5300119824980032,-0.0015284183455974779,0.6308530548878382,0.004112646781945158,0.11168078151323542,0.006043212066941779,0.10218915456135108,0.009609247581879293,0.4926808663040689,-0.0076287253422729915,0.11846641296495965,-0.005642182347589479,0.11008774810847707,0.004110152405072744,0.11548182340409506,0.00013805762855806085,0.13137906157958085,2.8488777419657305e-05,0.011149525508911582
2024-11-04,-0.023842052301873973,0.5194533032010255,-0.04630420215321237,0.6399088502112088,-0.0023155368570195556,0.1103278809869166,-0.000639912910714523,0.10211475101333212,0.003785097464719445,0.4848929341467442,-0.0004995619507605952,0.11520590373474887,0.0038305899480713898,0.1099424952494859,-0.012294777346193409,0.11478456792544006,-0.00041278412726136824,0.13092472513158454,0.0005005079561708361,0.010681647647576882
2024-11-05,0.02279670633358911,0.4994783416870145,0.01085788275607779,0.5367143385982518,0.012415624872220166,0.11418201676340035,0.004342302672834398,0.10225629063444598,0.020916902102451684,0.460950654977388,0.021062922615866578,0.13307071491736527,-0.002614995600179459,0.11067964940731585,0.009266649783186247,0.1062915393570525,0.0017584306270239682,0.1273551346826865,0.00022459384265708754,0.007134269563384848
2024-11-06,0.0862388404254022,0.5692761321681912,0.11687106179763751,0.664675287984579,0.024551090114124794,0.1376408287340693,0.004870190462895593,0.09613095054915452,-0.023153809745430843,0.45150599508177,-0.01169380075503006,0.14019763259723325,-0.000819154995499134,0.11081541277178185,0.01068962496485692,0.11200621792936834,-0.02731838373488498,0.16161017508617162,-0.00043019084306178737,0.006515824287874616
2024-11-07,0.0051100415187564025,0.5690118800949037,0.06262621309629204,0.6930108593678475,0.009006146005273045,0.13395975592295098,0.018318930330225684,0.11115852692345553,0.022198103745146126,0.45546604369053484,-0.01485545759182661,0.15117118494081908,0.023328731943690704,0.1269026239865979,-0.010093768058141087,0.11342739628381776,0.013082132021858121,0.16738618372577985,0.0016023918312774246,0.008422869451290954
2024-11-08,0.009059276581099635,0.5673423820976,0.023432491246378376,0.6948420408487597,0.004404747277501464,0.13210894790606934,-0.00864951182464514,0.11797188421438025,-0.010795605902446886,0.29854650688558537,-0.01087841973035449,0.1566524334944687,-0.01478296996147615,0.13994818875376994,-0.0014609931070656858,0.10859647058539076,-0.0033926218793105083,0.1613661742369188,0.0006549532417833543,0.007962553863903777
2024-11-11,0.14829858717018923,0.7265789970712726,0.13128204790797235,0.796400158495085,0.0018755864830046895,0.1311702425545926,0.00503019668100063,0.11649981405904807,-0.0132394589114468,0.2984496511437688,0.009197021360574265,0.15801505917195094,0.01132774959813057,0.14401926423419853,0.000621280592944383,0.10882882134808715,-0.027894534073579197,0.19025158055319583,0.0009069922920476606,0.007793126147497626
2024-11-12,-0.008280871113815853,0.7280945694824217,-0.03867597655296969,0.8191005748100382,-0.002735656321645511,0.13156724232354766,0.0065247529823457525,0.11587166888103315,-0.028509729556428106,0.2933891041844062,0.002090610129606226,0.1506779430132932,-6.24467091374852e-05,0.14238452325091716,-0.01057718621243222,0.11297307691873865,-0.004137226905426803,0.18973910754090656,0.0001611951552909305,0.007797455585850628
2024-11-13,0.029430657678263545,0.6536817091968381,-0.016682570578439915,0.7778272934398165,0.00021800795464213012,0.13016888004028784,0.0043528747796413225,0.108482484421583,-0.0008997353976956702,0.2506212510240315,-0.0009841415131334786,0.14932372845691277,-0.00022137508442401487,0.13764758331940063,-0.013689841998528237,0.11808436708521539,-0.0074261905283639846,0.18098001130742064,-1.4192809498113487e-05,0.006923052559787813
2024-11-14,-0.037168821601422014,0.6776967154748516,-0.04243495691269231,0.7984481331083882,-0.005740007864854688,0.13199490753167484,0.006133148073985508,0.10939980976213681,-0.01904230162457866,0.2583917007151162,0.010769973014557963,0.14382935266988714,0.00969176390646216,0.14091472958929505,-0.0007910577445695307,0.11825052874029113,-0.004566101188731282,0.17992146604736925,0.0003281007173893801,0.006926551458339495
2024-11-18,0.03768382345119218,0.6806187850442487,0.04817703767136542,0.8094133926067476,-0.008735868682460037,0.136256567904862,0.004373457344543155,0.10966131513671444,0.008532921547329375,0.2588449379665744,-0.0014906278645042197,0.14294043351091862,0.014390038203236408,0.144381990908875,-0.002712945668442578,0.11587896896266904,0.01702027441581725,0.18959614203220684,0.0006454024381270311,0.0069183393382474985
2024-11-19,0.018761917204930412,0.6807900044025752,-0.03147091206477656,0.8218982911433093,0.003020124541875281,0.13595342183199116,-0.004097466541683987,0.10886353652908266,0.003138221418420004,0.22223523416986732,-0.005936502354370508,0.1434314581302393,0.001364316989008104,0.13345168269470958,0.0018191575251679242,0.11434909779456043,0.0053648700279320585,0.18783089141192888,-0.0009356259787212704,0.008043468834156695
2024-11-21,0.06440364403286405,0.6927497378748058,0.077004509598016,0.8560125620937695,0.00516576411784286,0.1365703935768395,0.011005683881752378,0.11226811190511034,-0.003435879237201736,0.2167042535810202,-0.005958021391647046,0.14440586069665215,-0.007535341570318582,0.13705319666898974,-0.0073770656545756605,0.11562568417324766,0.016801664935851442,0.1975211743633798,-0.0001824383477808906,0.008149215551970608
2024-11-22,0.006237570783143894,0.6909987047323428,-0.0075558349752224505,0.8526392372962047,0.004707808279619322,0.13708052794130215,0.00421340383927723,0.11246913866976536,-0.017895951603258152,0.22325861488930443,0.025954375000251724,0.16972414894084223,0.010286206880014538,0.13645146190689256,0.02483489072571567,0.14434777774350813,0.015292829822580468,0.20323026641552647,0.0012458486880827426,0.008930440370571106
2024-11-25,-0.062016605888931285,0.7380605690899992,0.023678907143648287,0.8295697406713709,0.0023967214277986946,0.1318886431864896,-0.005334376552621033,0.11202827264266138,-0.004688562512734191,0.21621788091057637,-0.0038651545128993246,0.16987473257930544,-0.0023227474838090393,0.13584581298405848,0.012456232129386485,0.15152113355768504,-0.03557868829573308,0.2349210415943872,-0.0006192063923258652,0.009404763841360346
2024-11-26,-0.012762860740407785,0.7439114802911211,-0.02651812891027506,0.8418129297701643,0.005012688949137031,0.13237763515634354,0.010913876711466076,0.11576322697728174,-0.0003724097972357702,0.21328901195829872,0.005787650325001717,0.16988956230875263,0.004070717146101791,0.13532079624829502,-0.001824872340147163,0.15154034218230586,0.0006436095616497988,0.23287180677763625,-0.0006930082061267145,0.009816747660619215
2024-11-27,0.04187362701100212,0.7371091297644372,0.09433020125250405,0.8637730910676912,-0.0042636673775325075,0.13393373337295314,-0.00040382853644337796,0.11496057781133094,0.022499960141683064,0.22943545183231256,-0.0158118565392312,0.17858328039590723,0.003428755824773008,0.13522994242127703,0.0028623898971953613,0.1485591721529221,0.006996980697273422,0.23447971903816794,-0.00045518629395478977,0.010056922385156321
2024-11-29,0.0170696552503379,0.7286854520605427,-0.01601640094759975,0.8636575971049887,0.007161922743064641,0.13523015955218864,0.004544290798919132,0.11390968155588722,-0.007514576956797455,0.22991803311951048,0.020334057467288454,0.1856288353856927,0.00010825536774335702,0.13459955435075419,-0.00437165963263782,0.14748524007753308,0.008026468463418635,0.2367336647716737,0.0015698023462632584,0.011203968747454213
2024-12-02,-0.015503108231507499,0.7312910110734359,0.01502178236412463,0.8626181874271567,0.0034558942922422427,0.13533411188023578,-0.0008563068620733036,0.11402831095369065,0.007243938713100581,0.2309345247418346,-0.009223773805678173,0.1888692920174338,0.003162590593196827,0.13372148019755298,0.006999281395203245,0.14842465845923397,-0.007342042819574225,0.23436886322679557,0.0010104304116605968,0.011511907364308743
2024-12-03,0.003554256558413501,0.729038399153389,-0.004338193762345591,0.8649608726947805,0.002579000331875101,0.1338846270886285,0.006067224766453516,0.11393378720012698,0.012085500134846128,0.23070899649122073,0.023210987595685344,0.2034893514429968,0.011889878692743628,0.13500361864574303,0.009559975969225719,0.1507814768204291,0.005840078408236307,0.23379884987268762,0.002127653089853087,0.013088484189143552
2024-12-04,0.02777083249072798,0.7127027145575393,0.05851085656463329,0.8382975874333095,0.005395703246857816,0.11005613089499135,0.001206428168167604,0.09439055686366066,-0.0006235144692718305,0.23059660695280243,-0.0033142909357808093,0.20218208118906342,-0.006057103228141058,0.13649556705648128,-0.0002164702030058497,0.14914836275230434,0.0027974962734194754,0.22688417069351466,-0.0006374783812782806,0.013492053137607062
2024-12-05,-0.021984642284706032,0.7192995553759914,-0.007642912334686239,0.8405855323209745,-0.0015893028118665012,0.1113646028186818,0.002306061900874892,0.09411512912166894,-0.008813340947506375,0.22878088857053705,0.013518523188639772,0.2037450905100821,0.009873206838572492,0.13511409196279522,0.010081874769637037,0.1521974948073604,-0.01002009914336603,0.22887346469966258,0.0002822230275157616,0.013447935834528227
2024-12-06,0.03359086730561394,0.7065834740093806,0.049578209319966225,0.8100745642115006,0.0022184109053429812,0.10965936061604528,-0.003487797435027625,0.09620060372414141,0.01487091178847243,0.23534259675134453,-0.020071550692971427,0.2178733608801836,-0.009299277130253034,0.14211553857364367,-0.0015131313457238612,0.1446059118297222,0.004284304667333269,0.22976773128041145,-0.00027393446219523676,0.013603441390626097
2024-12-09,-0.02542511358817737,0.7226830133331218,-0.07458458093316456,0.8796401774057979,-0.006373375711755233,0.10942086597613689,0.006169207479978416,0.09663357015004435,0.02678033829023838,0.24306960055004323,0.022670055525308094,0.2197706600511586,0.00781827353769098,0.141683691977135,-0.0025957915964063215,0.14255300945157906,0.009707777911559018,0.23278256451068713,-0.00021020842652787373,0.01372087440462154
2024-12-10,-0.005663759348710828,0.679743225260036,-0.02149485374656907,0.8174101081238285,-0.0008292501090020908,0.07467215261619171,-0.0008889163755064362,0.09764798686114616,-0.003622287172000445,0.22972047659458805,0.008186106671398796,0.2155941503925764,-0.007347205086633003,0.14582848514460167,0.001775459498612758,0.13826223184240796,0.014335062415580168,0.21776859182946406,0.0021390342052772016,0.014861527379396208
2024-12-11,0.045787616985638144,0.689017112915044,0.05417833619548832,0.8115949701557066,0.00844729382624339,0.07396293517559997,0.006480657847096319,0.08191426752621131,-0.007428675638499831,0.21600156917945185,0.005739278576684952,0.20649853698439577,0.005271310783013024,0.1262168418557656,0.0016039592238461257,0.13262542629394244,0.013644742985630355,0.21817204631167056,0.0003146674148749964,0.014217452909232011
2024-12-12,-0.011431266167327222,0.6945154780259392,0.012833725963649937,0.8108242514544207,-0.005627859479186046,0.07665023331588783,-0.01167314688159881,0.08763822489430774,0.011823800625052144,0.2179541201202563,-0.043418903811966635,0.258842059188099,-0.004230544928044665,0.11298366758365913,-0.003984479810045752,0.13355147129101258,-0.0172803351612556,0.22680549094650013,-0.0001991280177227258,0.014294801866166502
2024-12-13,0.013846275335173396,0.490978827529206,0.007000438833798637,0.6877232652175358,-0.00023741512649562516,0.0766089156249257,-0.0007775621283264702,0.08783771684321141,-0.021263002300360195,0.22553432971658516,-0.004356894955741107,0.2582061759978134,-0.0029417292810169486,0.10994339476939624,0.008694825285130327,0.13609607002116866,-0.01200110997671773,0.2077874034714774,-0.00021094813712382434,0.014231007994458946
2024-12-16,0.04362351970878678,0.5038371307711622,0.018875515739062137,0.6678759223406674,0.0033535713714292386,0.07612075044516704,-0.004868416230135402,0.0896619277460066,-0.009249416042586084,0.20463574128016768,-0.001472829240479118,0.25833499993692155,-0.004821570728660727,0.11226266975062915,-0.0044862332515402704,0.13083193234283153,-0.0021720497008878136,0.20727814202490083,-0.0004385836373550982,0.01443203247867497
2024-12-17,0.0024038848249710617,0.49878779478049395,-0.024223553707049917,0.6721720623521212,-0.0025128192887208427,0.07702941195072655,0.0008829015428145692,0.08916521149783967,-0.0035939523318036367,0.20501427372727166,0.027986483647595824,0.2745641949297905,0.007689668837145647,0.11385315657350453,-0.012201595956339874,0.1287006273209787,-0.0012849458108895866,0.20515346221452235,0.0013586601919346032,0.014916862396767108
2024-12-18,-0.059201526308866395,0.5287767292125957,-0.07145978625300796,0.7071279047519516,-0.029958876959614095,0.1302674540276361,-0.017422856857370658,0.10895098922272267,0.0077670111622977975,0.194445693993393,-0.03921242117351369,0.307818405921366,0.0049671945011822575,0.11103485509012467,-0.00567401194198789,0.13104794347534082,-0.003014251214539007,0.20464960136296198,-2.2371655096004603e-05,0.014956010418856452
2024-12-19,-0.022884959133880046,0.5258094385057528,-0.05416460470977874,0.7230638394881974,0.0020754592407257674,0.12682966903804702,0.00761442997929536,0.11100032337989402,-0.0025479979701249827,0.19299941204138274,0.03635247574679503,0.3324901368158211,0.007314107764528182,0.10344696990988139,-0.007324879307776308,0.13390584247900494,-0.014004416826545126,0.20326998886140754,0.002940945991262703,0.017556524962155783
2024-12-20,0.004050856542364688,0.5230349922854527,0.017192262487254063,0.7130691540849406,0.012147062391579049,0.13319383532271334,0.0048981361745869196,0.11062604711748134,-0.00048104295336097534,0.192835632513206,-0.013223681633086088,0.3355614605264599,-0.01559945648215354,0.11931771381266854,-0.013985776247155711,0.14406953467545097,0.015319074650494301,0.20938261693487,0.001336582989181638,0.01716091123805702
2024-12-23,-0.03583413033627801,0.48944225558313925,-0.020411724013326537,0.6688506303929959,0.003331866252594288,0.13255273361447356,-0.0007763574587470956,0.10453395963834657,0.0046290282294074005,0.1927592012586887,-0.025939635274090416,0.34800510312444977,0.00959233603964015,0.11908575316352622,0.0030818561712234226,0.1412702295172249,-0.010187314136771649,0.20374188076638772,-0.003928983333022023,0.02295305339756159
2024-12-27,-0.0018096317391087015,0.48861866859637104,-0.022048417738536285,0.6730805392466346,0.003171197903590709,0.13204675203506613,0.009038497575946236,0.10801875284120802,0.013498620706916365,0.18462573390774767,0.010092754710720025,0.33754915453092477,0.01581602267957721,0.12555379518561452,0.006232724444585998,0.11401073830371625,0.00558595812031032,0.1967594261121126,0.003712010791633949,0.025643932940668083
2024-12-30,-0.01482521957154551,0.44049940604034926,0.009685912309552944,0.6687126751783752,-0.00929349785985742,0.13602001461058671,-0.006134722163035301,0.10861131436626147,-0.0016062113341530908,0.18343349178160298,0.008907051033757735,0.338740911838579,-0.0021190282563641736,0.12547089706029632,-0.005634824386559663,0.10658041564534443,-0.0027839608509196054,0.15240913092197808,0.0014661760818723006,0.02558274827524505
2025-01-02,0.049458517577265465,0.469062396163932,0.032581166056682605,0.6708202463189671,-0.001850239234530845,0.1348350110964601,0.013872537666573365,0.11255942153704912,-0.015818677077359178,0.19405746997521303,0.020372741676281524,0.3454089821482958,0.00553305435255955,0.12590037788238,0.027406198018969853,0.1439508760021599,0.02472770865213332,0.17428353611027253,0.004670130373900446,0.02887853206258736
2025-01-03,0.012732372277343534,0.4492816766175962,0.04376001773479129,0.6030897263086539,0.012730690231677309,0.14144902034227055,0.009211153406595429,0.11618503013445876,0.008309234112661847,0.18079443918507987,-0.03706312067298063,0.36570250777112445,0.005141871306949159,0.1263004897997785,-0.0074184700729594925,0.14645763740022585,-0.005028067868146051,0.17446927454234978,0.00021333352385131675,0.028607450949363965
2025-01-06,0.03915040195793131,0.464931058981026,0.022401006444425966,0.6048070723101902,0.0049981992061009315,0.1403343740797761,-0.0009025950388196766,0.11574663884758071,-0.004077460233633007,0.17909966394696275,0.01677592065075087,0.3634106595382132,0.000962312215301027,0.12617486349892654,-0.016849696016602404,0.15742675429782974,-0.0030229967912194337,0.17298436767773576,-0.0005245672907173134,0.02883487023988638
2025-01-07,-0.052737729272440956,0.5000883622886966,-0.08782121484692801,0.6774005294566395,-0.012079467810382976,0.14608881937278015,-0.010760375262720981,0.12257771250910461,-0.013502869878312531,0.18479381084259414,-0.0020567369232708417,0.362005214111026,-0.004373152859688436,0.12800913310571002,0.0029682974082277506,0.1556790942949411,0.005998650623997739,0.17164297586023436,-0.0009134462937456855,0.029356393416102775
2025-01-08,-0.018111679913572758,0.504389929414797,-0.015005709616654808,0.6786860702477313,0.003026321876824208,0.14621467858001566,0.00811777511047949,0.12395373722931792,-0.007047574667429808,0.18132407839172804,-0.01369791685538173,0.35492172723781434,0.009832702811137536,0.12612430343868855,0.0006674970851781675,0.15142906341296147,0.004398867810188764,0.17120518396387172,0.001467177782992864,0.029018671325263947
2025-01-10,-0.002283773711518109,0.49427315395221777,-0.01652548450936383,0.6411197748805797,-0.014209827811874928,0.15199664797886367,-0.007472162067816707,0.12700615470022597,-0.009194976595967118,0.18376980604112278,-0.01605415723160428,0.35843152108240484,0.0019913551542261863,0.12303341996216781,-0.009605580914571726,0.1543423906563077,0.0177003631994752,0.1807464959642678,0.0013218098383585,0.02876087104074557
2025-01-13,0.0011597142882488556,0.4885455347089244,-0.038119141475466384,0.6501254457458082,0.004688592844101027,0.15343868169184358,-0.005349184590486608,0.1281421312720261,-0.00639720562802441,0.18265928755274893,0.01612997686377019,0.3599842694379921,-0.003659336815333441,0.12097428965693285,-0.01174270895632443,0.1524442253529561,-0.009892112243121538,0.18064278092566963,0.0031143884660459428,0.029904889246954287
2025-01-14,0.026473996679513768,0.48293121778773085,0.03308931233593052,0.6338828170098402,0.006498526942118647,0.1553047287772173,0.0038612308375118804,0.1282960366465944,0.023362623063467147,0.19389930985431594,0.005754268146699339,0.35478611130612153,0.004102240790628325,0.11491986567083291,0.009248181651589507,0.1577080349716545,0.00684795154107203,0.18132759342044882,0.005352903607954401,0.033441903558988524
2025-01-15,0.038976343170276644,0.4925654301045747,0.06667474420987639,0.6392854789086138,0.016816814268565933,0.16541871780324682,0.006011862961098047,0.12820412565833933,0.0023659062847356596,0.16730286838528927,0.020016638612511524,0.3526839934126453,-0.0034031991877541195,0.11427189982710353,0.00027127892032280767,0.1578604969057502,0.011656877290860733,0.18252170597240835,-0.0013303182359504608,0.03420834513285362
2025-01-16,-0.008673314278826512,0.49330508776703796,-0.043289093381951825,0.6517706003185308,-0.0033221026986936263,0.16584340866777866,-0.0006789491970019884,0.12818493253532043,0.010745618216950857,0.17246295292133237,-0.01988002020520284,0.3568879289459417,0.005492788737352643,0.11045914927219581,0.0030314765642377693,0.15827434233008192,0.011213030379027577,0.18014292153060144,-0.0012071783578269267,0.03481233771833038
2025-01-17,0.04811132381877282,0.4959403680664446,0.050913259379186865,0.648214467109555,0.011965348240209048,0.16849982519587658,0.015753646367998725,0.1376311235188069,0.0054938704493644915,0.17214483114510518,0.017438131573134476,0.36246475760394736,0.004061982260006252,0.11009037674165975,-0.002645667199613,0.15784057273761823,0.0012589934546178314,0.1748567296806023,0.0020238699318150134,0.03496538552201981
2025-01-21,0.011422902853078764,0.49417571024838397,-0.047715783807961404,0.6625124219865343,0.004158647782048034,0.16759022014567157,-0.002577850553843483,0.1308574735545568,0.020832031383816712,0.18266103431269679,0.00014348292905690577,0.32924072579682107,-0.0027536787979587237,0.10915738605021871,-0.012296130061030917,0.16179844248295155,-0.0006799701799052619,0.16178401227222927,-0.004571361658547803,0.03974809637706987
2025-01-22,-0.020979308833837525,0.49974818291577555,-0.023761207143366245,0.6631249373873653,0.008908419246198757,0.16989828701325785,0.006771052943995075,0.13215301243692057,-0.012977927159070222,0.17241601981286803,-0.0017261184320070027,0.32889440022075833,0.006944094431078262,0.10884478511571571,0.00844967851100628,0.16159067191369653,0.007352349482381166,0.15450557510773666,0.0027892381592045565,0.040186857794821916
2025-01-23,0.0031990319427973057,0.47630865611990514,0.02898492992936435,0.6691968830615993,0.00554004871811095,0.17041982093403887,0.008615129419237786,0.1323676492624964,-0.003470936065956259,0.16943502149343603,-0.01715452074764333,0.3344936624130942,-0.00791138924651229,0.11194918833372385,0.0023976294863010594,0.16218096144253832,-0.001386651495790131,0.15420715502112894,0.00024062925858158156,0.03997079930062601
2025-01-24,0.007855885242233383,0.47703062732772417,-0.007949159265763747,0.6664672502506724,-0.00323514190501581,0.17064047658472453,-8.091851233323396e-05,0.13251466867794076,0.018213529542062637,0.17892387586929628,-0.003417662212523315,0.3183473400960385,0.0019065269919911624,0.11026182917796902,-0.00526390028524569,0.15840951188936855,0.004750051225203152,0.15356220422319627,-0.0003759259205480311,0.04018694383288349
2025-01-28,-0.03350655292550462,0.4438303068812114,-0.07249588192025078,0.6677420795551587,-0.005186251292127579,0.1303986857808177,-2.908771975697783e-05,0.1126291367848032,0.0080876565176353,0.1790616898853102,0.008066432985587275,0.28909177839873834,0.0022622401500297035,0.10976877683220827,-0.0055349100165024345,0.15836573540905519,-0.0034616513650040977,0.15379728779250806,0.00032616356226787205,0.040110066185261715
2025-02-03,0.0017090903925543778,0.4349104040348783,-0.06362750406046914,0.6769305263705895,-0.011136134400164843,0.13861472588703325,0.01567991286802325,0.1201770076157465,0.0014663480758897237,0.1783638266328289,0.0074363921581521355,0.2597297306469778,0.017919080189574135,0.12177830542674521,0.018425836487976893,0.17132193844893018,0.024951873202981787,0.15815911572021168,0.0009894882243368206,0.03939962454154423
2025-02-04,-0.03097909610258214,0.45014548285164185,-0.04873570218931618,0.6853371250462159,0.011687704641066186,0.1381909059711164,-0.014548565451306002,0.13470470308851076,0.03219652360202183,0.2063192030016785,-0.007973156547062881,0.25721760382414816,-0.00799805262143486,0.10983269915878296,0.020548454648723995,0.1784819966325213,0.011311213154403366,0.15545542327392664,0.0044887972380372645,0.041431471342874754
2025-02-05,-0.010774989435215244,0.43234343396226554,0.021240118284992685,0.6928547338264625,0.006046113234151688,0.13889504276393397,0.007724144337339438,0.1355004812728634,-0.00798408801070634,0.21010036922750613,-0.0032597716965131166,0.2405918509772625,0.0018499799929766606,0.10706231875421784,0.0003342136646314174,0.17837569361152528,0.00853822275916446,0.14591224947364623,0.0021450593185381585,0.03764371486367545
2025-02-06,0.0021093475610360285,0.4321019927797999,-0.03396007526191069,0.6970134400346061,0.005976291434298852,0.13955656105317388,-0.00034836954721106033,0.13383523228352542,0.016434142502757224,0.21218857642751854,0.015751878209601552,0.24422933839334554,0.009110804403431618,0.0987146230002662,-0.0015916991394473036,0.1775935335832377,-0.0031087381714289064,0.14908406278167435,0.0023386170790326735,0.03678411671563845
2025-02-07,0.002241500407173463,0.4275720461594261,-0.022022146662992816,0.6949359656785944,-0.006603368612825142,0.13709457084992302,-0.0013301765047550953,0.13105976579777717,0.014471084940958414,0.2149713373647037,-0.017231965014779974,0.249869903702634,0.002398792246017095,0.09749293578102275,0.0010660459000731257,0.1760818903428213,0.00685527005522242,0.14620836302590248,0.0029064770808351226,0.0372780996522436
2025-02-10,0.008508371939696011,0.39391991322493886,0.013887764888833733,0.6832386777687026,0.0058311477693233586,0.1368435400639948,0.009389647623237631,0.12699571816773578,0.01784752398397495,0.20760641042841563,0.014144433059991718,0.244163844975625,-0.000572393050538386,0.09727744525491437,-0.00845779635076687,0.15037159441363943,0.015399868520436863,0.13402479966685937,-0.0008589645261317015,0.03570382621640916
2025-02-11,-0.01776080670611527,0.39684239156045925,-0.022446669815026056,0.6537061803310278,7.664280694165572e-05,0.13188779374163473,-0.000984686552883899,0.12483770154067647,-0.011031098399655237,0.2149703722787715,0.004461324774612779,0.2059459310216287,-0.0020980372052383394,0.09762181317141122,-0.013601127481356386,0.1553135071717377,-0.0008807339432068297,0.1307206075952715,-0.0002628823367321807,0.035865264011196454
2025-02-12,0.014298385770962376,0.374474018327096,0.04245586380559233,0.6714537824668839,-0.01051751333803265,0.1381377228214789,-0.014072566369815472,0.13619083393921608,0.01864525698574804,0.21785367357732724,-0.02874304623333363,0.2220966065186881,-0.006060262933406307,0.10126917790450683,-0.008941382105252596,0.14733067791869767,-0.008992369527139403,0.1371121124440121,-0.007789930148385044,0.046748745373516205
2025-02-13,-0.012253197430964556,0.32793302162266236,-0.021816801557427414,0.616219114139043,0.01109543237279139,0.13333836635857182,0.007097368927615253,0.13047876202741235,-0.0015665177978098862,0.20835111596024664,0.004477368941265882,0.22287197382199722,0.0037080527623899818,0.09933225294094158,0.00012196392375985646,0.14679482911684325,0.006515831932949911,0.13716033703393224,0.0007231191585556318,0.04643236765092552
2025-02-14,0.007737423769755459,0.32160074229220775,0.017201024101984926,0.6233022948410891,-0.001453100543048302,0.13392860047723248,-0.01741747308762455,0.144564054438686,0.0347154177870529,0.224462076982237,0.025679180944674626,0.23539311575117008,-0.004919157949466038,0.09736637700164051,-0.00582628527410104,0.1477420329422071,-0.01594369902055931,0.15561979929964048,-0.0013811541474737943,0.04685386440361337
2025-02-18,-0.019244012477989708,0.3295446111243757,-0.019878007952404464,0.6239233572760241,0.003602086957614846,0.12013880937919776,0.007137108858057199,0.1429275630705406,0.015784138266466453,0.21660880830045562,-0.005949703891592542,0.22859459344918465,-0.01380535388598397,0.11002737692989797,0.0018598517632961566,0.1446623900710431,0.017668918268834634,0.15558568087259145,0.0011600833020630015,0.0468224613705737
2025-02-19,0.011780025480737179,0.33168256099136034,0.01761805335996268,0.6211428307028743,0.0027471391576365683,0.1199679626342196,-0.00021248239830464472,0.14093874192001735,-0.001780979167730111,0.21292801329857683,-0.013310261740249773,0.2278078711387706,-0.00647026809458707,0.11172390615888847,-0.00016758848561020448,0.13874683735339638,-0.0037973098267872723,0.14991761508023224,0.00037299029081235946,0.04585817292789336
2025-02-20,0.0172562038610662,0.32437318604790527,0.008857362550027434,0.6072189521605209,-0.004509312381256376,0.12177694250698963,-0.000947890237405377,0.14099534607127023,-0.01586202580804716,0.22407402980493527,0.007682400984553818,0.22849442826431188,-0.009815792959283566,0.11589155348126398,-0.001027286668352906,0.13468695791458157,0.006865791590078777,0.14992103621930594,-0.00016570749696611002,0.04216060365369297
2025-02-21,-0.02757898543873667,0.3077049877233406,-0.03476724057821031,0.5498153971958567,-0.022076287407030236,0.1369762816120913,-0.02389005911273427,0.1648928907542112,0.03398177518035729,0.2406637458279331,-0.011905687503842135,0.22043293922920362,-0.017924406360098222,0.13049774157888944,-0.009995176975951257,0.13865856324244036,-0.005681517397498585,0.15162368602086335,-0.004864890734491144,0.04535185690525449
2025-02-24,-0.04930667868149135,0.34807577093292236,-0.05548842576459169,0.5599692870714426,-0.004077330943107437,0.13726349852185654,0.003583274943120705,0.16531598382382473,-0.005702206355265521,0.24605960119967737,-0.007577905691249765,0.2112268377727394,0.007638172163269286,0.13208094587408026,-0.009792953388029347,0.14115927722800806,0.0044042272573375065,0.1492163840300832,0.0009041626231450461,0.045260595955149925
2025-02-25,-0.027921243399061005,0.300807648713056,-0.006224141877985097,0.5105690728735442,-0.0028352891824594746,0.13101221872227203,0.008469825487876573,0.1584955138429188,-0.010848884142097705,0.2549010327820926,0.01459496303493514,0.20837497164582236,0.00012657827508713031,0.1308510462367412,0.0015982768477484284,0.141498339026005,-0.01297633491538928,0.15960743088961363,0.001855425955936151,0.04517190642410218
2025-02-27,-0.04107105336567336,0.31340912573687063,-0.07300260595135567,0.537332835596899,-0.010424675454594629,0.1344755678421235,0.006613027121677176,0.1598724335442848,0.03459331130451093,0.2679647511481442,0.00014032720966592022,0.2083748008754512,0.011723947536894262,0.13817505521817164,0.005320169259411348,0.1373775920315813,-0.0019294347596147867,0.16000373654714353,0.005431052194346601,0.04557612637548914
2025-02-28,-0.0020289911135552884,0.3120864423615426,-0.027861540931063043,0.5381748939234394,0.017618752301005083,0.14547936727939864,0.019862185976185165,0.1724415310510156,-0.03093029014330519,0.29209301354709455,-0.007858008909205879,0.2098132812258944,0.002764883452683537,0.13605328298983285,-0.016931996260917247,0.1445400711969343,-0.014335126065944642,0.1694000026921346,0.0018889718803418202,0.04511633309420418
2025-03-05,0.07020627889230478,0.41523228741370616,0.0005574806017585774,0.5160270946535269,-0.02022665263600722,0.15864480305013762,-0.025276891328590255,0.19232290533834734,0.026236594287327806,0.29614890624170015,0.008723220199466315,0.2038436624211632,-0.01114250916071689,0.13862638564516977,0.00830293141340677,0.1480485838132097,0.026035639372733677,0.18872683771554452,-0.0012604342849283853,0.04551440737916036
2025-03-06,-0.01109436473372124,0.41236930718645604,-0.02154008236047855,0.5146723531293004,-0.02174411032585118,0.17306932641424103,-0.01943471380148562,0.20299494174406219,0.028315278322857972,0.30215690265889295,-0.02628923536726271,0.223399293339665,-0.02028513879852124,0.15344113313616986,0.005477575325692796,0.14919458378106548,-0.003318592646024683,0.18982985812269082,-0.003764433218395501,0.04771053379350246
2025-03-07,-0.03368576680439178,0.4125147206298644,-0.026497327779589692,0.4779496479860906,0.008258046510373053,0.17683356422296492,0.006519638000528732,0.20487949153006194,-0.0026858413301610634,0.3050305298121108,0.020237171475021142,0.23331393301833014,-0.01459278514498942,0.1585913862606722,0.0030985656023346767,0.14880919479228502,-0.0013358783779717426,0.18911928368785583,0.0027526114649185193,0.04849538048423119
2025-03-10,-0.10007120835831515,0.5215720359693898,-0.139768750426466,0.6225427267457124,-0.027974993987812592,0.19630606362817393,-0.01050108344491558,0.19755231053033084,-0.01943938664484385,0.31967058856951863,-0.001319747885836376,0.23161049277994228,0.005633059577955309,0.14336333843297544,-0.004728035664101829,0.1324518943518268,-0.005359087102520275,0.1725627316506124,-0.0006314521993844351,0.04855628091308262
2025-03-11,0.056898358830628604,0.5678271726228148,0.03427455228820657,0.641366753790609,-0.0043712221530327515,0.1890878933460126,0.0018525707620930447,0.1930711250886671,0.0029112411706370958,0.30746108093869534,0.00709695225648064,0.23156328951990493,-0.0020080127977148226,0.14242445531355266,0.0048980725655102635,0.10840943761139826,0.010772076723324166,0.1721757453660426,0.003225424765503789,0.047360672706464046
2025-03-12,0.008551030889703772,0.5704501339865617,-0.007449902716442288,0.6275752750277701,0.0030990390143790405,0.18746254873442375,0.005661880397225904,0.19192856357214036,-0.009283606794892268,0.3082633411977474,-0.006487274594307887,0.2324003422449045,-0.017540418452443914,0.14962021173126555,-0.002994579968978666,0.10799015257636252,0.007178401345010961,0.1715095787998134,-0.0017759289261115956,0.04730539219187219
2025-03-13,-0.03062388160407772,0.5752706888928254,-0.022788802276485783,0.6251828173163883,-0.012378480649630434,0.18625648929609034,-0.0123536998635541,0.19524535373192317,-0.004394640601229976,0.3081812660513945,0.013961470414840266,0.23093240134698062,-0.00828493905604942,0.1423636624242325,-0.0016575355179951313,0.10798348458217295,0.016871670736469092,0.17906574058684305,0.0016098861568337476,0.046924712567751055
2025-03-17,0.03183647439177943,0.5910491780546522,0.029185484369203533,0.6453181777448612,0.022829891660495774,0.20883168557016205,0.019671308714697924,0.20970344292790954,0.024522559673055604,0.31381333501115266,0.026009105361598145,0.23931999110649715,0.009071771658566659,0.1483850125107068,0.00035955706802129464,0.10771739635988266,0.0006384095580156678,0.17827712483407102,-0.004608649267307054,0.04826896787590869
2025-03-18,-0.01653421168238514,0.5891696109352403,0.002611024926980316,0.6401138290707868,-0.01097072107451042,0.2077734371002359,-0.008622783723074203,0.20730397076709645,0.02377203839406541,0.3173055924283685,-0.00632520175686077,0.2365029216824433,-0.008239467501475365,0.14819385416893258,0.01409964918247046,0.11974235611385228,0.011372062405144743,0.17492003650559684,-0.0002600540001907626,0.04823464730395777
2025-03-19,0.04486500878055634,0.6156108239173024,0.05885281892592424,0.6891682479647129,0.006817737500448971,0.21073564861533062,0.01097468973710957,0.21230293579768592,-0.0027652007326530665,0.3129152438865771,0.002851631849626771,0.23625657066092634,-0.004752806597315772,0.14785043281830393,-0.0007179801787257961,0.11129332934263324,-0.0036593869986035416,0.17568139595676496,-0.00392287067250474,0.04981490159561986
2025-03-20,-0.03419038003363173,0.6192220406668657,-0.04022032788982424,0.6664603766226599,-0.004951747929104038,0.20934098613400787,-0.0017607622326398682,0.20747702649474467,-0.025240111007731693,0.32815538282424744,-0.011186773794992671,0.2155664520502145,0.008284431793224042,0.15475378196046072,0.009516016448343477,0.11272194815268093,-0.0014148377445372823,0.1719128305727822,-0.002764464415321099,0.04314382222713111
2025-03-21,-0.0014853628474589837,0.6192933434864022,-0.008753739466697816,0.66646771442354,0.0008127373966633388,0.20329744992282445,-0.0034190624700916783,0.20543373707367416,-0.021800801214163657,0.3401298990218858,0.007497164608036451,0.21632979405779762,0.01104770297919512,0.16149616389714458,0.006853358065147274,0.11516986422766343,-0.007208480604882071,0.17377005089453842,-1.1576211168989332e-05,0.043007563950991784
2025-03-24,0.03624325218826615,0.6354663862738397,0.051688813658635854,0.697453372503938,0.013440441076519613,0.2119328695271353,0.009997614213263993,0.2007257553004513,0.005074747934352835,0.32083682315934325,-0.0020501402333343455,0.19821245527142214,-0.0008589394531361046,0.1618094778530289,0.009050294282880698,0.1166231049407998,-0.005742805556461354,0.16444464649031015,-0.00405167605211957,0.04481377677020745
2025-03-25,-0.005615443325545873,0.6335250067792421,-0.009991642565157874,0.6971302856899574,-0.003731313466302038,0.21048239253132228,-0.00506524292666103,0.19948425385817445,-0.028941257379134985,0.3339710760374272,0.005798446857250653,0.1976427557120194,-0.004215570182802351,0.15768227768711862,-0.004869106427209543,0.11836370225530311,-0.0017926595786950193,0.15407853813255798,-0.0053044089569557655,0.04745386615437831
2025-03-26,-0.005865728982747428,0.6306021263782026,-0.02805515677787622,0.6898611485043306,-0.010538212303476334,0.21050190433431684,-0.009399025212274634,0.20162928119851642,0.006852644125199464,0.3347333916903953,-0.0067928326283988325,0.19294477430203855,0.004102864974149819,0.159271330256784,-0.007029302698465493,0.12138019920721191,-0.0002450349364029985,0.1532489880380039,0.0006814280541217857,0.04755617821364289
2025-03-27,0.009056332986087318,0.6274610562370067,0.0024766990127498643,0.6874229306161892,0.002570363475718751,0.21179014933769083,0.007423014838676271,0.20389008687715332,0.009940465640271913,0.330851600031378,0.016758776820806766,0.19920218623773375,0.005616279674165209,0.15970422280833654,0.010347670085816373,0.12597944996998076,0.018808313924755064,0.16428245838280361,0.005882824482851158,0.05276832084986567
2025-03-28,-0.03759220554093533,0.632704190241999,-0.05950363582923432,0.7014161237535859,-0.024597241167459812,0.2146839488266195,-0.01989060048677242,0.19861259710602922,-0.011087176647297444,0.31159404572310706,-0.013061172169326504,0.2002347389372261,-0.005348944035584291,0.14961407310666594,-0.007744689088273343,0.12373432080275074,0.0038948654614918217,0.16236052681830532,-0.004662640040606253,0.052558284085471696
2025-04-01,0.006977306314069292,0.6146641263450656,0.0026056599796658417,0.6895472332380393,0.00664724949158313,0.2178082971578263,0.014158039919755075,0.20478111851687514,-0.01165084535095023,0.3135162935577483,-0.015542261582051334,0.20665879416853072,-0.00027116911657706666,0.14599987671402753,-0.017800862717808723,0.1351728637477972,0.007792485969283581,0.16343024041711973,-0.002650095421274739,0.0528725463094391
2025-04-02,-0.030354418381593102,0.6159158072305342,-0.05790040757562945,0.7054640396075725,0.008365701370875918,0.22163529851675276,0.005666724812343311,0.20350945440889753,0.0017313122770385553,0.31145888618377476,-0.0010174662197838876,0.20097754001040594,-0.004779951624484651,0.146145749197469,0.008828130146763558,0.13807533255685356,0.008370616876586006,0.15514160154769996,0.0016600399413920367,0.052763009062418126
2025-04-03,0.00793361955826585,0.6020655509291979,0.011736937965219898,0.6801766407146129,-0.04912594876277172,0.2727796888543767,-0.04396399886792394,0.2514746291645843,-0.014542942057241836,0.28791106532035193,-0.002996312097727935,0.20134767929399736,-0.005027315558157797,0.13744379862556994,-0.003051413529688014,0.13784487175622387,-0.013277057120275212,0.1644881433599489,0.0004799630662247706,0.04822855119339025
2025-04-07,-0.049080630651453995,0.624011161342362,-0.15623024488590978,0.8432224412502403,-0.06536751322878395,0.33201018051894937,-0.062277129879216915,0.3120607057631235,-0.14478810112791013,0.5656014345599701,-0.014032069190777652,0.205621597896805,-0.024161544834016724,0.15410925965986497,-0.04937262921048323,0.21445259838195288,-0.04961238992322758,0.23879240305270336,-0.0014242567245895386,0.04722793779080104
2025-04-08,-0.03231484158571496,0.5690769688009378,-0.04883056410817423,0.8466405862649604,-0.01002284860102017,0.32942617667192015,-0.009974419060586198,0.3049853765107607,0.02035034005605563,0.5614690790519544,0.00504736538588557,0.2040647605497341,0.0265954614327153,0.1849783450670961,0.022548548064934445,0.22744874090713327,0.011579521098832467,0.2244337603436783,0.005802234676034725,0.05273531210583872
2025-04-09,0.08412399282704683,0.6536785200134911,0.12938659385536924,0.9933995018976767,0.09562986321770227,0.48361510337066793,0.058593715019276925,0.3735534153063182,0.01166489423223244,0.5506668223026799,0.05215609330933561,0.2523702612577326,-0.0063225461841387295,0.17394532274512223,-0.0013493446650052533,0.2265166856359567,0.03398239965608344,0.2524964038612017,0.0047349833846657445,0.054605190392460444
2025-04-11,0.00798642558967741,0.6459928476469609,-0.06441633861193517,1.0082318335233482,-0.01931579981652632,0.4852121208927323,-0.02932577533418819,0.3834873045908395,0.027988530185949663,0.5651859843840955,-0.02460386493015387,0.2628182492148724,-0.009909517193600397,0.1702955341558376,0.016963377045666854,0.23429499468167764,0.05076829680625286,0.30327655153294725,-0.0020255736281925784,0.053797947318226964
2025-04-15,0.0006596259887995692,0.5394429453637035,0.011112479951829513,0.9035592783166335,0.003681517488476416,0.4778049543796724,0.013984471073445259,0.38756048868731036,0.02331967192998628,0.5732308528536083,0.004536009931452277,0.26280596315479005,-0.0029392205640210475,0.16835327305403883,0.019163459416743,0.24256047093820274,-0.0035893313751198014,0.30261562939685027,-0.0025025266125658285,0.05425415252602489
2025-04-16,0.0006476916784083222,0.5017853323805784,-0.010352331214108123,0.890313363703885,-0.026367015530719226,0.48494079616100433,0.0020035393597614107,0.38758350538263897,-0.022826861508737854,0.5753787646862005,-0.005730361031696452,0.2632991002063754,-0.006906221137675481,0.169244853508247,0.0009427428942469222,0.24219559259449056,0.02926949300612035,0.3139805638662899,-0.0037037615658166343,0.05345670144517418
2025-04-17,0.008964532540813247,0.501878516609967,0.0015718390201259816,0.8912164203957494,8.63563844322363e-05,0.4845364739439031,-0.004674305222996285,0.38640636454848826,0.015317205868725047,0.5803127585255932,0.005827001616330355,0.2622339669556282,0.0009664531901617111,0.15990406685934733,0.016289341154280722,0.24729504466112973,-0.006635044729233619,0.31664516446283714,-0.0012396022393404425,0.05337769934858615
2025-04-22,0.09050988704927487,0.5788914728333974,0.09935430589759857,0.9660830885376641,-0.00444852843536101,0.4835125436338922,-0.0025720266272669717,0.3849857790984659,0.002074851370204071,0.5809138592384159,-0.009136395141797853,0.2609036885753962,-0.013370560368043303,0.16364824094243674,0.007739164896875763,0.24770029066066576,0.022049531952906175,0.3196324884996753,-0.005405832226793556,0.05478409752394222
2025-04-23,0.003611670484443756,0.5709517002183475,0.022686192368403794,0.9635303801514985,0.017386603169057564,0.4801671986408819,0.008622456762067335,0.37871706297393676,0.024124389943772775,0.5806579935752816,-0.0009275690331038276,0.24408074929136983,0.021209953692286995,0.17827312287640598,0.0075312951253543965,0.24819493447105767,-0.03643322182500966,0.3503523115520804,0.0008627388021779494,0.053769721869572455
2025-04-24,0.005741598306032776,0.5659434371406378,-0.011601990631910166,0.9635049574679072,0.023190212650375967,0.4880096182436766,0.015439424028560024,0.3836056641237083,-0.004143239049559111,0.5710159964365872,0.01796661974164883,0.25131939078711096,0.010850382074575827,0.18064423272701777,-0.00025288915929703586,0.24488960110362143,0.01999155707929872,0.3541217462569263,0.0031335845677929164,0.055568694611550576
2025-04-28,0.009610573353846298,0.5477556319006339,0.01491822745477798,0.9385320985712581,0.006640675187650891,0.487970161720288,0.0012873416223131904,0.3808829733173552,0.0011693702453097836,0.5715144726995136,-0.0013955933796991878,0.251258036082426,-0.0006706369055230161,0.17984526194111664,0.002022098038340225,0.24467963625757705,-0.0011958623809209476,0.3535824319489345,-0.0013459111470514008,0.05443924697225382
2025-04-29,-0.009967237204974846,0.5329260550520974,-0.002453911065920487,0.930806986198713,0.0031517137660262563,0.48814013944175366,-0.002516409850698649,0.38087033917393914,-0.001031320923560469,0.5676243280340266,-0.00767341852115828,0.24951611304034907,-0.00046804334391695423,0.17741822154690517,-0.0023277815504957385,0.2436588718722933,-0.006753414329679408,0.3550511057918963,-0.002633927779530159,0.05437750037458055
2025-04-30,-0.0006988006312317836,0.5328170159958939,-0.002882771048584183,0.9307518580584722,0.0016021636062247943,0.48819532149178685,-0.0014348724163119784,0.38088266465489445,0.005451389165321413,0.5654859979375619,-0.0059062951842556895,0.2491039341353054,0.013524844904315818,0.17959663577872978,5.135369090577363e-05,0.24296412709063397,-0.004043546862636675,0.3540133311021374,0.0001232663542911477,0.05439955969253177
2025-05-02,0.02270364124257819,0.5247492967913483,0.021331620231532455,0.9132372795197994,0.015316545735630759,0.48896053920957894,0.0034530865551014004,0.3788315056034709,0.011466651620782637,0.5672089969369708,0.005022863439382855,0.24962219257379425,0.008101281729397156,0.18179676747344695,-0.0050684426273571535,0.24222420758039526,-0.027948295023823216,0.36947632645907275,-0.005581991089934035,0.055845395844715595
2025-05-06,-0.006745563252976791,0.5250286738556786,-0.02073718066861398,0.914522972626934,-0.01975973554877747,0.4930618222486247,-0.009684658230595037,0.3795047561750465,0.0004988037988813694,0.5598173655762864,-0.016061094101169363,0.25488018722234684,-0.027817134759177277,0.20598051750386537,-0.004284286877990569,0.2420648590589585,0.048417862987363856,0.40147838064910507,-0.005634703241067112,0.05619764696056662
2025-05-07,0.00914491778499849,0.5240159264665387,0.0048538098483907844,0.912052125597609,0.011110312067484673,0.49412645449309806,0.010407651789498698,0.38155871107216627,0.008214462166376163,0.5601174358274437,0.01053873178748153,0.25684032520285793,0.0030847352091752226,0.20570450952318373,0.00819981111086769,0.24170713018556161,-0.0020595655971078217,0.40182664580062805,0.006773373960774304,0.061814811409499265
2025-05-08,0.06230942952427573,0.56064940545825,0.1974830892026911,1.1518478641159502,0.006066047137995841,0.4946040045040658,0.008663467765919322,0.3819750609330252,0.004893914632183639,0.5590079011081212,0.02685617569528079,0.26731550542643806,0.0130302235626893,0.21019935477977184,-0.005492500597801868,0.24054339524473908,-0.025115106111336823,0.41139556431000474,0.00028302599053029544,0.05748327819729583
2025-05-09,0.012179722252567107,0.5363734653177424,0.07589182722718557,1.153415821349091,0.014092560113975399,0.48943703748733386,0.025404271791643406,0.38757469129530675,0.020923770635726133,0.5637663217691008,0.002303808457620133,0.2627763123474257,0.02619505655553017,0.2286361495218398,0.003793790820137148,0.2387874400650502,0.02650521323702861,0.41950821026039764,0.01480429424885174,0.07690217222021789
2025-05-12,-0.009393935829088151,0.5404079417476096,0.0544877229012796,1.162984463143902,0.024180646243410844,0.49576625383787376,-0.0010372327314934235,0.38416985070512694,0.02179547851077204,0.5676538506357867,-0.009855447853121892,0.25892075095237466,-0.012000585546717336,0.23302353999745518,0.029612809751057175,0.24758967756770536,-0.04307055380391195,0.4495025632887871,-0.007859330433609786,0.08133665247211945
2025-05-13,0.007915343977279863,0.521275263977479,0.06582070337656529,1.147038651817492,0.0020263711900020223,0.495181344674043,0.0017150656039841671,0.38359285795609094,-0.022328833620035016,0.5731684213756522,0.016042868964269496,0.2635568333889221,0.006788622650507195,0.23320581602766632,-0.019188977907443432,0.25869722253661304,0.0010888857928536915,0.4488044900685033,-0.005195687830243945,0.08298860937058809
2025-05-14,-0.004957203701807054,0.5240594396781082,-0.025377894031312093,1.1570477338216525,0.0021367151798752796,0.4598333577327609,0.0010352132126284534,0.35007738176251246,0.024640612573018465,0.5771269744571073,-0.01508411735892187,0.2698596936081875,-0.013307743874099262,0.23761942614393824,0.004709145478843657,0.25813966220274515,-0.017231788455691354,0.45061052364545867,0.0011128239375993324,0.08309818252058011
2025-05-15,0.006991062165681134,0.47821212690270626,-0.019503510730487984,0.9830484498933308,0.009134730867315935,0.38481935737081396,0.01632604372767986,0.26604464491301794,-0.0021131168672764086,0.22770615689851167,0.017983547834055643,0.2691177606753191,0.01396310844542126,0.22387769512233308,0.020905362895170174,0.1845537745646547,0.017288304716314998,0.4141426045666247,0.005010913428558122,0.08499845646172265
2025-05-16,-0.002964013679967067,0.45348414890632033,-0.004654273650984074,0.953583513967197,0.006481216806784261,0.37961293923769446,0.0006293205637965571,0.26099527825971014,-0.004861062568383846,0.2274540995144823,0.006361615639880632,0.2692678301385159,0.008640122764523904,0.20747623187362868,-0.002188819187736618,0.17602166149200835,-0.012588414719601853,0.41712119907638695,-0.0004996325613160162,0.08231753615644125
2025-05-20,0.030553967499550694,0.381708096979661,-0.005644231039497504,0.8802546872987244,-0.0038644180105879937,0.20896214069190838,0.002522729803095173,0.17572800959828908,0.015478147223704945,0.22882658518494836,-0.0007414228598545536,0.20236576993590183,-0.00868153639094871,0.20876164064698197,-0.014368688065586006,0.1870504224382404,0.02957259609076647,0.4132539983715162,-0.0008523705070636375,0.08024079321242102
2025-05-21,0.028594231133024114,0.385863841061694,0.013019048230178779,0.8268969674042962,-0.014347542631610487,0.20275756182473298,-0.00983709845145862,0.14009537543637707,0.008998128347175161,0.21613553104226862,-0.01008638453526816,0.18492032643827544,0.011749081838728952,0.20740033700293978,0.0071537649508874555,0.18151273094778914,0.010720981538851274,0.37628507052628135,0.0019191766361482273,0.08051427279776599
2025-05-22,0.0187782585116332,0.3838760685283759,0.043624579011225496,0.8287623275950555,0.00030532454684719816,0.20309643933959415,-0.002170056485843295,0.13642246641333947,-0.011213764504546156,0.21485515424288526,-0.007664848666004282,0.18718641944514375,-0.0049074103957871896,0.20815821897396314,-0.007494876397465633,0.17606373635319908,-0.0043999833409659374,0.3764165357780364,0.0007502945692685151,0.08023276814125416
2025-05-23,-0.03569600783855811,0.4183102189591592,-0.04870917669615199,0.859108431930612,-0.002364345091036517,0.17343078030073972,0.005169651003177443,0.13656376548723292,0.006750465335484885,0.19031685011548602,0.020959585943725278,0.19782775480831005,0.009454881019237443,0.20667240534720993,0.014210432873884656,0.18071327906497883,0.025791989004401196,0.37328579173379084,0.0043665545004364726,0.08072034274919068
2025-05-27,0.006239153164715687,0.4186469902415748,0.04312293440245334,0.8583838515446713,0.010707935662813141,0.17379439564135873,-0.003482716250430139,0.13576043415784828,-0.0177653025585848,0.20393771380901707,-0.0058785854562525604,0.1992434606514256,-0.015021977663420097,0.2160193577841878,-0.010629650266487472,0.17969733591373713,-0.0289067695454925,0.3865118711435817,-0.009544645139371012,0.08735962311641647
2025-05-28,-0.008626773543948358,0.31011043834206475,0.009535316599714025,0.8150221816726241,-0.0032141186266008044,0.17298356237332402,0.008311963013786698,0.13512818080922032,-0.0027395433317475948,0.20531543810617667,-0.007484265761618989,0.19820107643573806,0.006341670387388309,0.20855332972238066,-0.0006023892609599874,0.17845432398350014,0.0007041714699708836,0.377869430411812,0.0023726839498438607,0.08572432055827553
2025-05-29,-0.01994794183307265,0.32371812524326926,-0.018351812018834842,0.8258021553535391,0.004300757046813299,0.16724751961930143,0.000491783452764757,0.13437006951551153,0.013254261875101767,0.1952296982200322,0.0068043091651215065,0.19872848933928555,0.005237363228807253,0.1983975765301035,0.003570702909287942,0.17722149213917357,0.007407301726894833,0.3565937451350789,0.00029758617618157765,0.08568435386339804
2025-05-30,-0.015964776363616623,0.3323829779814103,-0.040083951163193195,0.8444770633896801,-0.0003693899329997536,0.15363479559480303,-0.004926610652555596,0.12975531938041263,-0.011548759297671959,0.200582223723387,-0.015383219862541993,0.19864873059381535,-0.0005623797970212037,0.19632817854138115,-0.003632020782824478,0.1779229082700535,-0.008826005476793776,0.3508515469206526,-0.0002882014760045739,0.08496760882999113
2025-06-02,0.019851420529322986,0.3361361671572759,0.03194822165883587,0.8460231213736924,0.006001384690377441,0.1534856046991668,0.004271243531842236,0.12984559830082934,-0.003639911185896281,0.20192239973234974,0.009938796399940497,0.20117889585247076,-0.00010585514231604202,0.1962399426813001,0.0005290601941893951,0.17787968933779208,0.026445399558702894,0.36320511925418386,0.0019077331997515278,0.0851029360527866
2025-06-03,-0.006129777683574535,0.33420419426251896,-0.007193490278359024,0.8476069950457423,0.0039039539077243383,0.15348858504294907,-0.0015856080343554751,0.12942837157950085,0.013631920204388128,0.2045135032846323,-0.004842478528342156,0.199875918788194,-0.004175914407580997,0.1972592572181322,-0.008948337915809226,0.18081544173998282,-0.007950347687624457,0.3635347616078473,-0.0018795796276445448,0.08483980050804191
2025-06-04,-0.002631527299680274,0.33471781665099765,0.009941155901719366,0.8448767384320254,0.004108241633069363,0.15334410822364056,0.0006480519929176133,0.12881331555448988,0.010107609499075092,0.20562046342432322,-0.006046676741768882,0.1999388080376185,0.017850242113666856,0.20100932718595943,0.007195460771896846,0.18227183413981787,0.010965307000933587,0.36485446551034517,0.004034556888350082,0.0859204452020504
2025-06-05,-0.028320555771129016,0.3477861373002888,-0.0743215087000162,0.9032730121961381,-0.003014181902790061,0.14880220696280083,0.00016122975440112144,0.12906957375281222,0.012732758933224996,0.20624395046644534,-0.0043412360646663106,0.20027137601125056,-0.0018586258894394323,0.20021480705677216,0.0075718313799981755,0.18235437174952532,-0.004504340349196089,0.3499263196368913,0.002277176075908253,0.0834183204174568
2025-06-06,0.027019548692877104,0.3555525895881428,0.02458449290422273,0.8951862802518856,0.009917391843794896,0.12602066981458782,0.0020719003666907964,0.12124411041497167,-0.004795258143330286,0.20820867350584438,-0.009764464299429898,0.19475035463772558,-0.006080308582916672,0.17214633078645844,0.009825176529235417,0.1833037375916182,-0.008702378297740994,0.30879065249588267,-0.0003108043715817287,0.08032645946359199
2025-06-10,0.05326307711432646,0.39359264289117335,0.12589283231921486,0.9715804977472818,0.004971663109060501,0.12352242353785901,0.000831513193791014,0.1184632061791712,0.014197405988366654,0.21081163621999474,-0.003919220401073503,0.19223445773486647,0.005778617626513491,0.1724848146792375,0.0026234312214582123,0.18199027673592083,-0.0019577642305926824,0.30878365644120204,-0.0014158746189778192,0.07778638732316091
2025-06-11,-0.015551471526945146,0.3440916481099625,-0.015518966967864263,0.7374241066377569,-0.0039517432355062445,0.1261204313208617,0.0002574131618816107,0.11663287325451857,0.0072404594827457855,0.21107753555833403,0.006568681751309282,0.16826443164759416,-0.002028873849415054,0.169060682992717,0.00027466786442798566,0.1801398617857101,-0.00108359678678005,0.29540309433722006,-0.0012040829172189325,0.07801796021411367
2025-06-12,-0.02783796934498304,0.35815142831115704,-0.0470225943092793,0.7247059524277693,0.0016763305720253275,0.12002876786112951,0.0011185209568258204,0.08060697679452639,-0.015735901246842172,0.21273242414885488,-0.0037861850110176747,0.1682294830209017,-0.002570625407144267,0.14496883297524663,-0.012260943620772643,0.18674577665613654,0.01564682760288335,0.28574497721273084,-0.002138802499651145,0.058395353176540286
2025-06-13,0.004081680284755016,0.35625685259676515,-0.02509231186161326,0.7091987194419795,-0.008806335499738744,0.09843054777693235,-0.006716571479121651,0.08477314255195373,-0.0033621609042336345,0.2015059766231171,-0.0014436122332603604,0.16512184050469944,-0.002351877967158398,0.13801200123045437,-0.00428345020496781,0.1566550607884294,0.01732245572483348,0.24372978450667304,0.0025543330903643386,0.05232674895377912
2025-06-16,0.01315395090311562,0.3578761044199469,-0.008664648655259016,0.6702322744588555,0.015872127374230747,0.11076277766541427,0.00802278705685476,0.0883688996451895,0.013581143684952024,0.18631297761598978,0.021591676676655465,0.1730797124338051,0.010938911068587097,0.14086779780352038,0.015700855143586216,0.14995854620856458,-0.0036707173736653114,0.24479991124351724,0.006523304226041654,0.052968660551512656
2025-06-17,-0.022455887170525518,0.36711512838428845,-0.013498701292614258,0.6662252293880905,-0.010069810532354923,0.11823267600581937,-0.003406391939113041,0.08974028321023143,-0.004990757090050337,0.1705394788593403,-0.01339628554567871,0.17135305633341358,-0.004205006431897609,0.13219782943578443,-0.005421502778651784,0.15126112302549377,-0.004572072113734826,0.23539394469064723,-0.001682550808711779,0.0535849888852549
2025-06-18,0.005692008431122408,0.3668784887438853,0.008375981664376883,0.6636040982006176,0.002688380892539788,0.11491521548056037,0.011699478049244722,0.08068832539277908,-0.008309045363778413,0.17355466243358833,0.0025119774628494834,0.1585495358623625,0.0066184933288663955,0.12597179251554652,0.0013325428505485584,0.13277507452202278,0.003942108848326676,0.23006452689975462,0.0029976689272606435,0.051915651745815944
2025-06-20,-0.012561391781493245,0.36968231268027796,-0.044900004602625686,0.6816080997176956,0.0003758245131292676,0.1131768831939526,0.0010776712139484881,0.0807003823877631,-0.005085192700828959,0.17365639654659318,-0.009598089962147904,0.15890914410204912,-0.0018464577507926192,0.12362652448762616,0.014589169586753395,0.14169905060000723,-0.0038652611323577754,0.2245736164796792,0.0025568597287169434,0.05226377745987177
2025-06-23,0.021677104234284116,0.36179870401457803,0.005973390208617555,0.6819823355605992,0.009520209134980334,0.11583261479233116,0.007362976167368815,0.08376751065173711,0.006695784710016637,0.16714918179619484,0.000990226595648477,0.15915576274072119,0.0028619169861512687,0.11868444609637806,-0.0056510011947921756,0.13287903888347477,0.0028057279575814647,0.20330867596572813,-4.044593627940271e-05,0.05204874944639524
2025-06-24,0.000402284431192845,0.3467133996860021,0.006734241956085493,0.6806656933933094,0.007040983649564141,0.10222295120670938,-0.0007030667341598689,0.07444164657968781,0.016374104549719957,0.17350755968845166,-0.004000720138418867,0.1564557903766845,0.0006342987020155468,0.11266163401707113,-0.0011223157250643224,0.13130711514531013,-0.022033020854205866,0.2169368956116979,-0.004019344967394373,0.05426972454446528
2025-06-25,0.008516645624596147,0.3410323405559314,-0.015605697932293444,0.6617404672840969,-0.0038165297723061005,0.10424504459684851,-0.009675285674550331,0.0829738048212751,0.008443743855838338,0.1690805566660702,-0.011058759493870848,0.15861084020748917,-0.0061863680097936444,0.1135831577904709,0.004156732055439903,0.12816811940630082,-0.000893474771272009,0.21627744520751385,-0.003813243663956391,0.05615394359826346
2025-06-26,-0.00256590254260184,0.31795726100911725,-0.00012993679096592862,0.6418746650017225,0.009166684690201333,0.10557589302654312,0.007080016597541082,0.08443446251084645,-0.005085587409840201,0.1699869792536108,0.019652302426648154,0.156326213170553,-0.003968850545733782,0.11030276016468263,0.01315851728743612,0.1268869327192637,0.003100273688759753,0.19644144528005958,0.001178553657684594,0.054203424481154255
2025-06-27,-0.0027576093515011965,0.31721360551088457,-0.0007674502619681723,0.6205578022396917,0.0012477838770484175,0.10156111886070683,-0.011229106888959069,0.0934990990537175,-0.005596187569041631,0.15728903378068357,-0.020412552699088076,0.16897405878122546,-0.011795385692991012,0.10511743898497822,-0.00048793690802829346,0.11948823229111433,-0.022059589652163793,0.18502673755380242,-0.00395761537910165,0.04434339279602922
2025-06-30,-0.002029306266160779,0.3159194769262945,0.02303036396085432,0.6260573954279393,0.002683912966869414,0.09958839066545908,0.006491130020432459,0.0918346639156503,-0.01118685908464708,0.16321523697454315,0.012198038524629808,0.17495369494563204,0.002828817961913104,0.10330684731401303,-0.007188193150449989,0.1232847617131489,0.003835974306105996,0.18551240350101864,-0.0024672245392595668,0.044638586809389695
2025-07-02,0.018155278198992472,0.3135384677958547,0.035755356136556365,0.6378906074136226,0.005806443187978113,0.10005831837622292,-5.466613766420239e-05,0.09186493479336141,0.008146051365466735,0.15960105045990658,1.8101424941908066e-05,0.17254543292291707,0.0010488010838704018,0.10176056577642713,-0.0003058161040117937,0.12319630186642078,0.018330850970314363,0.1945971209199094,0.0021917259913664913,0.045247520404064163
2025-07-03,0.007817432600396565,0.3075445421792066,0.008220155186999294,0.6223367925302199,0.008903199021817583,0.10171357513473073,0.0025050857654943626,0.08980622109068497,-0.005414500624251178,0.15461113455884334,0.008054178942120047,0.16807428784709047,0.0004086809695981576,0.10174382893944806,-0.0012926794673628538,0.12227530540186533,-0.004311633424909948,0.19246304708588774,0.0005988208111535792,0.0452453308158006
2025-07-07,-0.01468211227635861,0.3065488137055187,-0.021007932250678686,0.6165090834666338,-0.010204242681316951,0.11088394295877152,-0.001637319967301283,0.08939544159046779,-0.00990548342102568,0.15885760092398454,-0.013857898890977228,0.16961047458141526,0.001669663374867006,0.10188756723333163,-0.0001090360069993148,0.1223543904044149,-0.0021308411088268083,0.1684432467564099,-0.002310874577072857,0.04558057789269937
2025-07-08,0.010605363801494473,0.30708456820797525,0.032725429435621685,0.6270384607806228,0.0039014328033358746,0.11088347998689527,0.0048365343885027135,0.0901082909333653,0.015452921217432615,0.16072290485949997,0.01580015240458557,0.1795165565723103,0.01177958232614614,0.10811387144682377,0.007018309118260349,0.11775767969936671,-0.00297372180595032,0.16656425398573194,0.00461757605380564,0.0477384330834932
2025-07-09,0.01942471204272269,0.312480450346672,0.05551894114685648,0.6547664238025647,0.003892269544620752,0.11084128908775967,0.0006256896514088879,0.09010938632223772,-0.012819335002744433,0.16498978539400536,-0.02292664653205293,0.19475381609812087,-0.0110623609274503,0.09691064829620853,-0.003971206861782631,0.11809208740043642,-0.000761481460157016,0.16142376660089908,-0.00215153323215886,0.046422249547085494
2025-07-10,0.04102495806482106,0.3174575161773082,0.06433117761353431,0.6242604935221239,0.0027553484193202343,0.10916066151111632,0.005223519684960408,0.09122458506600693,0.005711416261074877,0.16015442709402553,0.01924193611706014,0.20713223193744165,0.00417791784759186,0.09805209822272261,-0.004742025898474252,0.11798488316179778,0.0017627357269549527,0.1611116780722773,1.2907346394465798e-05,0.04567897778772804
2025-07-11,0.013409860091745891,0.30962031796191786,0.0013354229207382172,0.6223615962447488,-0.0029961820387791028,0.10733123172396954,-0.003900406101642053,0.09285953489595543,0.004898512344300867,0.15988838763968938,-0.012892148885218715,0.20919482293032635,-0.009602717012566785,0.10143301824108064,-0.00782710267074577,0.11726790931803109,0.011875264187188247,0.16379413978064672,0.0003067897344468147,0.04569462917101311
2025-07-14,0.020663898162099736,0.2634958485809121,0.019586142081770227,0.4561810956169048,0.002414776160629745,0.10678413819093276,0.009511686520329346,0.09748119582717535,0.003649589913099209,0.15262158958951086,0.0018159700724121744,0.20895968126212786,0.0022943401982160674,0.09948979214367358,-0.0016811157051862579,0.11709476906605878,-0.0003334299593914486,0.16359660194761239,0.0010083518296928697,0.04557261311460989
2025-07-15,-0.0157312989499768,0.26366473090767795,0.04284755023973172,0.4704209703408277,-0.002251558157857275,0.10578513311061441,-0.0021137850497832266,0.09816179832193118,0.017590423356443386,0.16258441825157605,0.004056722528309552,0.20810862878833603,0.013762464648333101,0.11081292610103013,0.006227482628776078,0.11907321769885292,-0.004783163115464017,0.16453939168115916,0.0017125869078152805,0.04569225669971005
2025-07-16,0.00841638383783116,0.2370738055091948,0.0714594411500592,0.4808239293607407,0.003475888412266106,0.10592179104786184,0.0047896059930579975,0.09892359195592412,-0.0026736702814855228,0.15197631534160638,-0.0042486029441493175,0.20821085017909866,-0.0037428253889118363,0.11126352536169455,0.0009320607381265818,0.10999241576401689,0.007081399267982312,0.15697240401836896,0.0002873198868819221,0.04491041048094932
2025-07-17,0.003376962471961878,0.2371479712506391,0.029492504650873996,0.46508274930885546,0.004103811167987183,0.09853927777253894,0.005344024208988603,0.09517819633199526,-0.002010328251092891,0.1515316147419227,0.0019486417180540837,0.20832334209495565,0.0067992909570326445,0.11311644585692217,-0.0052537685817819315,0.11061884837159205,-0.004961129348024979,0.14425437182438955,-0.001255569072024,0.04442741838337259
2025-07-18,-0.008967890946188342,0.24073308953675948,0.022438966869358017,0.45813986494542625,0.0017858443689890574,0.08589701129294564,0.0026092600072910553,0.09267123152281352,0.01495824334417551,0.1530049116885069,-0.01795702745395362,0.20108415499395846,0.01958299767367087,0.1262365753352738,-0.0038365106459454005,0.09752081354463979,0.005731026258193387,0.14587003579288438,0.0018763346717973436,0.03849438040594856
2025-07-21,-0.0036025035216898558,0.22213647839335146,0.059830529746442096,0.46932624970308373,0.0025839813438440994,0.07399239230947272,0.000428972179338263,0.09092605895965285,0.007923988009814573,0.1527767255061457,0.012717075351269242,0.20293568982751115,-0.01116946820862365,0.13206080263104547,0.006072011760685154,0.09770160256996883,0.01566442721549948,0.15566028988751102,0.0011858243381710689,0.038301790387033914
2025-07-22,0.022071820119914917,0.22940798158129963,-0.0032453044549615034,0.4744324777986457,0.0011792626925948254,0.07413559527572652,-0.0012426414757733704,0.0841860538410333,0.006099082288813347,0.14863705342507494,-0.002696402268343383,0.20264883503019515,-0.000871870704672162,0.13038287889568914,-0.000646416000829986,0.09772377098726924,0.011446735836918657,0.16001950480916904,0.0005419341959280832,0.03681581834006893
2025-07-23,-0.008681550388255967,0.22574952064180048,-0.030667196564676705,0.4524268703076445,0.00949128930547011,0.07755917325637454,-0.0016337346517186293,0.08479858927804357,0.01785856914694403,0.15467186643283443,0.01131084357941137,0.20453962408221876,0.004531901805762234,0.13089277085988735,0.00803425985345217,0.08785715270976735,-0.011490455932726582,0.16480693270357616,0.001709757159767055,0.03615884265569484
2025-07-24,-0.002616586169024924,0.2208051325734557,0.0219903828884914,0.4498227170279862,0.0013451965357988045,0.07383394168362999,-0.001168445610935619,0.08205656447405578,0.005656937990076977,0.15446575206537141,-0.019517694401028983,0.215212267351651,-0.010030839726250403,0.1356984439223,-0.005629435118359882,0.08783948616674551,-0.006182006119127498,0.16597614330203547,0.000647216538865652,0.03625928418499682
2025-07-25,-0.005838610365833848,0.2236060802050169,0.005546744268022133,0.4502886793373867,0.004332141406188645,0.07231566691448377,0.0076870769199892984,0.08524902345567649,-0.010497203414863293,0.1547711220827352,-0.001106600745873481,0.21495133505667996,-0.003492352972340824,0.13622718190623392,-0.008656562024103176,0.09286363222116167,-0.010670961518813346,0.1511434975759049,0.00036569040450808925,0.033352325489495405
2025-07-28,0.0033269639532640463,0.22331425248726286,0.016888047416050857,0.43147403651963084,0.0010535308760030873,0.06895462791405067,0.0021328863318896296,0.0755957562127274,0.0076473843190617,0.15440591919565863,-0.0014707909090380437,0.21181064351688544,0.008098548028708736,0.13722853203076443,-0.005428107446019037,0.09302009216396637,-0.00661981731914482,0.15302543584249872,0.000876688404736685,0.030212388339896406
2025-07-29,0.0031138451123781143,0.22181513175534984,0.004724182447736934,0.42870188451664804,0.0001697576184592081,0.06510012306000308,0.010376595822243857,0.07930794578658325,0.0016176181614235812,0.15203907492819208,0.011515516215273722,0.20378490883866981,0.011404837451544539,0.1411481359554412,0.00879798899618558,0.08575127816555889,0.007445635111740259,0.1548378986425235,0.003133587815926033,0.03162836863275156
2025-07-30,0.0025140914709245745,0.22021666479889568,0.007165656377575837,0.42427314119965837,0.002035539504042587,0.0650158996319113,-2.3446727048690812e-05,0.0639796599265286,-0.01036948714468297,0.1561715402291224,0.010326816638288694,0.19425251738695795,0.010874804643539508,0.13648185865229456,0.004652653932798385,0.087922656906049,-0.005053627048233203,0.13368338835389432,0.0032857534425520135,0.028808556165328018
2025-07-31,-0.010295381854721076,0.225492187163725,-0.02226039844143255,0.4514100463595038,0.0037523820662735195,0.06521856186541644,0.007137107735999188,0.06453450149472174,-0.008745854184009947,0.15368674137232752,0.0009662997496477263,0.18963523045112166,0.016099251837844584,0.1445739487741123,0.003959674141407834,0.08602773460811648,0.006664820318077962,0.13477013325359904,0.0074540441126480245,0.034665693584958926
2025-08-01,-0.023857809315913824,0.24088315875753205,-0.06057989058395239,0.526495634679467,-0.018692070039104974,0.09627152548774169,-0.009094124446139079,0.07560168286771088,-0.013268797656234451,0.1616610887205694,-0.003158162280920233,0.18996137054409307,-0.009054907397994973,0.15039321912100204,-0.010800397995477377,0.09357815961415056,0.013843123823339337,0.1283362083956949,-0.0025706828535352636,0.03687779133715142
2025-08-05,0.011827931492698566,0.2423052453321493,0.0394063023966284,0.5320864051147886,0.014365797869338125,0.1034451721135708,0.018302129491827406,0.09435978666922451,0.02049937534901769,0.17210299398437715,-0.008530882066445148,0.18968012093883077,0.009958573217581354,0.15234739239775574,0.008027716065300264,0.09825623373762142,0.014770061726639607,0.13520284132529659,0.0046059371583855495,0.03886573696745268
2025-08-06,0.005798785780508988,0.23357622520233462,0.01780542923506111,0.5138031742135545,0.00531715866988224,0.09523584464368563,0.010901419042261924,0.09694061056264745,-0.0015417074696930412,0.16666198906828886,0.009679118971196264,0.18690636710467565,0.006662909413534884,0.15279879911604632,-0.004999959684282493,0.09963061182861431,-0.0025003069153512586,0.1353483059026864,-0.001938363549970378,0.038460248403934055
2025-08-07,0.021685379092769352,0.24051819283137013,0.06111457667682917,0.5325175148928444,-0.00034877905019042036,0.09535860829036093,-0.00757359029438829,0.103857511296464,0.007239138096686379,0.16141229162365006,0.0070859949777867665,0.1800736930418744,-0.005139623940744801,0.1520542779630914,0.001341881324476502,0.09613824740832419,0.006436987010384891,0.1350017636126377,0.00044901912163753104,0.03648652830046826
2025-08-08,-0.01066123260122423,0.23976682535443708,0.020351187863755078,0.5168538232585361,0.004010226411898646,0.09539062974137155,-0.004340687457390908,0.10654398368566333,-0.012692542382168454,0.16125792812620715,-0.016477679620473137,0.17096614217936612,-0.010428895341792555,0.15136266789338773,-0.013271237197571352,0.10506654999714583,0.007586931855486725,0.13567267984063494,-0.0037592284044907086,0.03861363274139613
2025-08-11,0.017984239010400478,0.20467127568448262,0.05336110354782214,0.5058914096881659,-0.00187727732743547,0.09621309200335072,0.002694105987773584,0.10610082738163493,0.0025943002977891413,0.1609187021660239,0.0018130322052142293,0.15645436317391184,0.006127551154769967,0.15179883107507977,0.009690623752441653,0.11064428709091773,-0.024694526375495744,0.1657227005894047,0.0006299910664497425,0.03848402674502925
2025-08-12,0.014079378617754483,0.20515033347337494,0.08460878794075702,0.5514617252434257,0.013293527279963371,0.10257782969463228,0.008784128098502242,0.10567768915997568,0.004543167900751362,0.1608618766516425,0.020602396084912076,0.16629632522951027,0.0065822170241064785,0.14576318920081874,-0.0019678826966861825,0.10756771504065554,0.0007585525490497592,0.1613604932271526,0.002011968204792503,0.03856214491767349
2025-08-13,0.025259843157740988,0.2109202854132278,0.03459722521172961,0.5530853005760934,0.0024386012314855095,0.10257774721179189,0.0014949589604076178,0.10309403644039103,0.024512034341120637,0.17780393631472532,-0.017303553599652022,0.17774882519201382,-0.009212420108062886,0.15205642529772698,0.004587715590664868,0.10867466031426583,0.0021358031099192763,0.16133799707776486,-0.0007862721525607736,0.039089882679319204
2025-08-14,-0.04291400295887521,0.25638861395159684,-0.04640435778607935,0.5968234198156264,-0.0013605148386525714,0.10210793014733367,-0.00570405897547968,0.1058932605464903,-0.005249491084837914,0.1727961667364624,-0.00594119796956024,0.17823222544958814,0.00026415731766118674,0.14681631691479133,-0.001178239340124071,0.10640684256279309,-0.008684906581439972,0.16367281924063615,-0.001663559717206862,0.04002498971806076
2025-08-18,-0.017246400362602998,0.2624372016126638,-0.052487344889799184,0.6123764491822614,-0.002284182091392199,0.10335476503546727,0.005528468397872993,0.10612773054682263,-0.015917917967538938,0.18361812528491556,0.009482394394045345,0.18091758421613047,0.016238268437643935,0.1530036015228935,0.010641542991572172,0.11290120021652214,-0.0003320372804164383,0.16214743218080666,0.0007179260827084997,0.039981409756386706
2025-08-19,-0.03236101022279764,0.28460888014796243,-0.05951593417013407,0.6573326924625689,-0.00836611912978556,0.10934966853162387,-0.006976744665314201,0.11047065201961913,-0.005248228547161676,0.18483561341996707,-0.017245586846218346,0.19048722199292684,-0.006766536270231299,0.1559906725263188,0.0016691102676816073,0.11122440910499819,-0.007998636549489487,0.16377858724789626,-0.002490790017578409,0.04101062670953356
2025-08-20,0.010235467906854923,0.2863479512864904,0.05963522182583847,0.6796511215152211,-0.004912014332279621,0.1116662149886235,0.00411283830356967,0.11071138500660477,-0.003380413553145114,0.17920662550333696,0.010592537472454406,0.18355402985897784,0.006179297829244813,0.14381507909724317,0.0003168900519390844,0.1100963254888218,0.006536017328538283,0.16413251985734797,-0.0024773837000145317,0.042291121852338985
2025-08-21,-0.01707191167438907,0.29166575206377604,-0.026710466656705456,0.6658223338148562,-0.004711803556833482,0.1134637019658803,0.006105251720168807,0.1114456522651271,-0.0015125897760153275,0.1775319364428967,-0.0070450872081394755,0.179847845282323,0.013443291342050136,0.14119464641675064,0.0006248277261017984,0.10836609473523597,-0.0026456048872153517,0.15470588402172522,-0.0006995838278823745,0.04244813660653705
2025-08-22,0.042021491465380596,0.3189772367185257,0.13768772062672954,0.8055707986307326,0.018229850199381677,0.12827871101000088,0.01499470913101494,0.11895363548563576,0.01267393088440193,0.1815742363381888,0.027735633087948026,0.2040849811160492,-0.000942217361339883,0.14121870291380004,-0.005396398068644855,0.1102134466656046,0.014332863824249857,0.15779234196252773,0.00315756504060232,0.04345272163645519
2025-08-25,-0.05906666771552261,0.3773662027406123,-0.09925886479823791,0.8833607896314165,-0.003855209576291239,0.12648264215024382,-0.010520661260020594,0.127056217167155,0.019820698934585584,0.1840102552786684,-0.007158518745571433,0.20247568825047327,-0.008224677429874917,0.14621390400712653,0.004339032055956636,0.10763343996859638,0.00024252117812488487,0.1524550978085762,0.0004203029633550842,0.043268028940131216
2025-08-26,0.018309050364492888,0.3845636449444886,0.053886518682102647,0.8959042485004147,0.007309400735081243,0.12827934617413417,0.011403692191833818,0.12977790568781797,-0.009065112449594603,0.18624353828802517,-0.0008000185447243136,0.18943496805156876,-0.00034002122698443144,0.1396072477104378,-0.0071100545401009815,0.1087366329499666,0.007561092569076115,0.1525760952367733,0.0031839270249648726,0.04422786639158287
2025-08-28,0.007192423441051568,0.385596221157348,-0.019901557937234034,0.9021469075197276,0.006116214471772958,0.12893618741491966,-0.0017172168160806164,0.12977948727506333,-0.0239034931545977,0.201118401441763,0.025568511510973026,0.20718654232111788,0.000868689989703176,0.13794686675289516,-0.008004806446727115,0.10810504063017456,0.013244370113601805,0.15219465037345692,0.0005763365770033525,0.04421608966400174
2025-08-29,-0.03819260816990155,0.4054491406473933,-0.03393331660559113,0.9141565787743364,-0.007187988858030752,0.1324166062479889,0.0014860866818615262,0.12983836833600026,0.0036514135031266927,0.1995580159414899,0.0010038829176517933,0.2067821238684788,-0.004757852316816865,0.13912660948807606,-0.0037961948318959477,0.10721224886205559,0.011366126694922327,0.15203956717381817,-0.0007692484552382222,0.04448698836745705
2025-09-02,0.03007415295802838,0.42136057994578785,-0.0033438645382065472,0.9148699324591991,-0.0022798015950357777,0.13290820624313196,0.006279330222238313,0.1275544390954835,0.021539306337304866,0.21383764006380765,0.0016320156609415605,0.20417667618582572,-0.007174432537297289,0.13881600249524978,0.010900442049733332,0.10958231379174904,0.026224801823186615,0.17174536800898338,0.004666548465994726,0.045884666751352346
2025-09-03,0.004653544567040234,0.42172257698352644,0.028459561105041692,0.9179119993223851,0.005051826293576,0.13361326461009015,0.007394259307317201,0.128264641058159,-0.0046503833408721666,0.2111449066921406,0.001847974104842374,0.20194074341964635,-0.01249204944628362,0.14246015225192019,0.005460300700492614,0.11003048863843912,0.012229323169638545,0.170953116844793,-3.5286009365421355e-05,0.04492860072135848
2025-09-04,-0.008138948535875939,0.42125569069137875,-0.033820111191255095,0.9235585511195776,0.00916036026476603,0.13623152407209868,0.007177345276112039,0.12828150301060628,-0.011368611292943507,0.21279145851928505,0.005425154276839695,0.20234482383973112,0.006838306736964504,0.13287057309815611,0.0016270876169318133,0.10933132194098527,-0.00680619730999699,0.17524086584045762,0.0008485131618924664,0.0372298490549978
2025-09-05,0.0007044281516928684,0.4136655890728296,0.003276564157524303,0.8902437717322076,-0.0018096873669943992,0.1158920488798165,0.007594465432487571,0.12148030890200669,0.015582057829225953,0.21283942721332957,0.012221316584684219,0.20455211152468364,0.009840684121902888,0.13288535341616942,0.0016312959371439003,0.10190220363779821,0.014565831770687807,0.17577040553317225,0.0013604853029423767,0.03602234011938209
2025-09-08,0.012680638074962907,0.414002778390547,0.0001767030782278046,0.8845031352144865,0.002028932201614787,0.10712892897799034,0.0005109048564405775,0.10955876263557392,0.008151076939856833,0.20326432183240184,-0.011895993084764987,0.20717069216317624,-0.007483756651918993,0.1315252610770389,0.001223802378997093,0.09842113013883616,0.006792969162361719,0.17174680872387504,-7.483224927387662e-05,0.03259162384234934
2025-09-09,-0.007174372930845788,0.413870829235543,-0.0021114996433368354,0.8845685248023456,0.0003480907919275382,0.10634662853666478,-0.003944161560732505,0.10785070839004499,0.008807408138276195,0.20464467409344145,-0.0020688534382139532,0.20597779622898713,-0.014187520360917225,0.13790197716577565,0.0015090704153592808,0.09648800344359267,-0.0009081726796947278,0.17111748338102145,-0.002336456238145928,0.03294163105198472
2025-09-10,0.024207503164639318,0.4157261706807039,0.011963244863790076,0.8632333622653126,0.005678260502216782,0.10715801302295107,0.01042982768488219,0.10544056848430869,0.011995816652755446,0.20691179619661706,0.0102984517560543,0.2073009900568184,0.007781711606171688,0.14024602369874917,0.006892514394493198,0.09883576438804617,0.0027815852136472614,0.17085223678430878,0.0026992322728185032,0.034109570059768224
2025-09-11,0.01165801827195446,0.41652207435317684,0.023574775892528148,0.8640151857426368,0.0065790920704759505,0.10822973773855492,0.00693270803110067,0.10276311468633367,-0.0059455613720750256,0.20216260052031734,-0.002085409211353907,0.1968573473915554,-0.00999487700506761,0.13986146910468603,-0.0005744248036471028,0.08453460262214516,-0.003711582656265677,0.1719575986589812,-0.0018709955526176644,0.03186899932222763
2025-09-12,0.007559373745256849,0.41234856795773883,0.05780552741083573,0.8672537580506955,0.00194681554447934,0.10740464314296566,-0.0037345602901665918,0.10578785086068877,0.01380569784927655,0.2060830706926094,-0.006287510202663117,0.19930152362007733,0.0018817132504689717,0.1381454778434289,0.006759352320930364,0.08154607064007528,0.00586079359966747,0.1394585434048198,0.0024296934259076474,0.032677312256245206
2025-09-15,-0.005562485488802458,0.40911259533914834,-0.040671480627966695,0.8313380797821044,0.004805430353450719,0.0998933055007774,0.0055069566999920985,0.10421363233518308,0.0012414591736252193,0.20604895575446927,0.0021037285350109006,0.18788753644014208,0.0016203967822478764,0.13596752757548752,-0.0016756370927532526,0.08139851770964675,0.00905749524651411,0.13965027294512072,0.00010985262689107706,0.03217180006564755
2025-09-16,0.010295847051396537,0.3999239877888764,-0.006894359029667577,0.8217383311069058,-0.0030325281226161556,0.10108325066104532,-0.010394122219178752,0.11413555469178605,-0.002075198306203984,0.19049325480553803,-0.004875328298862091,0.17688223878399056,-0.0025611795944816217,0.1326897972675079,0.005010626337658802,0.08161682467013855,7.413008721038836e-05,0.14033604236856703,-0.0017437676892848846,0.03275670972833441
2025-09-17,-0.005926481587976701,0.37214665617501486,0.01689153374286683,0.8080861375887682,-0.0036852798787691,0.1021712903164714,-0.005051756369595585,0.11356583748965976,0.014963521834860202,0.19445900113520323,0.004207003307373089,0.1746027808654529,-0.011799876116281045,0.13830564642889462,0.0008903290099824567,0.08108394543167045,-0.004641148665054364,0.1360926750150216,-0.002714640800524672,0.033732786417367766
2025-09-18,0.006021944856166927,0.36768027750992754,-0.0003160554436522428,0.7846900731251084,0.005074625917752838,0.10219248904940617,0.007042911368761753,0.11418921940645894,-0.013752846871898126,0.19202692696899717,0.0023476877923160103,0.17275103722582713,-0.002578555563932929,0.12320673124720297,0.003975465536884498,0.07472422922463975,-0.010105202716417475,0.1447992593224366,0.00029693808104448385,0.03368850920153651
2025-09-19,-0.00907787759481892,0.34981150514727305,-0.02290512792335957,0.7576117409940271,0.00823722970484191,0.09799814963814708,0.01558755625297324,0.1170578896286046,0.003388574715513866,0.18998741431839167,0.004776253886118625,0.1577626391925525,0.011809095286186535,0.13062793518405702,-0.00044112998777330647,0.07493275412043678,0.010964368182000837,0.13899438957260418,0.0033637057673606367,0.033865507125398354
2025-09-22,-0.026966383015777577,0.3618848640306434,-0.06304592160600032,0.7651489894585096,0.0031785645525763476,0.09439828011830753,0.004449805321026049,0.11707955150508345,-0.009164472763161631,0.1934053424663579,-0.0033686544628643072,0.15694879726950559,0.007361997191446151,0.13151510413535417,-0.006157582909266507,0.07908202700571516,0.017450662563593716,0.14514296082114006,-0.0012217861621859573,0.032737557610312794
2025-09-23,-0.004204930152186693,0.35698685615905373,-0.006605655150667932,0.7597590264668279,-0.0031908653656823167,0.09302600140683344,0.0006363495654652059,0.11719194214377002,-0.005380302229072876,0.19489494399332324,0.013945064613544498,0.15761919830785195,0.004367063714315158,0.12239396170127688,0.0010222018562140798,0.0790802397695724,0.012936492852563673,0.14361033115696756,0.0023264864630573494,0.032954407664937506
2025-09-24,0.01735033748563989,0.33006962446951177,0.0027935036469760224,0.5724444032513631,0.0028361346232214464,0.07422988838492611,0.004746010962138176,0.10958110935487224,0.02012717589721066,0.20144745681592646,-0.0037843137731338725,0.1324991717510622,-0.0029216539926320817,0.12248527319114333,0.0012031220502055021,0.07573400521534243,-0.007224837159589036,0.14840300871646603,0.005686811788516805,0.03632463574115968
2025-09-25,-0.03882294130242621,0.2899340244782957,-0.07145108835365248,0.5214273116962245,-0.005352710401336958,0.07589662695619878,0.00293162709947959,0.09805729448705386,-0.0013068025204223896,0.1919618011403634,0.0006433371360017509,0.1283587861195715,0.0022883814739339528,0.12064631009384667,-0.006980065587835216,0.07981681519295193,0.0009541988441297196,0.1480984293338063,-0.0003310616588105777,0.03652130029391162
2025-09-26,0.006004362708464164,0.2833715118483939,0.042340454775754564,0.5062966239648143,0.005822526408318951,0.07474993727077088,0.004156095279311991,0.0939010951689287,-0.012988595344423644,0.19519951978504008,0.00722951550985176,0.1288323569995488,0.009171759226735927,0.12572449294571217,-0.009594693088988387,0.08324564233794407,0.010161535373906102,0.1487933975404336,-6.196272209462041e-05,0.03555104472604639
2025-09-29,0.04075276975771246,0.3164267351322,0.04289333000319497,0.5301248157068916,0.0015467204995122375,0.073177495411994,0.005765216958502436,0.09249169511824187,0.017374906377889663,0.1790651311314733,0.0010085590384846387,0.09872620955333769,0.00487546692985491,0.1270641394281106,-0.0018887241785475305,0.07787882940625077,0.010920751968417993,0.14753601080681258,-0.001085356760400325,0.03604452664282746
2025-09-30,-0.0027018540834753985,0.2826565729235266,-0.0167589939914834,0.520593539324569,0.004394765414272279,0.0661046071134933,0.000429443415267836,0.09286698265748364,0.009348271342278607,0.18020022249515083,-0.004226019793373155,0.10078786846467944,-0.005528646269158185,0.1274258035583715,-0.0006543459685224195,0.0762818554061459,0.0055069813438992175,0.1460715828806431,0.00031226180076434983,0.03573930957689547
2025-10-03,0.0696900259176136,0.3545955928326779,0.08541975089439122,0.6017529117584477,0.004254819524270466,0.06430868391873086,0.01822515973623264,0.1056400588032422,0.01067857470576657,0.17038517110887008,-0.011047548185206072,0.10958402919380354,0.013273875235286774,0.13332671328168386,0.011616299374001085,0.07748813175031488,0.010537630658038342,0.12669502472567126,0.0001769910747969089,0.03254576242168105
2025-10-06,0.02029661279879674,0.3585741526698959,0.03774871059236655,0.6076474043574029,0.0038078912364075974,0.06384537960086659,0.0024352311529363007,0.10509513815462772,-0.006779174613013346,0.17178706018156545,-0.004327675853145725,0.11090704842581771,0.0002566434608002962,0.1246442653964918,0.007508105636459022,0.07927964230642412,0.017462361378299984,0.13183829206687978,0.00016793195364493566,0.03252011297437723
2025-10-08,-0.011182210237921465,0.3601999740423581,-0.03467020391682747,0.6083009635985323,0.0020765750092237535,0.05908079783365678,-0.0017692677528485569,0.1061206126476644,-0.0044179028503454135,0.1659604806871233,-0.006562532340712287,0.11195192118308264,-0.00177386743906809,0.12326141591717261,-0.0011723738694331862,0.07963327474369254,0.02380995657347949,0.14002774530922102,8.451422188940061e-05,0.03249415573485947
2025-10-09,-0.013070594526203487,0.36563289969382284,-0.0352457733152265,0.622418907490905,-0.002369566139431864,0.05958552599851133,-0.007116321996972612,0.11100771057217393,-0.0026837577580195154,0.16120972754226903,-0.006169467620832089,0.10435202603795114,0.002260985590940267,0.11893669056186834,0.0057912115318917,0.08136198490941242,-0.02389295102673115,0.17143359075203948,0.0003898078408470515,0.03229117759399137
2025-10-10,-0.07132877809598598,0.44921972406665844,-0.127318364628588,0.7649182018194162,-0.026492931688895348,0.11573151586453129,-0.008358981555299941,0.11733528094137355,-0.016347467655416094,0.17258867623336768,0.001553724081651967,0.09671188618888091,0.003241125107167689,0.11575451792551682,0.005096662545974584,0.0825011407699989,0.008465713322050449,0.17181132284323775,0.0009930437510044785,0.03234082243315236
2025-10-14,-0.003102222694879132,0.4485243134006816,0.06865378296169834,0.8065211491100659,0.011656173013925283,0.12167186513051066,0.015883458034014645,0.12389849513274896,-0.03548770532753748,0.21246712179392196,0.020879407933675855,0.12108046735521133,-0.0012506940658827063,0.10241905190307919,-0.007802745617322448,0.08835858009162345,0.03787412451915747,0.20540495576667273,-0.002256538526066212,0.03225777898580241
2025-10-15,-0.019539357922693137,0.44564761981713913,-0.032688395269132656,0.8118017886316746,0.005341138871633055,0.1215253144766216,0.011047062315012353,0.12436530109933916,0.018900049302666325,0.2188891936934306,0.01098202150304472,0.12177910774315828,0.014674377548700495,0.11022045304139581,0.008379089943152512,0.0897684946653125,0.010510765533558722,0.20541538700606818,0.0013232203682051226,0.031344645629959894
2025-10-16,-0.034742343026618654,0.4578090564870998,-0.03454354197402969,0.8120449996151587,-0.017334138518580972,0.13584227846370567,-0.016785352961307023,0.14158909862213376,-0.011705564384177134,0.22164990982697727,-0.019748586608072487,0.14093027378814002,-0.0050063445182453575,0.10468619096092201,-0.0007366835696345193,0.08980535653440104,0.01341060364095943,0.20291487197082683,-0.011019858243439025,0.04988244222301584
2025-10-17,-0.013948429376655832,0.4574727638409438,-0.014036526304451225,0.7776593969054254,0.007318284373219184,0.13798616461921034,-0.00950604206631213,0.14596709575522107,-0.023568164416170555,0.22877485569184025,0.00889958274545276,0.14225307970619172,-0.0020903102323636233,0.10568010333435843,0.006917583846257713,0.08993569498593651,-0.019261528683584748,0.22330245122247422,0.0020614104286929284,0.049659948493314246
2025-10-20,0.038109287247808564,0.48036504359183135,0.03807192132112752,0.7863439106374494,0.010747509831639244,0.1418451194539129,0.008160928361619841,0.1470791402100349,0.02359763602512787,0.24569598310401283,0.0014416677100773292,0.14218858171373858,0.001219019098395888,0.10570214978358168,0.00530320455872836,0.09059873193239379,0.034499429987119655,0.24355254178093197,0.0001317856954950601,0.04966145054698568
2025-10-21,-0.020673524045780902,0.4821946246992729,-0.027862687156549108,0.78990048911025,-0.0013579979558675343,0.14140689359974293,-0.017669448810154347,0.15666604829128747,0.005208072550043148,0.2466994293683041,-0.011271189313562755,0.14697008372384493,0.0032934248191094115,0.10454841663595654,-0.0004064216012985162,0.08974203640453947,-0.060452729412334406,0.33884806318101324,-0.0013906938722846314,0.049533447643813955
2025-10-23,0.01298601545920539,0.4855185379659525,-0.00695447834603733,0.7850147928028678,-0.001132221607483287,0.14066430666107,0.005158764563998952,0.1551247436159324,-0.003552702971255151,0.2398924832975214,0.015401645686681637,0.15553568283781857,-0.004374079814529107,0.09477182905361602,-0.0007098472695286974,0.08994692885821319,0.0076139051226781435,0.33722097365135006,-0.001590866694753615,0.04894458106069931
2025-10-24,0.009162649147324016,0.4863562367286526,0.020604655163556952,0.7910526227793069,0.00831229683730667,0.14231026213406103,0.0057940468247455815,0.1546895769846202,0.00799410555701007,0.23810021251462046,0.00047053773549791576,0.15544928777431788,-0.004901688174841545,0.09666420763084486,-0.0032834425553519156,0.09039962473020886,-0.0012815749927109661,0.3334934988669632,0.0004409348620619599,0.04896102819772689
2025-10-27,0.027978366687312885,0.49698030314106373,0.04665134155443355,0.810343843697117,0.012784626232652238,0.14602262636999766,-0.0014942917575705415,0.1470596096248035,0.010661755956837196,0.24102675637641238,0.007009773484048141,0.15635967112103935,0.0016788262686017476,0.0903968158951734,0.007172925620355022,0.09308206818282969,-0.028126005861584962,0.35274377556509856,0.000569484905272829,0.047423561014046656
2025-10-28,-0.005779102789417088,0.4882978691424197,-0.029566957486465765,0.7876372822300428,0.006751051799624937,0.14712858245489757,0.009064422674512658,0.1491621612744084,0.0009032334270285664,0.23895563238558476,0.004803078519850405,0.15610913566995877,-0.004065251582942081,0.09038059889779954,0.003315421809738807,0.0896479178799832,-0.004495057484702578,0.35030408104392025,0.0044657212973950805,0.04991349581066485
2025-10-30,-0.04064458118004318,0.5083027719856907,-0.04429946517523756,0.8008252766860656,-0.00859890738892521,0.15043290235897414,-0.010132421333219337,0.1545261926061608,-0.0005477414991904003,0.23816272530274865,0.007632049417271967,0.15111370190009193,-0.015564476302190435,0.10690438299324394,-0.0008534075379749711,0.08999104662726772,0.010209738603705689,0.34944147880109705,0.00139886324034254,0.049485861552743066
2025-10-31,0.014745763822571012,0.5071592810600586,0.014427520934417522,0.8031337693006649,0.005879303544169202,0.1512195314361031,0.008819088251748307,0.15640361082501966,-0.011398300650881137,0.22991840529634652,0.0128666157229107,0.15543012293677524,0.005524219385844148,0.10758232164508189,-0.0027720433537677504,0.09111591069960806,-0.001520099759407888,0.3479506337509585,0.003264802626285912,0.04662088862205948
2025-11-03,-0.026257808065576833,0.4973450800036637,-0.06415131389086388,0.7957436390936403,0.003307642426538333,0.14935737451863929,0.004514486692020298,0.15672119505203813,0.011467332286493976,0.23409462957854318,0.006305976141999663,0.1561425869027754,0.005114878083033512,0.10851024332708746,0.0031908032597050707,0.08636270126994472,0.0061233608070653395,0.3480292611655274,0.0015884084296202555,0.04697031351235326
2025-11-04,-0.0482267990336385,0.5224231241754205,-0.09049095163170298,0.8317734341893293,-0.012392191888357532,0.1562653196268568,-0.01429844360844245,0.16524255741313612,-0.008345225608016,0.23154598098998772,-0.0025978155437784093,0.1557487752246809,-0.00903869488917392,0.10946533058796,-0.007038300041552852,0.08254246435092133,-0.013822193536362997,0.35191583289692624,-0.0005859414960308033,0.047013832789227876
2025-11-06,-0.0047294610562417586,0.4968018712843516,0.004081965254078865,0.8114584334189863,-0.00947257672517474,0.16028438953271945,0.00449751003478664,0.16478056477679018,0.01884310893201747,0.23301842285905602,0.016145933887626744,0.16366774446493088,0.004949804027863797,0.10950660188244918,-0.005320164178372106,0.08526501470276607,0.00624521045573444,0.3508101342562185,-0.0018783398861397292,0.04731809653819107
2025-11-07,0.021549049322083656,0.5057632170311673,0.03778460451316467,0.8288726227281845,0.0025711697008425783,0.15982929576001026,0.0034421800424963627,0.16513393145080082,-0.00784479351906983,0.23161459970032397,0.004327426318650044,0.16203998217087237,-0.0017427439317526346,0.10783150214561657,0.0006278584157043437,0.08495351585623284,0.006197779989200534,0.3509083461114564,0.0013101233533494869,0.04754390978260662
2025-11-10,0.024899728540918698,0.44261146138586954,0.037860394355294126,0.7752715606190265,0.015114458422477972,0.16748504159795305,0.008429489267090357,0.15504286862150232,0.015347025595020701,0.23515944964105398,0.004061522996369633,0.15413196536217508,0.0039360167172526415,0.0980514502015904,0.003044236087587003,0.07712178778515714,0.027547347605144573,0.36098040730797354,-0.00016916828102379135,0.04754124311509074
2025-11-11,-0.02814885485120175,0.4369755822045625,-0.04332029478429141,0.7614726615503297,0.002626891578032411,0.16726642706296385,0.0023028926884073684,0.15501741316734222,0.0018916081411123108,0.2343639123262568,0.008718469395903901,0.15247129620427732,-0.0058003677681010704,0.09994282568045826,0.005258254963410987,0.0751911269119314,-0.0006630608272145278,0.35709306226634946,0.0005536916256403941,0.047580591408685084
2025-11-12,-0.015755135197025177,0.4375316230715022,-0.003356840261162278,0.7590526152950311,-0.0020866694284035693,0.16746583994311084,0.01025404202367403,0.1588372960413074,0.005514848969074268,0.23481197504253026,-0.007049966985167054,0.1529076948935212,-0.00408316471783787,0.10064227486282204,0.004297766486316524,0.07545603974152365,0.020771495301205305,0.354887736726024,-0.002715988554348163,0.04848712702019121
2025-11-13,-0.018084529460255433,0.4384115618657232,-0.052843709293517185,0.7677722509549622,-0.015255238114597844,0.176009966535749,-0.017818812934889846,0.16934374735185317,0.006872170188060827,0.23579524213117248,0.002348539126399139,0.14853199989933105,-0.004868795522518293,0.10114225884852203,0.0015696546346706513,0.07376100405246235,-0.002730779244792775,0.3430226195842072,0.0014402135163300597,0.04876974278674127
2025-11-14,-0.05211907437793057,0.4083494720702098,-0.038209019424940927,0.6567278227655886,0.002001945287389075,0.14750509223834604,0.0067789683135516835,0.16797244738009598,-0.016084212380409475,0.235561294705638,0.007150780272360459,0.1484283750356278,-0.01003985614792495,0.10467259720385665,0.003697110947435149,0.07298523883101408,-0.021498758573354038,0.35227859649098797,0.0025037967586608472,0.04947148018187417
2025-11-17,-0.02622023809868433,0.41220385160007744,-0.02737494241760413,0.592562956473186,-0.010715521313470597,0.1480246864377909,-0.011032215076947094,0.16329698923164468,-0.008552393975529156,0.19956740272940116,-0.006421562134999805,0.14087744719688533,-0.0019036005868699885,0.10467393605598826,0.0024717040231864535,0.06541631965974534,-0.006243814283967324,0.32678279237264013,-0.001511023419165453,0.04911415047571584
2025-11-18,0.008721239564793502,0.4153885389324352,0.0315087981076839,0.609591652600554,-0.008810643842681275,0.1499490105564211,0.00046080408122158294,0.15789433670078926,-0.017579081804484985,0.19995003320338223,0.0028566099142710265,0.13815560524404408,-0.013893723618069571,0.09513993407317321,-0.004502661440863883,0.0638596916760534,-0.0022420363518546997,0.3241930188007513,-0.0005199339985118998,0.04890733731205656
2025-11-19,-0.016975208683309925,0.4056574533715289,-0.03340704998432461,0.6090678847175549,0.0028539767537645554,0.1370869377695468,0.0024629121511222395,0.14738099472712854,-0.003421548184155862,0.1958790822084368,-0.009711517670607381,0.12057263988393903,-0.005909119062067766,0.09543838987456628,0.004595720001482811,0.06468652491608995,0.003137129586366324,0.32020208427333463,-0.0008928309835008625,0.028816850175761726
2025-11-21,-0.07072185188820262,0.46079514300334495,-0.08745186949680017,0.6633522007946709,-0.0043868413590252425,0.1357388030671536,0.005190909278302352,0.14430667385432908,-0.02247296509645381,0.19422362332829632,-0.00038472550900169196,0.11961431747142545,0.006990098721279337,0.10149529660078913,0.002122553869026321,0.06145965110565441,0.0012825153522649337,0.31401927693615744,0.0015277817156980117,0.028487434430170468
2025-11-24,0.04725186896583261,0.4738006936648757,0.0759938490217622,0.7128536789054959,0.025911615868755268,0.15910474328766933,0.025408118212960677,0.1663559064150329,0.02990457819161907,0.2046614022918537,0.02684479497351005,0.14498338469078037,0.021385304828729388,0.13074827725819305,0.006386150599750993,0.06251225978936276,0.014284357331972605,0.2923447047158903,0.010562796969673556,0.045303976738086525
2025-11-25,-0.016015590504153486,0.47273466060159997,-0.0036718283750270747,0.7115732099588966,0.003581772453433968,0.15923459670208692,0.0052170768418458874,0.15146468507514438,0.0013732516468237756,0.20402845884396623,-0.004213555745951747,0.13731441118690357,-0.004570315483783968,0.12988521718971177,-0.008320790773886618,0.07041044546935682,0.006054080090919853,0.20097684035033972,-0.005439113547399092,0.049802186979573
2025-11-26,0.03575399579920862,0.49262443594529876,0.023379835980966227,0.7220718541711183,0.0069143773220219735,0.16037789606262448,0.008557049364706673,0.1526620461220279,0.0005167746596896494,0.20349058144998308,0.015479346960987092,0.13739167977162192,0.007443530351183948,0.13351912119337292,0.012337164060750297,0.08082624799429382,0.006293168815303861,0.20050375597166706,3.140788587227993e-05,0.049182502851279085
2025-11-28,0.006818965772800273,0.49162835667847843,0.00388244892522392,0.7152121904797049,0.007740313779861786,0.1600738604199848,0.003455266310669915,0.15227669689400028,0.000159760974096115,0.2017625522485861,0.0011838314460212614,0.13714341332566876,-0.006789326833039672,0.13430106669582825,0.002310086273709418,0.0791049302839406,0.015067642855122599,0.20586543308961017,0.002399826438724609,0.04948988738354946
2025-12-01,-0.05205804775295099,0.49463347190750606,-0.07980160896893633,0.7196831718961858,-0.0055031872448516915,0.1559575348103356,-0.013203482735131266,0.16135130425658034,0.007336166271399185,0.19994025317418537,-0.006809440250459825,0.142384354730565,-0.008227264462982243,0.13573434716221522,-0.0012041988907283258,0.07696193979172203,0.004800319722494746,0.17435163757074648,-0.00016563849879571387,0.049608250821783585
2025-12-02,0.05955683615191731,0.5539980830753959,0.07117422509053888,0.7805637135752316,0.005390063477550312,0.15532726389362234,0.003434505337036068,0.15942031334345427,0.005745777511175233,0.20086105479787153,0.02227304504271868,0.15588126934715815,0.0057416854917053325,0.13804912191067562,-0.0025633640714842576,0.07761805703469381,-0.00957330091699201,0.17815445421547782,0.002935842281613691,0.04846048698728872
2025-12-03,0.02695042184482374,0.5553926617068751,0.06598039029637034,0.8170756920822394,0.006367520354077402,0.15313899407688414,0.0047933797689469915,0.15368485249647354,-0.009990279551502121,0.20406938548887166,0.0019761004325793505,0.15582232207903107,0.0006689785154306363,0.12830946979542804,0.0016158880054029043,0.07737788732986929,0.006420986050295456,0.17678647347864432,0.003392159832991917,0.049284427572670146
2025-12-04,-0.012118857977662765,0.5504344295979937,-0.015289302657028955,0.8134930911116105,0.0038928536002436694,0.1524997500337371,0.011756200257799915,0.15554164254877062,0.009444795723676876,0.20220913992598566,0.01557356868849126,0.15791293569114778,0.000755796769726976,0.12643530169092965,0.004648956598813785,0.07704304531201012,0.005785380057623627,0.176170536653203,0.002813114888269287,0.049028550954734164
2025-12-05,-0.034055130913160314,0.5544439608391233,-0.03939957896563139,0.7966709179049923,-0.001777302052805462,0.1525205689425154,-0.008533119109909207,0.16002076301501614,0.001830616000258939,0.19862248373134794,-0.047158854109431464,0.23881659950069914,-0.0020456604744701246,0.12452862642001561,0.002136227470412005,0.07681902796044514,-0.003450910848518225,0.17748265252767267,-0.003712070937484904,0.05136199946627562
2025-12-08,0.015044434959268226,0.5394289756538416,0.033904363325203406,0.7490224368829153,-0.0023530025156506514,0.1454695528771585,-0.012397719058502102,0.15770334503473554,-0.010920923035443323,0.20026131137748718,0.030284544170828494,0.25709171880359116,-0.004429281842980024,0.121909817368174,-0.007533650617113116,0.07751587064085533,-0.00498861122494255,0.16936566629174227,0.001130312815997036,0.05122100370299025
2025-12-09,0.0245136513836786,0.5488947313241881,0.06293538510789941,0.7819064112706657,0.0012557155244674065,0.14023134651899177,0.005556813456729547,0.15795135140146754,-0.011260012075502214,0.1922771546631536,-0.0006612534662278056,0.25339697217852636,-0.0011201835436421993,0.11993167178453552,-0.002535500412096174,0.0750729693261789,0.00677869801934727,0.1694865575196694,0.002132458685480855,0.05060968167702338
2025-12-10,-0.00962995741978981,0.541622813040491,-0.0010806899756324597,0.7703525602434158,0.00435975608598607,0.1405107458599215,0.0052385737392484305,0.15826312875402382,0.002060087555936267,0.1909278228778059,0.004810120748008251,0.2534370120173932,-0.0051876387339892535,0.12066266950355618,-0.005532015150974146,0.07886042765610207,-0.004818671742138308,0.1715426431724555,-0.0023671245731540147,0.051767737832048785
2025-12-11,0.003936065697353163,0.5318825442536783,-0.028301357899281218,0.7624776469526984,0.0006982875729219428,0.13186542718849478,-6.147380906160283e-05,0.15678193472316934,-0.002202646895562318,0.1819433468649955,0.0063642027072408625,0.2536940193836774,-0.0049446355117264765,0.11951807316769902,0.00406284986682126,0.0792455596616877,0.019631335342247012,0.15897381024907886,-0.001378904410794982,0.052180839999307845
2025-12-12,-0.019411615164423284,0.5281199492806782,-0.04327131898094369,0.7624458709766537,-0.005611107170830409,0.1337235926198364,-0.00010328839306850821,0.1569063988509605,0.022819482514205416,0.20026462185187688,0.0031424122400723507,0.25285026397301,0.018714895296740735,0.13825428271697016,0.010823442356805824,0.08496980506592541,0.008510875884208926,0.1597929173621548,0.005109806287724064,0.05446063774915737
2025-12-15,-0.040009630278976346,0.5406142802499685,-0.03609840412294558,0.7704736642750115,0.00198569780455827,0.13340225455776772,0.0016133124669540982,0.1537855407069446,-0.009610949375573979,0.20146377464283385,0.016547589673780463,0.2545273312170041,-0.000946271670951206,0.13773510351484977,0.002828905052831061,0.08450509364361933,0.005117230688430967,0.14652272494735588,0.0035835366963951187,0.05366943260013144
2025-12-16,0.018550242510774282,0.5456909128163834,0.002203764303527383,0.751295934716779,-0.0001822584327434442,0.11996916146063136,-0.004690193550832852,0.1392886190339045,-0.013556246161602878,0.2036384458616467,-0.02300240167029781,0.2710616238289702,-0.0011569778808307536,0.13689250864752445,-0.0042402863909736495,0.0867262119168655,0.001693497746247372,0.1454184861698651,0.0022045055756961273,0.05379157300982907
2025-12-17,-0.01765190290009842,0.5205706494876544,-0.04393526270800335,0.7549330652179388,-0.009766926470615401,0.12623655107501852,0.0004963715165558938,0.1382119548178217,0.010828229014362943,0.20171165934778412,0.011206223787021154,0.2722671949498736,0.0014733309672108025,0.1324690941713672,0.00028496101759940373,0.0862548448245573,0.011832910271184768,0.11974532084384897,0.0018929301407561053,0.05364057130189445
2025-12-18,-0.013841756764764726,0.515422267051067,-0.007434057762360211,0.750046305607475,0.002000923253482629,0.11878120671099968,0.0021997901211809738,0.13034988794791358,-0.004835069386688814,0.20032606507125295,-0.00012567126291994677,0.2704285580156556,-0.0006416263877591525,0.13230090757275514,-0.006018230540787987,0.08934064034635816,-0.007743861411135215,0.12147280762447536,-0.005902028266996582,0.05831740000926771
2025-12-19,0.028685234106125744,0.5255068491595503,0.05025365719910951,0.7633829045265528,0.007031486559546778,0.1137814430635197,0.007724451457425468,0.13153018493725027,0.005995561780173209,0.19169650454368423,0.0022359918558564076,0.27044603437194514,0.000249021021488656,0.12204856037625764,0.004078434950682995,0.08815440676513873,0.0032860293810302037,0.11938861082705206,-0.0017479208622820865,0.05885237008419675
2025-12-22,-0.0032486053719289966,0.5226185487175348,0.0017653187504568875,0.7544738634971039,-0.001211533026555551,0.1144467786467622,0.0010011260686525669,0.13164357680807048,-0.0032926468623846136,0.19166410121516259,-0.00637315328774086,0.2686893743754003,0.0019815335863854026,0.11959403416653137,0.0002746220997909376,0.0871779893752196,0.011269410189526137,0.12172802563213078,-0.0076274036021173495,0.06561814623646671
2025-12-23,-0.011855900637116943,0.4597120374153402,-0.01392795252433854,0.6867042259382099,0.004918441362624835,0.11220967916370082,-0.0008132744291934805,0.13174441913273233,-0.0008356257544485915,0.17275193588659998,0.023925657693628227,0.2775458587882814,0.004063967901014363,0.11823297278290988,0.0005598467427115317,0.0870382268852398,0.008936283805143838,0.12195181277119739,0.00037837431583652605,0.0655212456789153
2025-12-29,-0.0006483817253889781,0.4289143509038552,-0.007265960646572527,0.6349976041941516,0.0019261200463015396,0.07371804615221308,-0.008421731456206808,0.10641024243321444,-0.004064626307883554,0.1391960838092461,-0.005809386361979383,0.2672096219145913,-0.0138082123929033,0.10403225877569645,-0.006507402642704983,0.08785441369020502,-0.03330013504099095,0.1758441837522513,0.002512388502646436,0.05501510148967776
2025-12-30,0.015504854360968162,0.4284560899181136,0.013275472365563479,0.636538812164461,-0.0005898576984764693,0.07365544659565629,0.0012182500078306944,0.1051228622834774,0.009584262566767547,0.14315366657575224,0.009523360121916145,0.2668403207550964,0.00257440779360364,0.1035467510534218,0.0006614697155562511,0.08238265740550471,0.011137386956719725,0.17791966763911857,0.0007867565521771712,0.05120727941284232
